Date,Time PST,Air Temp °F, 2<sup>nd</sup> Air Temp °F, Dew Point °F, Rel Hum %, Leaf Wet u., Wind Dir @ Speed mph, Wind Gust mph, 8 in. Soil Tmp °F, Tot Prec in, Solar Rad W/m²,Location,Station ID,Station Name,Download Timestamp
2008-06-27,00:15,65.4,,47.2,51.7,0.0,SE@3.2,5.7,78.7,0.0,0,"Badger Canyon, Benton County",300027,Badger Canyon,2017-12-15 02:51:23.749104
2008-06-27,00:30,64.8,,47.5,53.4,0.0,SE@1.8,3.1,78.5,0.0,0,"Badger Canyon, Benton County",300027,Badger Canyon,2017-12-15 02:51:23.749104
2008-06-27,00:45,63.8,,47.2,54.8,0.0,SE@2.0,5.7,78.3,0.0,0,"Badger Canyon, Benton County",300027,Badger Canyon,2017-12-15 02:51:23.749104
2008-06-27,01:00,62.9,,47.0,56.0,0.0,SE@4.8,7.8,78.1,0.0,0,"Badger Canyon, Benton County",300027,Badger Canyon,2017-12-15 02:51:23.749104
2008-06-27,01:15,62.7,,47.3,57.2,0.0,S@2.9,4.9,77.9,0.0,0,"Badger Canyon, Benton County",300027,Badger Canyon,2017-12-15 02:51:23.749104
2008-06-27,01:30,61.9,,47.6,59.3,0.01,S@1.5,4.9,77.7,0.0,0,"Badger Canyon, Benton County",300027,Badger Canyon,2017-12-15 02:51:23.749104
2008-06-27,01:45,61.5,,47.3,59.4,0.01,SE@2.0,3.5,77.5,0.0,0,"Badger Canyon, Benton County",300027,Badger Canyon,2017-12-15 02:51:23.749104
2008-06-27,02:00,61.5,,47.4,59.7,0.01,SE@1.6,4.2,77.3,0.0,0,"Badger Canyon, Benton County",300027,Badger Canyon,2017-12-15 02:51:23.749104
2008-06-27,02:15,60.9,,47.3,60.8,0.01,SE@2.0,3.9,77.1,0.0,0,"Badger Canyon, Benton County",300027,Badger Canyon,2017-12-15 02:51:23.749104
2008-06-27,02:30,60.7,,47.5,61.6,0.01,SE@0.7,3.5,76.9,0.0,0,"Badger Canyon, Benton County",300027,Badger Canyon,2017-12-15 02:51:23.749104
2008-06-27,02:45,59.8,,47.1,62.8,0.01,SE@2.1,4.2,76.7,0.0,0,"Badger Canyon, Benton County",300027,Badger Canyon,2017-12-15 02:51:23.749104
2008-06-27,03:00,60.1,,47.0,61.9,0.01,SE@4.1,6.7,76.5,0.0,0,"Badger Canyon, Benton County",300027,Badger Canyon,2017-12-15 02:51:23.749104
2008-06-27,03:15,60.3,,47.0,61.5,0.01,SE@2.8,6.4,76.3,0.0,0,"Badger Canyon, Benton County",300027,Badger Canyon,2017-12-15 02:51:23.749104
2008-06-27,03:30,59.1,,47.3,64.8,0.01,SE@1.4,5.7,76.1,0.0,0,"Badger Canyon, Benton County",300027,Badger Canyon,2017-12-15 02:51:23.749104
2008-06-27,03:45,59.1,,47.2,64.5,0.01,S@1.3,4.2,75.9,0.0,0,"Badger Canyon, Benton County",300027,Badger Canyon,2017-12-15 02:51:23.749104
2008-06-27,04:00,58.7,,47.1,65.1,0.01,E@1.8,5.3,75.7,0.0,1,"Badger Canyon, Benton County",300027,Badger Canyon,2017-12-15 02:51:23.749104
2008-06-27,04:15,58.1,,46.8,65.9,0.01,SE@1.9,3.9,75.5,0.0,4,"Badger Canyon, Benton County",300027,Badger Canyon,2017-12-15 02:51:23.749104
2008-06-27,04:30,58.0,,46.7,65.9,0.01,SE@3.1,5.3,75.3,0.0,9,"Badger Canyon, Benton County",300027,Badger Canyon,2017-12-15 02:51:23.749104
2008-06-27,04:45,58.0,,47.2,67.3,0.01,SE@0.9,3.9,75.1,0.0,13,"Badger Canyon, Benton County",300027,Badger Canyon,2017-12-15 02:51:23.749104
2008-06-27,05:00,56.8,,47.9,71.8,0.02,N@0.0,0.0,74.9,0.0,17,"Badger Canyon, Benton County",300027,Badger Canyon,2017-12-15 02:51:23.749104
2008-06-27,05:15,56.7,,47.8,72.0,0.02,N@0.0,0.0,74.8,0.0,21,"Badger Canyon, Benton County",300027,Badger Canyon,2017-12-15 02:51:23.749104
2008-06-27,05:30,56.8,,48.0,72.4,0.02,S@1.9,3.1,74.6,0.0,23,"Badger Canyon, Benton County",300027,Badger Canyon,2017-12-15 02:51:23.749104
2008-06-27,05:45,58.4,,47.8,67.8,0.01,S@0.1,2.4,74.4,0.0,26,"Badger Canyon, Benton County",300027,Badger Canyon,2017-12-15 02:51:23.749104
2008-06-27,06:00,59.7,,47.7,64.4,0.01,N@0.0,0.0,74.2,0.0,29,"Badger Canyon, Benton County",300027,Badger Canyon,2017-12-15 02:51:23.749104
2008-06-27,06:15,61.7,,48.3,61.3,0.01,N@0.0,0.0,74.0,0.0,183,"Badger Canyon, Benton County",300027,Badger Canyon,2017-12-15 02:51:23.749104
2008-06-27,06:30,65.1,,49.7,57.2,0.0,NE@2.0,4.2,73.9,0.0,283,"Badger Canyon, Benton County",300027,Badger Canyon,2017-12-15 02:51:23.749104
2008-06-27,06:45,67.1,,49.7,53.5,0.0,W@1.6,3.9,73.7,0.0,325,"Badger Canyon, Benton County",300027,Badger Canyon,2017-12-15 02:51:23.749104
2008-06-27,07:00,68.8,,48.8,48.8,0.0,S@1.8,3.5,73.5,0.0,367,"Badger Canyon, Benton County",300027,Badger Canyon,2017-12-15 02:51:23.749104
2008-06-27,07:15,69.9,,48.0,45.7,0.0,S@3.1,5.7,73.4,0.0,409,"Badger Canyon, Benton County",300027,Badger Canyon,2017-12-15 02:51:23.749104
2008-06-27,07:30,70.3,,46.8,43.1,0.0,SE@3.7,5.7,73.3,0.0,451,"Badger Canyon, Benton County",300027,Badger Canyon,2017-12-15 02:51:23.749104
2008-06-27,07:45,70.4,,47.2,43.6,0.0,E@4.1,7.8,73.1,0.0,491,"Badger Canyon, Benton County",300027,Badger Canyon,2017-12-15 02:51:23.749104
2008-06-27,08:00,71.0,,47.4,43.0,0.0,SW@4.1,6.7,73.0,0.0,532,"Badger Canyon, Benton County",300027,Badger Canyon,2017-12-15 02:51:23.749104
2008-06-27,08:15,71.6,,46.9,41.2,0.0,SW@4.1,6.7,72.9,0.0,571,"Badger Canyon, Benton County",300027,Badger Canyon,2017-12-15 02:51:23.749104
2008-06-27,08:30,72.5,,47.0,40.2,0.0,SW@3.6,6.0,72.9,0.0,609,"Badger Canyon, Benton County",300027,Badger Canyon,2017-12-15 02:51:23.749104
2008-06-27,08:45,73.2,,47.0,39.3,0.0,SE@3.6,6.7,72.9,0.0,644,"Badger Canyon, Benton County",300027,Badger Canyon,2017-12-15 02:51:23.749104
2008-06-27,09:00,73.9,,47.7,39.3,0.0,S@3.8,7.1,72.9,0.0,678,"Badger Canyon, Benton County",300027,Badger Canyon,2017-12-15 02:51:23.749104
2008-06-27,09:15,74.6,,46.8,37.3,0.0,SW@3.7,7.1,72.9,0.0,712,"Badger Canyon, Benton County",300027,Badger Canyon,2017-12-15 02:51:23.749104
2008-06-27,09:30,75.2,,46.7,36.4,0.0,SE@4.7,8.2,73.0,0.0,744,"Badger Canyon, Benton County",300027,Badger Canyon,2017-12-15 02:51:23.749104
2008-06-27,09:45,76.0,,45.8,34.2,0.0,SE@4.6,8.5,73.1,0.0,773,"Badger Canyon, Benton County",300027,Badger Canyon,2017-12-15 02:51:23.749104
2008-06-27,10:00,76.3,,45.4,33.3,0.0,SE@3.4,7.1,73.2,0.0,793,"Badger Canyon, Benton County",300027,Badger Canyon,2017-12-15 02:51:23.749104
2008-06-27,10:15,77.2,,45.7,32.7,0.0,SE@4.0,8.2,73.4,0.0,822,"Badger Canyon, Benton County",300027,Badger Canyon,2017-12-15 02:51:23.749104
2008-06-27,10:30,77.2,,45.8,33.0,0.0,W@4.4,8.5,73.6,0.0,824,"Badger Canyon, Benton County",300027,Badger Canyon,2017-12-15 02:51:23.749104
2008-06-27,10:45,78.0,,46.3,32.6,0.0,W@4.5,7.1,73.8,0.0,860,"Badger Canyon, Benton County",300027,Badger Canyon,2017-12-15 02:51:23.749104
2008-06-27,11:00,78.3,,46.4,32.5,0.0,S@4.7,9.6,74.1,0.0,878,"Badger Canyon, Benton County",300027,Badger Canyon,2017-12-15 02:51:23.749104
2008-06-27,11:15,79.7,,46.5,31.0,0.0,SW@4.8,8.5,74.4,0.0,894,"Badger Canyon, Benton County",300027,Badger Canyon,2017-12-15 02:51:23.749104
2008-06-27,11:30,79.3,,45.9,30.7,0.0,S@4.8,9.2,74.7,0.0,903,"Badger Canyon, Benton County",300027,Badger Canyon,2017-12-15 02:51:23.749104
2008-06-27,11:45,79.9,,46.8,31.3,0.0,SW@3.9,7.4,75.0,0.0,913,"Badger Canyon, Benton County",300027,Badger Canyon,2017-12-15 02:51:23.749104
2008-06-27,12:00,81.0,,47.2,30.6,0.0,W@4.7,8.2,75.3,0.0,913,"Badger Canyon, Benton County",300027,Badger Canyon,2017-12-15 02:51:23.749104
2008-06-27,12:15,81.4,,46.8,29.7,0.0,SE@4.6,8.9,75.7,0.0,922,"Badger Canyon, Benton County",300027,Badger Canyon,2017-12-15 02:51:23.749104
2008-06-27,12:30,82.0,,47.4,29.8,0.0,SW@5.2,9.6,76.1,0.0,920,"Badger Canyon, Benton County",300027,Badger Canyon,2017-12-15 02:51:23.749104
2008-06-27,12:45,82.6,,48.1,30.0,0.0,SW@5.5,9.6,76.5,0.0,914,"Badger Canyon, Benton County",300027,Badger Canyon,2017-12-15 02:51:23.749104
2008-06-27,13:00,83.2,,47.4,28.6,0.0,S@5.4,11.0,76.8,0.0,909,"Badger Canyon, Benton County",300027,Badger Canyon,2017-12-15 02:51:23.749104
2008-06-27,13:15,83.3,,47.0,28.1,0.0,S@5.0,9.2,77.2,0.0,898,"Badger Canyon, Benton County",300027,Badger Canyon,2017-12-15 02:51:23.749104
2008-06-27,13:30,83.0,,46.5,27.9,0.0,SW@5.7,10.7,77.4,0.0,884,"Badger Canyon, Benton County",300027,Badger Canyon,2017-12-15 02:51:23.749104
2008-06-27,13:45,83.8,,47.3,28.0,0.0,S@6.4,9.2,77.7,0.0,862,"Badger Canyon, Benton County",300027,Badger Canyon,2017-12-15 02:51:23.749104
2008-06-27,14:00,84.2,,47.5,27.9,0.0,S@6.1,9.6,78.0,0.0,846,"Badger Canyon, Benton County",300027,Badger Canyon,2017-12-15 02:51:23.749104
2008-06-27,14:15,84.6,,48.2,28.3,0.0,W@5.9,9.2,78.2,0.0,825,"Badger Canyon, Benton County",300027,Badger Canyon,2017-12-15 02:51:23.749104
2008-06-27,14:30,84.2,,47.4,27.8,0.0,SE@6.0,10.7,78.5,0.0,799,"Badger Canyon, Benton County",300027,Badger Canyon,2017-12-15 02:51:23.749104
2008-06-27,14:45,84.7,,47.8,27.8,0.0,S@6.0,10.3,78.8,0.0,772,"Badger Canyon, Benton County",300027,Badger Canyon,2017-12-15 02:51:23.749104
2008-06-27,15:00,85.3,,46.5,25.9,0.0,SW@5.8,11.0,79.1,0.0,744,"Badger Canyon, Benton County",300027,Badger Canyon,2017-12-15 02:51:23.749104
2008-06-27,15:15,85.3,,45.7,25.2,0.0,S@5.5,11.0,79.5,0.0,712,"Badger Canyon, Benton County",300027,Badger Canyon,2017-12-15 02:51:23.749104
2008-06-27,15:30,86.1,,45.6,24.5,0.0,SW@6.1,11.4,79.8,0.0,678,"Badger Canyon, Benton County",300027,Badger Canyon,2017-12-15 02:51:23.749104
2008-06-27,15:45,86.4,,46.0,24.5,0.0,S@6.6,11.4,80.1,0.0,642,"Badger Canyon, Benton County",300027,Badger Canyon,2017-12-15 02:51:23.749104
2008-06-27,16:00,86.6,,46.0,24.4,0.0,S@6.3,10.3,80.5,0.0,606,"Badger Canyon, Benton County",300027,Badger Canyon,2017-12-15 02:51:23.749104
2008-06-27,16:15,86.8,,45.7,24.0,0.0,SE@6.3,13.9,80.8,0.0,566,"Badger Canyon, Benton County",300027,Badger Canyon,2017-12-15 02:51:23.749104
2008-06-27,16:30,87.0,,45.3,23.5,0.0,S@5.5,12.8,81.2,0.0,527,"Badger Canyon, Benton County",300027,Badger Canyon,2017-12-15 02:51:23.749104
2008-06-27,16:45,87.4,,46.3,24.1,0.0,S@6.5,10.7,81.5,0.0,485,"Badger Canyon, Benton County",300027,Badger Canyon,2017-12-15 02:51:23.749104
2008-06-27,17:00,87.6,,46.3,23.9,0.0,E@6.6,12.1,81.8,0.0,443,"Badger Canyon, Benton County",300027,Badger Canyon,2017-12-15 02:51:23.749104
2008-06-27,17:15,87.8,,47.4,24.8,0.0,S@6.1,9.6,82.0,0.0,400,"Badger Canyon, Benton County",300027,Badger Canyon,2017-12-15 02:51:23.749104
2008-06-27,17:30,87.4,,47.2,24.9,0.0,SE@6.4,9.9,82.3,0.0,355,"Badger Canyon, Benton County",300027,Badger Canyon,2017-12-15 02:51:23.749104
2008-06-27,17:45,86.9,,48.0,26.0,0.0,S@5.8,8.9,82.5,0.0,311,"Badger Canyon, Benton County",300027,Badger Canyon,2017-12-15 02:51:23.749104
2008-06-27,18:00,86.9,,47.4,25.5,0.0,SW@5.2,8.5,82.7,0.0,268,"Badger Canyon, Benton County",300027,Badger Canyon,2017-12-15 02:51:23.749104
2008-06-27,18:15,86.8,,46.2,24.4,0.0,W@5.3,8.9,82.9,0.0,227,"Badger Canyon, Benton County",300027,Badger Canyon,2017-12-15 02:51:23.749104
2008-06-27,18:30,86.7,,45.7,24.1,0.0,SW@4.7,7.8,83.0,0.0,186,"Badger Canyon, Benton County",300027,Badger Canyon,2017-12-15 02:51:23.749104
2008-06-27,18:45,87.0,,45.3,23.5,0.0,SW@3.8,6.4,83.1,0.0,121,"Badger Canyon, Benton County",300027,Badger Canyon,2017-12-15 02:51:23.749104
2008-06-27,19:00,86.1,,43.4,22.5,0.0,W@3.5,5.7,83.2,0.0,30,"Badger Canyon, Benton County",300027,Badger Canyon,2017-12-15 02:51:23.749104
2008-06-27,19:15,85.5,,43.7,23.1,0.0,W@2.4,4.2,83.3,0.0,23,"Badger Canyon, Benton County",300027,Badger Canyon,2017-12-15 02:51:23.749104
2008-06-27,19:30,83.7,,46.9,27.8,0.0,S@0.1,1.7,83.3,0.0,18,"Badger Canyon, Benton County",300027,Badger Canyon,2017-12-15 02:51:23.749104
2008-06-27,19:45,82.4,,46.2,28.1,0.0,S@0.9,3.9,83.3,0.0,11,"Badger Canyon, Benton County",300027,Badger Canyon,2017-12-15 02:51:23.749104
2008-06-27,20:00,81.2,,44.1,27.1,0.0,SE@2.9,5.7,83.4,0.0,5,"Badger Canyon, Benton County",300027,Badger Canyon,2017-12-15 02:51:23.749104
2008-06-27,20:15,79.7,,45.0,29.3,0.0,S@1.2,3.1,83.3,0.0,1,"Badger Canyon, Benton County",300027,Badger Canyon,2017-12-15 02:51:23.749104
2008-06-27,20:30,76.5,,43.9,31.3,0.0,E@2.7,4.6,83.2,0.0,0,"Badger Canyon, Benton County",300027,Badger Canyon,2017-12-15 02:51:23.749104
2008-06-27,20:45,75.4,,43.5,31.9,0.0,E@3.0,4.2,83.2,0.0,0,"Badger Canyon, Benton County",300027,Badger Canyon,2017-12-15 02:51:23.749104
2008-06-27,21:00,74.2,,44.1,34.0,0.0,E@2.6,4.2,83.1,0.0,0,"Badger Canyon, Benton County",300027,Badger Canyon,2017-12-15 02:51:23.749104
2008-06-27,21:15,73.8,,43.6,33.9,0.0,E@2.6,4.2,83.0,0.0,0,"Badger Canyon, Benton County",300027,Badger Canyon,2017-12-15 02:51:23.749104
2008-06-27,21:30,72.9,,43.4,34.6,0.0,E@3.2,5.7,82.8,0.0,0,"Badger Canyon, Benton County",300027,Badger Canyon,2017-12-15 02:51:23.749104
2008-06-27,21:45,72.6,,43.3,34.8,0.0,E@4.3,6.0,82.7,0.0,0,"Badger Canyon, Benton County",300027,Badger Canyon,2017-12-15 02:51:23.749104
2008-06-27,22:00,72.6,,43.2,34.7,0.0,SE@4.1,6.4,82.5,0.0,0,"Badger Canyon, Benton County",300027,Badger Canyon,2017-12-15 02:51:23.749104
2008-06-27,22:15,72.0,,43.3,35.6,0.0,SE@2.8,4.6,82.3,0.0,0,"Badger Canyon, Benton County",300027,Badger Canyon,2017-12-15 02:51:23.749104
2008-06-27,22:30,69.7,,45.1,41.1,0.0,S@1.7,3.5,82.1,0.0,0,"Badger Canyon, Benton County",300027,Badger Canyon,2017-12-15 02:51:23.749104
2008-06-27,22:45,70.1,,43.5,38.2,0.0,SE@2.7,3.9,81.9,0.0,0,"Badger Canyon, Benton County",300027,Badger Canyon,2017-12-15 02:51:23.749104
2008-06-27,23:00,70.5,,46.3,42.0,0.0,S@0.2,2.8,81.7,0.0,0,"Badger Canyon, Benton County",300027,Badger Canyon,2017-12-15 02:51:23.749104
2008-06-28,23:15,67.6,,45.9,45.6,0.0,N@0.0,0.0,81.5,0.0,0,"Badger Canyon, Benton County",300027,Badger Canyon,2017-12-15 02:51:23.749104
2008-06-28,23:30,69.4,,43.8,39.5,0.0,SE@2.4,3.9,81.3,0.0,0,"Badger Canyon, Benton County",300027,Badger Canyon,2017-12-15 02:51:23.749104
2008-06-28,23:45,69.1,,43.5,39.6,0.0,SE@3.2,4.6,81.1,0.0,0,"Badger Canyon, Benton County",300027,Badger Canyon,2017-12-15 02:51:23.749104
2008-06-28,24:00,68.9,,45.9,43.6,0.0,SE@2.2,5.7,80.9,0.0,0,"Badger Canyon, Benton County",300027,Badger Canyon,2017-12-15 02:51:23.749104
2008-06-28,00:15,67.3,,45.0,44.7,0.0,SE@2.4,5.7,80.7,0.0,0,"Badger Canyon, Benton County",300027,Badger Canyon,2017-12-15 02:51:23.749104
2008-06-28,00:30,68.7,,45.3,43.0,0.0,S@1.5,4.2,80.5,0.0,0,"Badger Canyon, Benton County",300027,Badger Canyon,2017-12-15 02:51:23.749104
2008-06-28,00:45,67.1,,45.3,45.4,0.0,SE@2.9,5.3,80.3,0.0,0,"Badger Canyon, Benton County",300027,Badger Canyon,2017-12-15 02:51:23.749104
2008-06-28,01:00,68.8,,45.0,42.3,0.0,SE@3.3,4.6,80.1,0.0,0,"Badger Canyon, Benton County",300027,Badger Canyon,2017-12-15 02:51:23.749104
2008-06-28,01:15,65.5,,45.7,48.7,0.0,S@2.2,4.6,79.9,0.0,0,"Badger Canyon, Benton County",300027,Badger Canyon,2017-12-15 02:51:23.749104
2008-06-28,01:30,67.4,,44.7,44.0,0.0,SE@3.6,4.9,79.6,0.0,0,"Badger Canyon, Benton County",300027,Badger Canyon,2017-12-15 02:51:23.749104
2008-06-28,01:45,65.6,,47.3,51.6,0.0,S@1.8,4.6,79.4,0.0,0,"Badger Canyon, Benton County",300027,Badger Canyon,2017-12-15 02:51:23.749104
2008-06-28,02:00,63.0,,47.1,56.2,0.01,SE@0.2,3.5,79.2,0.0,0,"Badger Canyon, Benton County",300027,Badger Canyon,2017-12-15 02:51:23.749104
2008-06-28,02:15,64.8,,45.8,50.1,0.0,S@1.3,4.9,79.0,0.0,0,"Badger Canyon, Benton County",300027,Badger Canyon,2017-12-15 02:51:23.749104
2008-06-28,02:30,64.9,,45.8,50.0,0.0,S@2.2,4.2,78.8,0.0,0,"Badger Canyon, Benton County",300027,Badger Canyon,2017-12-15 02:51:23.749104
2008-06-28,02:45,66.0,,46.1,48.7,0.0,S@1.0,3.9,78.6,0.0,0,"Badger Canyon, Benton County",300027,Badger Canyon,2017-12-15 02:51:23.749104
2008-06-28,03:00,63.2,,46.7,54.8,0.0,S@1.3,3.9,78.4,0.0,0,"Badger Canyon, Benton County",300027,Badger Canyon,2017-12-15 02:51:23.749104
2008-06-28,03:15,64.4,,47.4,54.0,0.01,S@1.4,3.9,78.2,0.0,0,"Badger Canyon, Benton County",300027,Badger Canyon,2017-12-15 02:51:23.749104
2008-06-28,03:30,65.0,,47.8,53.5,0.01,S@1.0,2.8,78.0,0.0,0,"Badger Canyon, Benton County",300027,Badger Canyon,2017-12-15 02:51:23.749104
2008-06-28,03:45,62.0,,47.7,59.3,0.01,SW@1.0,2.8,77.8,0.0,0,"Badger Canyon, Benton County",300027,Badger Canyon,2017-12-15 02:51:23.749104
2008-06-28,04:00,62.2,,47.3,58.0,0.01,S@1.7,3.9,77.6,0.0,1,"Badger Canyon, Benton County",300027,Badger Canyon,2017-12-15 02:51:23.749104
2008-06-28,04:15,64.7,,46.6,51.8,0.0,S@2.5,4.2,77.4,0.0,4,"Badger Canyon, Benton County",300027,Badger Canyon,2017-12-15 02:51:23.749104
2008-06-28,04:30,64.1,,46.7,53.2,0.0,S@2.7,3.9,77.2,0.0,9,"Badger Canyon, Benton County",300027,Badger Canyon,2017-12-15 02:51:23.749104
2008-06-28,04:45,65.1,,46.7,51.4,0.0,S@1.8,3.5,77.0,0.0,14,"Badger Canyon, Benton County",300027,Badger Canyon,2017-12-15 02:51:23.749104
2008-06-28,05:00,63.2,,47.3,56.0,0.01,S@0.5,3.1,76.8,0.0,19,"Badger Canyon, Benton County",300027,Badger Canyon,2017-12-15 02:51:23.749104
2008-06-28,05:15,63.0,,47.1,55.9,0.01,S@2.4,3.9,76.6,0.0,22,"Badger Canyon, Benton County",300027,Badger Canyon,2017-12-15 02:51:23.749104
2008-06-28,05:30,64.3,,47.3,53.9,0.0,S@2.7,3.9,76.4,0.0,26,"Badger Canyon, Benton County",300027,Badger Canyon,2017-12-15 02:51:23.749104
2008-06-28,05:45,64.8,,47.9,54.2,0.0,S@3.2,4.6,76.2,0.0,29,"Badger Canyon, Benton County",300027,Badger Canyon,2017-12-15 02:51:23.749104
2008-06-28,06:00,65.3,,48.6,54.7,0.0,S@2.1,3.5,76.0,0.0,32,"Badger Canyon, Benton County",300027,Badger Canyon,2017-12-15 02:51:23.749104
2008-06-28,06:15,66.1,,49.4,54.8,0.0,S@1.1,2.4,75.9,0.0,181,"Badger Canyon, Benton County",300027,Badger Canyon,2017-12-15 02:51:23.749104
2008-06-28,06:30,69.0,,49.8,50.2,0.0,SE@1.0,4.2,75.7,0.0,286,"Badger Canyon, Benton County",300027,Badger Canyon,2017-12-15 02:51:23.749104
2008-06-28,06:45,70.2,,49.0,46.8,0.0,S@2.8,6.7,75.5,0.0,329,"Badger Canyon, Benton County",300027,Badger Canyon,2017-12-15 02:51:23.749104
2008-06-28,07:00,71.2,,48.9,45.2,0.0,SE@4.1,6.4,75.4,0.0,371,"Badger Canyon, Benton County",300027,Badger Canyon,2017-12-15 02:51:23.749104
2008-06-28,07:15,71.9,,49.3,44.7,0.0,W@4.9,8.5,75.2,0.0,413,"Badger Canyon, Benton County",300027,Badger Canyon,2017-12-15 02:51:23.749104
2008-06-28,07:30,72.2,,49.1,44.0,0.0,SW@5.8,9.2,75.0,0.0,455,"Badger Canyon, Benton County",300027,Badger Canyon,2017-12-15 02:51:23.749104
2008-06-28,07:45,72.2,,49.4,44.4,0.0,S@4.6,7.8,74.9,0.0,496,"Badger Canyon, Benton County",300027,Badger Canyon,2017-12-15 02:51:23.749104
2008-06-28,08:00,73.4,,50.0,43.7,0.0,W@3.4,6.0,74.8,0.0,535,"Badger Canyon, Benton County",300027,Badger Canyon,2017-12-15 02:51:23.749104
2008-06-28,08:15,74.5,,50.4,42.6,0.0,S@2.6,5.7,74.7,0.0,575,"Badger Canyon, Benton County",300027,Badger Canyon,2017-12-15 02:51:23.749104
2008-06-28,08:30,76.0,,50.4,40.7,0.0,SE@3.3,6.0,74.7,0.0,612,"Badger Canyon, Benton County",300027,Badger Canyon,2017-12-15 02:51:23.749104
2008-06-28,08:45,76.5,,50.1,39.5,0.0,E@4.9,8.9,74.6,0.0,648,"Badger Canyon, Benton County",300027,Badger Canyon,2017-12-15 02:51:23.749104
2008-06-28,09:00,77.2,,50.8,39.6,0.0,SE@4.8,7.8,74.6,0.0,683,"Badger Canyon, Benton County",300027,Badger Canyon,2017-12-15 02:51:23.749104
2008-06-28,09:15,78.6,,51.5,38.8,0.0,SE@4.9,9.9,74.7,0.0,716,"Badger Canyon, Benton County",300027,Badger Canyon,2017-12-15 02:51:23.749104
2008-06-28,09:30,80.2,,52.1,37.7,0.0,S@5.1,8.2,74.7,0.0,746,"Badger Canyon, Benton County",300027,Badger Canyon,2017-12-15 02:51:23.749104
2008-06-28,09:45,81.2,,52.0,36.2,0.0,S@4.8,8.9,74.8,0.0,776,"Badger Canyon, Benton County",300027,Badger Canyon,2017-12-15 02:51:23.749104
2008-06-28,10:00,83.0,,51.3,33.4,0.0,S@5.4,9.2,74.9,0.0,800,"Badger Canyon, Benton County",300027,Badger Canyon,2017-12-15 02:51:23.749104
2008-06-28,10:15,84.0,,51.1,32.2,0.0,SE@4.3,9.6,75.1,0.0,826,"Badger Canyon, Benton County",300027,Badger Canyon,2017-12-15 02:51:23.749104
2008-06-28,10:30,85.3,,51.4,31.2,0.0,SE@4.0,9.2,75.3,0.0,848,"Badger Canyon, Benton County",300027,Badger Canyon,2017-12-15 02:51:23.749104
2008-06-28,10:45,86.5,,50.8,29.3,0.0,SW@4.8,8.5,75.5,0.0,866,"Badger Canyon, Benton County",300027,Badger Canyon,2017-12-15 02:51:23.749104
2008-06-28,11:00,86.8,,50.6,28.8,0.0,S@4.9,9.9,75.7,0.0,885,"Badger Canyon, Benton County",300027,Badger Canyon,2017-12-15 02:51:23.749104
2008-06-28,11:15,87.9,,50.5,27.7,0.0,SE@4.3,8.9,76.0,0.0,899,"Badger Canyon, Benton County",300027,Badger Canyon,2017-12-15 02:51:23.749104
2008-06-28,11:30,88.7,,52.1,28.7,0.0,S@4.4,9.2,76.3,0.0,905,"Badger Canyon, Benton County",300027,Badger Canyon,2017-12-15 02:51:23.749104
2008-06-28,11:45,89.4,,53.0,29.1,0.0,SW@5.4,9.9,76.6,0.0,915,"Badger Canyon, Benton County",300027,Badger Canyon,2017-12-15 02:51:23.749104
2008-06-28,12:00,90.2,,53.5,28.8,0.0,S@5.2,13.5,76.9,0.0,920,"Badger Canyon, Benton County",300027,Badger Canyon,2017-12-15 02:51:23.749104
2008-06-28,12:15,90.9,,53.5,28.2,0.0,S@6.0,10.3,77.3,0.0,923,"Badger Canyon, Benton County",300027,Badger Canyon,2017-12-15 02:51:23.749104
2008-06-28,12:30,92.1,,53.1,26.7,0.0,S@6.2,12.1,77.7,0.0,922,"Badger Canyon, Benton County",300027,Badger Canyon,2017-12-15 02:51:23.749104
2008-06-28,12:45,92.3,,52.5,26.0,0.0,S@6.1,9.9,78.1,0.0,918,"Badger Canyon, Benton County",300027,Badger Canyon,2017-12-15 02:51:23.749104
2008-06-28,13:00,92.5,,51.9,25.2,0.0,SW@5.8,12.4,78.4,0.0,908,"Badger Canyon, Benton County",300027,Badger Canyon,2017-12-15 02:51:23.749104
2008-06-28,13:15,93.5,,52.2,24.7,0.0,SW@5.1,9.6,78.8,0.0,897,"Badger Canyon, Benton County",300027,Badger Canyon,2017-12-15 02:51:23.749104
2008-06-28,13:30,94.0,,51.4,23.7,0.0,S@5.2,9.9,79.1,0.0,885,"Badger Canyon, Benton County",300027,Badger Canyon,2017-12-15 02:51:23.749104
2008-06-28,13:45,94.7,,51.4,23.1,0.0,SW@5.1,9.2,79.4,0.0,869,"Badger Canyon, Benton County",300027,Badger Canyon,2017-12-15 02:51:23.749104
2008-06-28,14:00,94.9,,50.8,22.6,0.0,S@5.1,10.7,79.7,0.0,850,"Badger Canyon, Benton County",300027,Badger Canyon,2017-12-15 02:51:23.749104
2008-06-28,14:15,95.2,,50.7,22.3,0.0,S@6.1,10.7,79.9,0.0,830,"Badger Canyon, Benton County",300027,Badger Canyon,2017-12-15 02:51:23.749104
2008-06-28,14:30,96.1,,50.5,21.5,0.0,S@5.3,9.6,80.2,0.0,804,"Badger Canyon, Benton County",300027,Badger Canyon,2017-12-15 02:51:23.749104
2008-06-28,14:45,96.2,,49.9,20.9,0.0,S@5.6,9.2,80.5,0.0,775,"Badger Canyon, Benton County",300027,Badger Canyon,2017-12-15 02:51:23.749104
2008-06-28,15:00,97.3,,50.5,20.7,0.0,S@4.8,8.2,80.8,0.0,745,"Badger Canyon, Benton County",300027,Badger Canyon,2017-12-15 02:51:23.749104
2008-06-28,15:15,97.3,,50.5,20.7,0.0,W@5.5,10.3,81.2,0.0,713,"Badger Canyon, Benton County",300027,Badger Canyon,2017-12-15 02:51:23.749104
2008-06-28,15:30,97.9,,50.7,20.5,0.0,SW@4.9,9.2,81.5,0.0,681,"Badger Canyon, Benton County",300027,Badger Canyon,2017-12-15 02:51:23.749104
2008-06-28,15:45,97.9,,50.8,20.6,0.0,W@5.5,9.6,81.9,0.0,645,"Badger Canyon, Benton County",300027,Badger Canyon,2017-12-15 02:51:23.749104
2008-06-28,16:00,98.5,,50.9,20.2,0.0,SW@5.3,8.9,82.3,0.0,606,"Badger Canyon, Benton County",300027,Badger Canyon,2017-12-15 02:51:23.749104
2008-06-28,16:15,98.6,,50.4,19.8,0.0,S@5.4,9.6,82.6,0.0,566,"Badger Canyon, Benton County",300027,Badger Canyon,2017-12-15 02:51:23.749104
2008-06-28,16:30,98.2,,50.1,19.9,0.0,SW@5.4,9.2,83.0,0.0,500,"Badger Canyon, Benton County",300027,Badger Canyon,2017-12-15 02:51:23.749104
2008-06-28,16:45,98.2,,49.6,19.5,0.0,W@4.8,8.2,83.3,0.0,485,"Badger Canyon, Benton County",300027,Badger Canyon,2017-12-15 02:51:23.749104
2008-06-28,17:00,98.6,,49.3,19.1,0.0,SW@5.2,8.9,83.6,0.0,442,"Badger Canyon, Benton County",300027,Badger Canyon,2017-12-15 02:51:23.749104
2008-06-28,17:15,98.4,,48.8,18.8,0.0,SW@5.0,9.6,83.9,0.0,398,"Badger Canyon, Benton County",300027,Badger Canyon,2017-12-15 02:51:23.749104
2008-06-28,17:30,98.7,,48.1,18.1,0.0,S@5.3,7.4,84.2,0.0,355,"Badger Canyon, Benton County",300027,Badger Canyon,2017-12-15 02:51:23.749104
2008-06-28,17:45,98.6,,47.5,17.8,0.0,S@5.0,7.8,84.4,0.0,311,"Badger Canyon, Benton County",300027,Badger Canyon,2017-12-15 02:51:23.749104
2008-06-28,18:00,98.6,,47.8,18.0,0.0,SE@4.5,6.7,84.7,0.0,269,"Badger Canyon, Benton County",300027,Badger Canyon,2017-12-15 02:51:23.749104
2008-06-28,18:15,98.2,,49.4,19.3,0.0,S@5.1,8.2,84.9,0.0,226,"Badger Canyon, Benton County",300027,Badger Canyon,2017-12-15 02:51:23.749104
2008-06-28,18:30,97.4,,50.4,20.6,0.0,SW@4.3,7.8,85.0,0.0,184,"Badger Canyon, Benton County",300027,Badger Canyon,2017-12-15 02:51:23.749104
2008-06-28,18:45,96.7,,50.4,21.0,0.0,SW@4.4,6.4,85.2,0.0,118,"Badger Canyon, Benton County",300027,Badger Canyon,2017-12-15 02:51:23.749104
2008-06-28,19:00,95.6,,49.9,21.3,0.0,S@4.3,6.7,85.3,0.0,34,"Badger Canyon, Benton County",300027,Badger Canyon,2017-12-15 02:51:23.749104
2008-06-28,19:15,95.0,,49.2,21.2,0.0,SE@3.8,5.3,85.4,0.0,25,"Badger Canyon, Benton County",300027,Badger Canyon,2017-12-15 02:51:23.749104
2008-06-28,19:30,94.2,,50.0,22.4,0.0,S@2.3,5.3,85.5,0.0,19,"Badger Canyon, Benton County",300027,Badger Canyon,2017-12-15 02:51:23.749104
2008-06-28,19:45,91.5,,50.7,24.9,0.0,SE@1.0,3.9,85.6,0.0,12,"Badger Canyon, Benton County",300027,Badger Canyon,2017-12-15 02:51:23.749104
2008-06-28,20:00,90.8,,49.9,24.8,0.0,SE@3.4,5.3,85.6,0.0,5,"Badger Canyon, Benton County",300027,Badger Canyon,2017-12-15 02:51:23.749104
2008-06-28,20:15,87.8,,50.9,28.2,0.0,S@2.8,5.7,85.6,0.0,1,"Badger Canyon, Benton County",300027,Badger Canyon,2017-12-15 02:51:23.749104
2008-06-28,20:30,87.8,,49.5,26.8,0.0,S@2.0,4.6,85.6,0.0,0,"Badger Canyon, Benton County",300027,Badger Canyon,2017-12-15 02:51:23.749104
2008-06-28,20:45,86.6,,49.6,27.9,0.0,S@3.1,6.4,85.5,0.0,0,"Badger Canyon, Benton County",300027,Badger Canyon,2017-12-15 02:51:23.749104
2008-06-28,21:00,85.3,,49.6,29.1,0.0,S@2.1,4.9,85.4,0.0,0,"Badger Canyon, Benton County",300027,Badger Canyon,2017-12-15 02:51:23.749104
2008-06-28,21:15,83.8,,49.6,30.6,0.0,S@2.5,4.9,85.3,0.0,0,"Badger Canyon, Benton County",300027,Badger Canyon,2017-12-15 02:51:23.749104
2008-06-28,21:30,83.2,,49.6,31.2,0.0,SE@3.4,7.1,85.2,0.0,0,"Badger Canyon, Benton County",300027,Badger Canyon,2017-12-15 02:51:23.749104
2008-06-28,21:45,82.0,,49.6,32.4,0.0,S@2.0,3.5,85.0,0.0,0,"Badger Canyon, Benton County",300027,Badger Canyon,2017-12-15 02:51:23.749104
2008-06-28,22:00,81.1,,48.7,32.3,0.0,S@1.7,3.9,84.9,0.0,0,"Badger Canyon, Benton County",300027,Badger Canyon,2017-12-15 02:51:23.749104
2008-06-28,22:15,80.5,,48.7,33.0,0.0,S@3.3,5.7,84.7,0.0,0,"Badger Canyon, Benton County",300027,Badger Canyon,2017-12-15 02:51:23.749104
2008-06-28,22:30,80.9,,47.7,31.2,0.0,S@2.7,4.6,84.6,0.0,0,"Badger Canyon, Benton County",300027,Badger Canyon,2017-12-15 02:51:23.749104
2008-06-28,22:45,81.1,,47.7,31.0,0.0,S@2.8,4.9,84.4,0.0,0,"Badger Canyon, Benton County",300027,Badger Canyon,2017-12-15 02:51:23.749104
2008-06-28,23:00,80.9,,47.1,30.6,0.0,S@2.9,4.2,84.2,0.0,0,"Badger Canyon, Benton County",300027,Badger Canyon,2017-12-15 02:51:23.749104
2008-06-29,23:15,81.1,,47.2,30.5,0.0,S@1.7,3.9,84.0,0.0,0,"Badger Canyon, Benton County",300027,Badger Canyon,2017-12-15 02:51:23.749104
2008-06-29,23:30,80.6,,47.1,30.9,0.0,S@2.2,3.5,83.8,0.0,0,"Badger Canyon, Benton County",300027,Badger Canyon,2017-12-15 02:51:23.749104
2008-06-29,23:45,79.4,,47.6,32.6,0.0,SE@0.8,2.8,83.6,0.0,0,"Badger Canyon, Benton County",300027,Badger Canyon,2017-12-15 02:51:23.749104
2008-06-29,24:00,77.6,,47.7,34.9,0.0,S@1.5,3.9,83.4,0.0,0,"Badger Canyon, Benton County",300027,Badger Canyon,2017-12-15 02:51:23.749104
2008-06-29,00:15,77.2,,48.2,35.9,0.0,S@1.6,3.1,83.2,0.0,0,"Badger Canyon, Benton County",300027,Badger Canyon,2017-12-15 02:51:23.749104
2008-06-29,00:30,76.4,,48.4,37.3,0.0,S@1.8,3.9,83.0,0.0,0,"Badger Canyon, Benton County",300027,Badger Canyon,2017-12-15 02:51:23.749104
2008-06-29,00:45,76.0,,49.0,38.6,0.0,S@0.9,2.8,82.8,0.0,0,"Badger Canyon, Benton County",300027,Badger Canyon,2017-12-15 02:51:23.749104
2008-06-29,01:00,75.3,,49.3,40.0,0.0,S@1.2,3.1,82.6,0.0,0,"Badger Canyon, Benton County",300027,Badger Canyon,2017-12-15 02:51:23.749104
2008-06-29,01:15,73.6,,49.4,42.4,0.0,S@0.6,2.8,82.4,0.0,0,"Badger Canyon, Benton County",300027,Badger Canyon,2017-12-15 02:51:23.749104
2008-06-29,01:30,73.7,,49.5,42.4,0.0,S@1.2,3.1,82.2,0.0,0,"Badger Canyon, Benton County",300027,Badger Canyon,2017-12-15 02:51:23.749104
2008-06-29,01:45,72.6,,49.5,44.0,0.0,S@2.0,4.2,82.0,0.0,0,"Badger Canyon, Benton County",300027,Badger Canyon,2017-12-15 02:51:23.749104
2008-06-29,02:00,72.6,,48.4,42.4,0.0,S@1.7,3.9,81.8,0.0,0,"Badger Canyon, Benton County",300027,Badger Canyon,2017-12-15 02:51:23.749104
2008-06-29,02:15,73.7,,47.9,40.0,0.0,S@3.6,4.6,81.6,0.0,0,"Badger Canyon, Benton County",300027,Badger Canyon,2017-12-15 02:51:23.749104
2008-06-29,02:30,73.4,,47.9,40.4,0.0,S@2.2,3.9,81.3,0.0,0,"Badger Canyon, Benton County",300027,Badger Canyon,2017-12-15 02:51:23.749104
2008-06-29,02:45,71.7,,48.3,43.4,0.0,S@2.1,3.5,81.1,0.0,0,"Badger Canyon, Benton County",300027,Badger Canyon,2017-12-15 02:51:23.749104
2008-06-29,03:00,71.0,,48.5,44.8,0.0,S@2.0,3.5,80.9,0.0,0,"Badger Canyon, Benton County",300027,Badger Canyon,2017-12-15 02:51:23.749104
2008-06-29,03:15,71.7,,48.3,43.4,0.0,SE@1.7,3.9,80.7,0.0,0,"Badger Canyon, Benton County",300027,Badger Canyon,2017-12-15 02:51:23.749104
2008-06-29,03:30,71.3,,48.5,44.4,0.0,NE@1.8,4.6,80.5,0.0,0,"Badger Canyon, Benton County",300027,Badger Canyon,2017-12-15 02:51:23.749104
2008-06-29,03:45,70.0,,50.4,49.6,0.0,SE@2.7,4.6,80.3,0.0,0,"Badger Canyon, Benton County",300027,Badger Canyon,2017-12-15 02:51:23.749104
2008-06-29,04:00,67.7,,48.4,50.1,0.0,SE@2.1,4.6,80.1,0.0,1,"Badger Canyon, Benton County",300027,Badger Canyon,2017-12-15 02:51:23.749104
2008-06-29,04:15,67.6,,48.7,50.8,0.0,S@2.0,4.6,79.9,0.0,4,"Badger Canyon, Benton County",300027,Badger Canyon,2017-12-15 02:51:23.749104
2008-06-29,04:30,67.8,,47.6,48.3,0.0,SE@2.7,4.9,79.7,0.0,10,"Badger Canyon, Benton County",300027,Badger Canyon,2017-12-15 02:51:23.749104
2008-06-29,04:45,68.9,,48.3,47.9,0.0,S@2.2,3.5,79.5,0.0,15,"Badger Canyon, Benton County",300027,Badger Canyon,2017-12-15 02:51:23.749104
2008-06-29,05:00,69.4,,47.9,46.1,0.0,SE@1.8,3.1,79.3,0.0,20,"Badger Canyon, Benton County",300027,Badger Canyon,2017-12-15 02:51:23.749104
2008-06-29,05:15,72.4,,47.6,41.4,0.0,E@2.1,3.5,79.2,0.0,25,"Badger Canyon, Benton County",300027,Badger Canyon,2017-12-15 02:51:23.749104
2008-06-29,05:30,69.6,,50.3,50.4,0.0,S@1.5,3.5,79.0,0.0,29,"Badger Canyon, Benton County",300027,Badger Canyon,2017-12-15 02:51:23.749104
2008-06-29,05:45,67.1,,50.0,54.0,0.0,SE@0.0,1.4,78.8,0.0,33,"Badger Canyon, Benton County",300027,Badger Canyon,2017-12-15 02:51:23.749104
2008-06-29,06:00,68.4,,49.1,50.0,0.0,N@0.0,0.0,78.6,0.0,36,"Badger Canyon, Benton County",300027,Badger Canyon,2017-12-15 02:51:23.749104
2008-06-29,06:15,70.0,,50.7,50.3,0.0,E@0.7,2.8,78.4,0.0,171,"Badger Canyon, Benton County",300027,Badger Canyon,2017-12-15 02:51:23.749104
2008-06-29,06:30,73.3,,52.9,48.8,0.0,S@1.5,4.6,78.3,0.0,279,"Badger Canyon, Benton County",300027,Badger Canyon,2017-12-15 02:51:23.749104
2008-06-29,06:45,74.4,,51.5,44.5,0.0,S@3.0,6.0,78.1,0.0,321,"Badger Canyon, Benton County",300027,Badger Canyon,2017-12-15 02:51:23.749104
2008-06-29,07:00,76.9,,49.6,38.3,0.0,SW@3.6,5.3,78.0,0.0,364,"Badger Canyon, Benton County",300027,Badger Canyon,2017-12-15 02:51:23.749104
2008-06-29,07:15,77.8,,50.0,37.7,0.0,SW@3.2,5.7,77.8,0.0,406,"Badger Canyon, Benton County",300027,Badger Canyon,2017-12-15 02:51:23.749104
2008-06-29,07:30,78.5,,49.9,36.7,0.0,SE@1.9,4.9,77.6,0.0,447,"Badger Canyon, Benton County",300027,Badger Canyon,2017-12-15 02:51:23.749104
2008-06-29,07:45,79.8,,50.1,35.3,0.0,SE@4.8,7.8,77.5,0.0,489,"Badger Canyon, Benton County",300027,Badger Canyon,2017-12-15 02:51:23.749104
2008-06-29,08:00,80.9,,51.3,35.7,0.0,S@4.8,7.8,77.4,0.0,529,"Badger Canyon, Benton County",300027,Badger Canyon,2017-12-15 02:51:23.749104
2008-06-29,08:15,80.9,,51.1,35.4,0.0,S@5.3,7.8,77.3,0.0,568,"Badger Canyon, Benton County",300027,Badger Canyon,2017-12-15 02:51:23.749104
2008-06-29,08:30,82.2,,51.1,33.9,0.0,S@4.5,6.7,77.3,0.0,604,"Badger Canyon, Benton County",300027,Badger Canyon,2017-12-15 02:51:23.749104
2008-06-29,08:45,83.7,,51.2,32.6,0.0,S@4.9,7.4,77.2,0.0,640,"Badger Canyon, Benton County",300027,Badger Canyon,2017-12-15 02:51:23.749104
2008-06-29,09:00,84.3,,51.4,32.1,0.0,S@4.2,7.1,77.2,0.0,674,"Badger Canyon, Benton County",300027,Badger Canyon,2017-12-15 02:51:23.749104
2008-06-29,09:15,85.0,,52.3,32.5,0.0,SE@3.8,7.8,77.2,0.0,706,"Badger Canyon, Benton County",300027,Badger Canyon,2017-12-15 02:51:23.749104
2008-06-29,09:30,85.3,,52.2,32.0,0.0,S@4.4,7.8,77.3,0.0,735,"Badger Canyon, Benton County",300027,Badger Canyon,2017-12-15 02:51:23.749104
2008-06-29,09:45,86.2,,51.1,29.9,0.0,SE@4.9,9.6,77.4,0.0,763,"Badger Canyon, Benton County",300027,Badger Canyon,2017-12-15 02:51:23.749104
2008-06-29,10:00,87.0,,48.8,26.8,0.0,SE@5.1,9.2,77.5,0.0,791,"Badger Canyon, Benton County",300027,Badger Canyon,2017-12-15 02:51:23.749104
2008-06-29,10:15,87.8,,50.4,27.8,0.0,SE@5.4,9.2,77.6,0.0,812,"Badger Canyon, Benton County",300027,Badger Canyon,2017-12-15 02:51:23.749104
2008-06-29,10:30,88.3,,50.9,27.8,0.0,SE@5.1,8.9,77.8,0.0,830,"Badger Canyon, Benton County",300027,Badger Canyon,2017-12-15 02:51:23.749104
2008-06-29,10:45,89.0,,51.3,27.5,0.0,S@5.2,8.5,78.0,0.0,852,"Badger Canyon, Benton County",300027,Badger Canyon,2017-12-15 02:51:23.749104
2008-06-29,11:00,90.0,,51.7,27.2,0.0,S@3.9,7.8,78.2,0.0,868,"Badger Canyon, Benton County",300027,Badger Canyon,2017-12-15 02:51:23.749104
2008-06-29,11:15,91.0,,51.7,26.2,0.0,S@4.0,7.1,78.5,0.0,882,"Badger Canyon, Benton County",300027,Badger Canyon,2017-12-15 02:51:23.749104
2008-06-29,11:30,92.2,,50.4,24.1,0.0,SE@4.9,7.8,78.7,0.0,894,"Badger Canyon, Benton County",300027,Badger Canyon,2017-12-15 02:51:23.749104
2008-06-29,11:45,92.4,,50.9,24.4,0.0,S@4.3,9.6,79.0,0.0,903,"Badger Canyon, Benton County",300027,Badger Canyon,2017-12-15 02:51:23.749104
2008-06-29,12:00,93.3,,50.4,23.3,0.0,SE@5.0,9.6,79.3,0.0,909,"Badger Canyon, Benton County",300027,Badger Canyon,2017-12-15 02:51:23.749104
2008-06-29,12:15,94.0,,51.3,23.6,0.0,SW@4.8,8.2,79.7,0.0,911,"Badger Canyon, Benton County",300027,Badger Canyon,2017-12-15 02:51:23.749104
2008-06-29,12:30,94.9,,51.4,23.1,0.0,W@4.6,8.5,80.0,0.0,909,"Badger Canyon, Benton County",300027,Badger Canyon,2017-12-15 02:51:23.749104
2008-06-29,12:45,95.7,,51.7,22.7,0.0,SW@4.9,8.5,80.4,0.0,903,"Badger Canyon, Benton County",300027,Badger Canyon,2017-12-15 02:51:23.749104
2008-06-29,13:00,96.7,,51.0,21.5,0.0,S@6.0,11.4,80.7,0.0,897,"Badger Canyon, Benton County",300027,Badger Canyon,2017-12-15 02:51:23.749104
2008-06-29,13:15,97.6,,51.9,21.6,0.0,S@6.0,9.6,81.1,0.0,885,"Badger Canyon, Benton County",300027,Badger Canyon,2017-12-15 02:51:23.749104
2008-06-29,13:30,98.0,,51.0,20.6,0.0,SW@5.5,9.6,81.3,0.0,872,"Badger Canyon, Benton County",300027,Badger Canyon,2017-12-15 02:51:23.749104
2008-06-29,13:45,98.4,,50.1,19.8,0.0,SW@5.6,11.4,81.6,0.0,856,"Badger Canyon, Benton County",300027,Badger Canyon,2017-12-15 02:51:23.749104
2008-06-29,14:00,98.5,,51.0,20.4,0.0,SW@5.3,9.6,81.8,0.0,836,"Badger Canyon, Benton County",300027,Badger Canyon,2017-12-15 02:51:23.749104
2008-06-29,14:15,99.3,,49.6,18.8,0.0,W@6.0,10.7,82.1,0.0,815,"Badger Canyon, Benton County",300027,Badger Canyon,2017-12-15 02:51:23.749104
2008-06-29,14:30,100.2,,47.9,17.2,0.0,SW@5.5,10.7,82.4,0.0,792,"Badger Canyon, Benton County",300027,Badger Canyon,2017-12-15 02:51:23.749104
2008-06-29,14:45,100.5,,47.0,16.5,0.0,SW@5.9,9.6,82.7,0.0,766,"Badger Canyon, Benton County",300027,Badger Canyon,2017-12-15 02:51:23.749104
2008-06-29,15:00,100.8,,48.1,17.1,0.0,W@5.7,9.2,83.0,0.0,738,"Badger Canyon, Benton County",300027,Badger Canyon,2017-12-15 02:51:23.749104
2008-06-29,15:15,101.3,,48.0,16.7,0.0,SW@6.0,9.2,83.3,0.0,728,"Badger Canyon, Benton County",300027,Badger Canyon,2017-12-15 02:51:23.749104
2008-06-29,15:30,102.2,,47.3,15.9,0.0,SW@6.0,8.9,83.6,0.0,708,"Badger Canyon, Benton County",300027,Badger Canyon,2017-12-15 02:51:23.749104
2008-06-29,15:45,102.6,,45.9,14.9,0.0,SW@5.5,8.9,84.0,0.0,729,"Badger Canyon, Benton County",300027,Badger Canyon,2017-12-15 02:51:23.749104
2008-06-29,16:00,101.4,,45.5,15.2,0.0,SE@5.9,9.6,84.3,0.0,311,"Badger Canyon, Benton County",300027,Badger Canyon,2017-12-15 02:51:23.749104
2008-06-29,16:15,99.7,,48.3,17.8,0.0,SW@4.7,8.5,84.6,0.0,234,"Badger Canyon, Benton County",300027,Badger Canyon,2017-12-15 02:51:23.749104
2008-06-29,16:30,98.9,,48.9,18.6,0.0,SW@4.8,8.9,85.0,0.0,200,"Badger Canyon, Benton County",300027,Badger Canyon,2017-12-15 02:51:23.749104
2008-06-29,16:45,98.3,,51.6,20.9,0.0,SW@3.6,6.4,85.3,0.0,184,"Badger Canyon, Benton County",300027,Badger Canyon,2017-12-15 02:51:23.749104
2008-06-29,17:00,98.1,,51.7,21.1,0.0,SW@3.2,5.3,85.5,0.0,208,"Badger Canyon, Benton County",300027,Badger Canyon,2017-12-15 02:51:23.749104
2008-06-29,17:15,97.7,,53.7,23.0,0.0,W@1.5,3.1,85.8,0.0,189,"Badger Canyon, Benton County",300027,Badger Canyon,2017-12-15 02:51:23.749104
2008-06-29,17:30,97.0,,52.9,22.8,0.0,S@1.6,2.8,86.0,0.0,126,"Badger Canyon, Benton County",300027,Badger Canyon,2017-12-15 02:51:23.749104
2008-06-29,17:45,95.8,,55.3,25.8,0.0,S@2.4,3.1,86.2,0.0,85,"Badger Canyon, Benton County",300027,Badger Canyon,2017-12-15 02:51:23.749104
2008-06-29,18:00,94.9,,52.8,24.2,0.0,S@2.4,3.5,86.3,0.0,53,"Badger Canyon, Benton County",300027,Badger Canyon,2017-12-15 02:51:23.749104
2008-06-29,18:15,95.1,,47.9,20.1,0.0,S@1.8,2.8,86.4,0.0,41,"Badger Canyon, Benton County",300027,Badger Canyon,2017-12-15 02:51:23.749104
2008-06-29,18:30,95.6,,43.7,16.9,0.0,S@2.8,3.9,86.5,0.0,50,"Badger Canyon, Benton County",300027,Badger Canyon,2017-12-15 02:51:23.749104
2008-06-29,18:45,95.3,,41.0,15.4,0.0,S@2.8,4.2,86.6,0.0,49,"Badger Canyon, Benton County",300027,Badger Canyon,2017-12-15 02:51:23.749104
2008-06-29,19:00,94.1,,43.9,17.8,0.0,SW@6.8,15.3,86.7,0.0,36,"Badger Canyon, Benton County",300027,Badger Canyon,2017-12-15 02:51:23.749104
2008-06-29,19:15,93.7,,49.7,22.5,0.0,SW@11.0,19.2,86.7,0.0,18,"Badger Canyon, Benton County",300027,Badger Canyon,2017-12-15 02:51:23.749104
2008-06-29,19:30,92.3,,51.0,24.6,0.0,SW@10.7,21.4,86.7,0.0,6,"Badger Canyon, Benton County",300027,Badger Canyon,2017-12-15 02:51:23.749104
2008-06-29,19:45,91.8,,50.0,24.1,0.0,SW@11.9,18.9,86.6,0.0,1,"Badger Canyon, Benton County",300027,Badger Canyon,2017-12-15 02:51:23.749104
2008-06-29,20:00,90.4,,50.4,25.6,0.0,SW@13.8,21.8,86.6,0.0,0,"Badger Canyon, Benton County",300027,Badger Canyon,2017-12-15 02:51:23.749104
2008-06-29,20:15,88.3,,51.1,28.0,0.0,SW@12.3,20.0,86.5,0.0,0,"Badger Canyon, Benton County",300027,Badger Canyon,2017-12-15 02:51:23.749104
2008-06-29,20:30,88.5,,49.6,26.3,0.0,SW@10.0,20.7,86.4,0.0,0,"Badger Canyon, Benton County",300027,Badger Canyon,2017-12-15 02:51:23.749104
2008-06-29,20:45,91.3,,47.4,22.2,0.0,SW@12.9,26.8,86.3,0.0,0,"Badger Canyon, Benton County",300027,Badger Canyon,2017-12-15 02:51:23.749104
2008-06-29,21:00,93.2,,47.6,21.1,0.0,SW@17.5,33.9,86.2,0.0,0,"Badger Canyon, Benton County",300027,Badger Canyon,2017-12-15 02:51:23.749104
2008-06-29,21:15,92.9,,47.2,21.0,0.0,SW@15.1,23.9,86.1,0.0,0,"Badger Canyon, Benton County",300027,Badger Canyon,2017-12-15 02:51:23.749104
2008-06-29,21:30,92.2,,47.3,21.5,0.0,SW@9.4,17.1,86.0,0.0,0,"Badger Canyon, Benton County",300027,Badger Canyon,2017-12-15 02:51:23.749104
2008-06-29,21:45,93.1,,46.0,19.9,0.0,SW@5.2,11.4,85.9,0.0,0,"Badger Canyon, Benton County",300027,Badger Canyon,2017-12-15 02:51:23.749104
2008-06-29,22:00,93.9,,45.8,19.3,0.0,SW@5.0,10.3,85.8,0.0,0,"Badger Canyon, Benton County",300027,Badger Canyon,2017-12-15 02:51:23.749104
2008-06-29,22:15,94.6,,45.4,18.5,0.0,SW@8.0,15.7,85.6,0.0,0,"Badger Canyon, Benton County",300027,Badger Canyon,2017-12-15 02:51:23.749104
2008-06-29,22:30,93.5,,46.2,19.8,0.0,SW@5.6,12.4,85.5,0.0,0,"Badger Canyon, Benton County",300027,Badger Canyon,2017-12-15 02:51:23.749104
2008-06-29,22:45,92.8,,46.4,20.4,0.0,S@2.6,4.9,85.4,0.0,0,"Badger Canyon, Benton County",300027,Badger Canyon,2017-12-15 02:51:23.749104
2008-06-29,23:00,91.9,,46.3,20.8,0.0,SE@3.1,6.0,85.3,0.0,0,"Badger Canyon, Benton County",300027,Badger Canyon,2017-12-15 02:51:23.749104
2008-06-30,23:15,93.3,,45.4,19.3,0.02,SE@7.0,14.6,85.1,0.0,0,"Badger Canyon, Benton County",300027,Badger Canyon,2017-12-15 02:51:23.749104
2008-06-30,23:30,96.1,,43.3,16.4,0.1,E@8.7,22.1,85.0,0.0,0,"Badger Canyon, Benton County",300027,Badger Canyon,2017-12-15 02:51:23.749104
2008-06-30,23:45,96.3,,44.7,17.2,0.0,E@5.2,10.7,84.9,0.0,0,"Badger Canyon, Benton County",300027,Badger Canyon,2017-12-15 02:51:23.749104
2008-06-30,24:00,95.0,,44.8,17.9,0.0,SE@7.7,19.2,84.8,0.0,0,"Badger Canyon, Benton County",300027,Badger Canyon,2017-12-15 02:51:23.749104
2008-06-30,00:15,91.4,,47.4,22.1,0.0,S@5.9,16.0,84.7,0.0,0,"Badger Canyon, Benton County",300027,Badger Canyon,2017-12-15 02:51:23.749104
2008-06-30,00:30,88.3,,49.6,26.5,0.0,S@8.9,16.4,84.5,0.0,0,"Badger Canyon, Benton County",300027,Badger Canyon,2017-12-15 02:51:23.749104
2008-06-30,00:45,85.1,,51.8,31.8,0.0,S@15.0,27.8,84.4,0.0,0,"Badger Canyon, Benton County",300027,Badger Canyon,2017-12-15 02:51:23.749104
2008-06-30,01:00,82.1,,54.5,38.8,0.18,S@15.7,26.8,84.3,0.0,0,"Badger Canyon, Benton County",300027,Badger Canyon,2017-12-15 02:51:23.749104
2008-06-30,01:15,82.0,,54.6,38.9,0.33,S@19.2,31.4,84.2,0.0,0,"Badger Canyon, Benton County",300027,Badger Canyon,2017-12-15 02:51:23.749104
2008-06-30,01:30,89.8,,50.4,26.0,0.06,S@15.4,28.2,84.1,0.0,0,"Badger Canyon, Benton County",300027,Badger Canyon,2017-12-15 02:51:23.749104
2008-06-30,01:45,91.5,,49.3,23.7,0.41,W@12.6,28.6,84.0,0.0,0,"Badger Canyon, Benton County",300027,Badger Canyon,2017-12-15 02:51:23.749104
2008-06-30,02:00,95.8,,46.1,18.4,0.26,W@10.1,19.6,83.9,0.0,0,"Badger Canyon, Benton County",300027,Badger Canyon,2017-12-15 02:51:23.749104
2008-06-30,02:15,93.5,,51.1,23.8,0.61,S@8.7,22.1,83.7,0.0,0,"Badger Canyon, Benton County",300027,Badger Canyon,2017-12-15 02:51:23.749104
2008-06-30,02:30,80.9,,55.7,42.1,0.0,S@16.5,26.0,83.6,0.0,0,"Badger Canyon, Benton County",300027,Badger Canyon,2017-12-15 02:51:23.749104
2008-06-30,02:45,84.0,,53.3,34.7,0.04,S@8.1,13.2,83.5,0.0,0,"Badger Canyon, Benton County",300027,Badger Canyon,2017-12-15 02:51:23.749104
2008-06-30,03:00,83.3,,53.6,36.0,0.2,S@8.4,16.4,83.3,0.0,0,"Badger Canyon, Benton County",300027,Badger Canyon,2017-12-15 02:51:23.749104
2008-06-30,03:15,81.7,,54.9,39.8,0.1,S@12.8,20.0,83.2,0.0,0,"Badger Canyon, Benton County",300027,Badger Canyon,2017-12-15 02:51:23.749104
2008-06-30,03:30,81.4,,54.5,39.7,0.0,S@7.9,17.1,83.0,0.0,0,"Badger Canyon, Benton County",300027,Badger Canyon,2017-12-15 02:51:23.749104
2008-06-30,03:45,82.9,,53.5,36.3,0.0,S@7.6,16.4,82.9,0.0,0,"Badger Canyon, Benton County",300027,Badger Canyon,2017-12-15 02:51:23.749104
2008-06-30,04:00,79.5,,54.7,42.4,0.0,E@4.2,6.7,82.7,0.0,0,"Badger Canyon, Benton County",300027,Badger Canyon,2017-12-15 02:51:23.749104
2008-06-30,04:15,79.7,,53.9,40.9,0.0,SE@3.8,9.2,82.6,0.0,2,"Badger Canyon, Benton County",300027,Badger Canyon,2017-12-15 02:51:23.749104
2008-06-30,04:30,78.9,,54.5,42.9,0.0,SE@3.8,8.5,82.5,0.0,8,"Badger Canyon, Benton County",300027,Badger Canyon,2017-12-15 02:51:23.749104
2008-06-30,04:45,79.2,,54.4,42.3,0.0,S@4.2,9.6,82.3,0.0,13,"Badger Canyon, Benton County",300027,Badger Canyon,2017-12-15 02:51:23.749104
2008-06-30,05:00,77.8,,54.9,45.2,0.0,S@2.6,6.0,82.2,0.0,15,"Badger Canyon, Benton County",300027,Badger Canyon,2017-12-15 02:51:23.749104
2008-06-30,05:15,78.7,,54.1,42.6,0.0,SW@3.1,8.9,82.0,0.0,23,"Badger Canyon, Benton County",300027,Badger Canyon,2017-12-15 02:51:23.749104
2008-06-30,05:30,79.0,,54.2,42.4,0.0,SW@4.0,7.8,81.9,0.0,38,"Badger Canyon, Benton County",300027,Badger Canyon,2017-12-15 02:51:23.749104
2008-06-30,05:45,79.2,,54.2,42.1,0.0,S@3.7,7.1,81.7,0.0,52,"Badger Canyon, Benton County",300027,Badger Canyon,2017-12-15 02:51:23.749104
2008-06-30,06:00,79.1,,54.3,42.4,0.0,S@5.0,8.2,81.6,0.0,49,"Badger Canyon, Benton County",300027,Badger Canyon,2017-12-15 02:51:23.749104
2008-06-30,06:15,78.1,,55.1,45.1,0.0,E@3.0,6.0,81.4,0.0,52,"Badger Canyon, Benton County",300027,Badger Canyon,2017-12-15 02:51:23.749104
2008-06-30,06:30,78.7,,54.3,42.9,0.0,SE@2.7,6.0,81.3,0.0,75,"Badger Canyon, Benton County",300027,Badger Canyon,2017-12-15 02:51:23.749104
2008-06-30,06:45,79.7,,55.6,43.5,0.0,SW@2.4,5.3,81.1,0.0,280,"Badger Canyon, Benton County",300027,Badger Canyon,2017-12-15 02:51:23.749104
2008-06-30,07:00,81.1,,56.8,43.4,0.0,SW@2.5,5.3,81.0,0.0,321,"Badger Canyon, Benton County",300027,Badger Canyon,2017-12-15 02:51:23.749104
2008-06-30,07:15,82.6,,56.9,41.5,0.0,SW@1.6,4.2,80.9,0.0,365,"Badger Canyon, Benton County",300027,Badger Canyon,2017-12-15 02:51:23.749104
2008-06-30,07:30,84.7,,56.4,38.1,0.0,S@0.5,2.4,80.7,0.0,406,"Badger Canyon, Benton County",300027,Badger Canyon,2017-12-15 02:51:23.749104
2008-06-30,07:45,86.1,,56.4,36.4,0.0,S@2.3,5.3,80.6,0.0,448,"Badger Canyon, Benton County",300027,Badger Canyon,2017-12-15 02:51:23.749104
2008-06-30,08:00,86.5,,56.6,36.3,0.0,S@3.0,5.3,80.5,0.0,485,"Badger Canyon, Benton County",300027,Badger Canyon,2017-12-15 02:51:23.749104
2008-06-30,08:15,88.2,,56.4,34.1,0.0,S@1.3,3.1,80.5,0.0,525,"Badger Canyon, Benton County",300027,Badger Canyon,2017-12-15 02:51:23.749104
2008-06-30,08:30,88.9,,57.6,34.8,0.0,S@2.5,4.6,80.4,0.0,558,"Badger Canyon, Benton County",300027,Badger Canyon,2017-12-15 02:51:23.749104
2008-06-30,08:45,89.1,,57.5,34.5,0.0,SW@2.4,3.9,80.3,0.0,596,"Badger Canyon, Benton County",300027,Badger Canyon,2017-12-15 02:51:23.749104
2008-06-30,09:00,90.5,,56.4,31.6,0.0,S@1.9,4.6,80.3,0.0,632,"Badger Canyon, Benton County",300027,Badger Canyon,2017-12-15 02:51:23.749104
2008-06-30,09:15,91.6,,57.1,31.4,0.0,S@2.8,6.0,80.3,0.0,665,"Badger Canyon, Benton County",300027,Badger Canyon,2017-12-15 02:51:23.749104
2008-06-30,09:30,92.2,,55.0,28.5,0.0,SE@3.5,7.1,80.4,0.0,701,"Badger Canyon, Benton County",300027,Badger Canyon,2017-12-15 02:51:23.749104
2008-06-30,09:45,93.6,,55.8,28.2,0.0,S@2.8,5.3,80.4,0.0,729,"Badger Canyon, Benton County",300027,Badger Canyon,2017-12-15 02:51:23.749104
2008-06-30,10:00,94.1,,55.9,27.9,0.0,SW@2.7,6.0,80.5,0.0,756,"Badger Canyon, Benton County",300027,Badger Canyon,2017-12-15 02:51:23.749104
2008-06-30,10:15,94.7,,57.7,29.1,0.0,SW@3.2,5.7,80.6,0.0,784,"Badger Canyon, Benton County",300027,Badger Canyon,2017-12-15 02:51:23.749104
2008-06-30,10:30,95.5,,56.7,27.4,0.0,W@3.0,6.4,80.7,0.0,807,"Badger Canyon, Benton County",300027,Badger Canyon,2017-12-15 02:51:23.749104
2008-06-30,10:45,97.0,,54.3,24.0,0.0,S@4.3,8.2,80.8,0.0,829,"Badger Canyon, Benton County",300027,Badger Canyon,2017-12-15 02:51:23.749104
2008-06-30,11:00,97.3,,54.5,24.0,0.0,S@4.1,9.2,81.0,0.0,834,"Badger Canyon, Benton County",300027,Badger Canyon,2017-12-15 02:51:23.749104
2008-06-30,11:15,98.1,,53.2,22.3,0.0,SE@4.6,9.6,81.2,0.0,741,"Badger Canyon, Benton County",300027,Badger Canyon,2017-12-15 02:51:23.749104
2008-06-30,11:30,98.0,,51.7,21.2,0.0,E@4.6,8.9,81.5,0.0,781,"Badger Canyon, Benton County",300027,Badger Canyon,2017-12-15 02:51:23.749104
2008-06-30,11:45,99.4,,50.8,19.7,0.0,E@6.5,11.0,81.7,0.0,866,"Badger Canyon, Benton County",300027,Badger Canyon,2017-12-15 02:51:23.749104
2008-06-30,12:00,98.5,,50.7,20.1,0.0,SE@6.5,11.0,82.0,0.0,626,"Badger Canyon, Benton County",300027,Badger Canyon,2017-12-15 02:51:23.749104
2008-06-30,12:15,99.1,,51.1,20.0,0.0,SE@5.8,9.9,82.3,0.0,595,"Badger Canyon, Benton County",300027,Badger Canyon,2017-12-15 02:51:23.749104
2008-06-30,12:30,98.5,,49.9,19.5,0.0,E@5.6,11.0,82.6,0.0,638,"Badger Canyon, Benton County",300027,Badger Canyon,2017-12-15 02:51:23.749104
2008-06-30,12:45,99.6,,50.3,19.1,0.0,S@5.1,9.9,82.9,0.0,846,"Badger Canyon, Benton County",300027,Badger Canyon,2017-12-15 02:51:23.749104
2008-06-30,13:00,100.1,,50.6,19.1,0.0,SE@3.9,8.5,83.2,0.0,679,"Badger Canyon, Benton County",300027,Badger Canyon,2017-12-15 02:51:23.749104
2008-06-30,13:15,100.7,,52.5,20.1,0.0,SW@3.1,8.9,83.5,0.0,747,"Badger Canyon, Benton County",300027,Badger Canyon,2017-12-15 02:51:23.749104
2008-06-30,13:30,100.4,,52.0,19.9,0.0,SE@3.7,7.8,83.8,0.0,275,"Badger Canyon, Benton County",300027,Badger Canyon,2017-12-15 02:51:23.749104
2008-06-30,13:45,98.7,,51.7,20.7,0.0,S@4.9,8.5,84.1,0.0,222,"Badger Canyon, Benton County",300027,Badger Canyon,2017-12-15 02:51:23.749104
2008-06-30,14:00,98.6,,52.3,21.3,0.0,SE@6.0,10.7,84.3,0.0,314,"Badger Canyon, Benton County",300027,Badger Canyon,2017-12-15 02:51:23.749104
2008-06-30,14:15,100.7,,53.7,21.0,0.0,S@4.6,9.6,84.5,0.0,854,"Badger Canyon, Benton County",300027,Badger Canyon,2017-12-15 02:51:23.749104
2008-06-30,14:30,101.6,,53.1,20.0,0.0,S@4.5,8.5,84.8,0.0,704,"Badger Canyon, Benton County",300027,Badger Canyon,2017-12-15 02:51:23.749104
2008-06-30,14:45,100.6,,52.4,20.1,0.0,S@4.6,10.7,85.0,0.0,430,"Badger Canyon, Benton County",300027,Badger Canyon,2017-12-15 02:51:23.749104
2008-06-30,15:00,101.1,,52.6,19.9,0.0,S@4.7,9.9,85.2,0.0,621,"Badger Canyon, Benton County",300027,Badger Canyon,2017-12-15 02:51:23.749104
2008-06-30,15:15,101.4,,52.7,19.9,0.0,SE@4.9,9.9,85.4,0.0,546,"Badger Canyon, Benton County",300027,Badger Canyon,2017-12-15 02:51:23.749104
2008-06-30,15:30,100.4,,52.1,20.0,0.0,S@3.9,7.1,85.6,0.0,226,"Badger Canyon, Benton County",300027,Badger Canyon,2017-12-15 02:51:23.749104
2008-06-30,15:45,98.9,,52.8,21.5,0.0,S@6.9,12.4,85.7,0.0,171,"Badger Canyon, Benton County",300027,Badger Canyon,2017-12-15 02:51:23.749104
2008-06-30,16:00,97.0,,53.3,23.1,0.0,S@8.1,12.8,85.9,0.0,120,"Badger Canyon, Benton County",300027,Badger Canyon,2017-12-15 02:51:23.749104
2008-06-30,16:15,96.0,,52.7,23.4,0.0,S@8.4,14.6,86.1,0.0,118,"Badger Canyon, Benton County",300027,Badger Canyon,2017-12-15 02:51:23.749104
2008-06-30,16:30,95.7,,51.3,22.4,0.0,S@7.2,12.8,86.3,0.0,98,"Badger Canyon, Benton County",300027,Badger Canyon,2017-12-15 02:51:23.749104
2008-06-30,16:45,95.0,,52.3,23.7,0.0,S@6.9,12.4,86.5,0.0,61,"Badger Canyon, Benton County",300027,Badger Canyon,2017-12-15 02:51:23.749104
2008-06-30,17:00,93.3,,52.9,25.6,0.0,S@5.5,9.2,86.6,0.0,35,"Badger Canyon, Benton County",300027,Badger Canyon,2017-12-15 02:51:23.749104
2008-06-30,17:15,92.6,,52.9,26.2,0.0,SW@4.0,8.2,86.7,0.0,37,"Badger Canyon, Benton County",300027,Badger Canyon,2017-12-15 02:51:23.749104
2008-06-30,17:30,92.3,,52.7,26.2,0.0,S@3.5,8.5,86.9,0.0,89,"Badger Canyon, Benton County",300027,Badger Canyon,2017-12-15 02:51:23.749104
2008-06-30,17:45,95.2,,52.0,23.3,0.0,S@5.6,8.9,86.9,0.0,148,"Badger Canyon, Benton County",300027,Badger Canyon,2017-12-15 02:51:23.749104
2008-06-30,18:00,97.2,,51.3,21.4,0.0,S@7.2,18.9,87.0,0.0,186,"Badger Canyon, Benton County",300027,Badger Canyon,2017-12-15 02:51:23.749104
2008-06-30,18:15,95.9,,48.8,20.3,0.0,S@8.4,16.0,86.9,0.0,168,"Badger Canyon, Benton County",300027,Badger Canyon,2017-12-15 02:51:23.749104
2008-06-30,18:30,95.3,,48.8,20.7,0.0,S@10.0,18.9,86.9,0.0,187,"Badger Canyon, Benton County",300027,Badger Canyon,2017-12-15 02:51:23.749104
2008-06-30,18:45,94.5,,48.7,21.1,0.0,S@9.2,15.7,86.9,0.0,100,"Badger Canyon, Benton County",300027,Badger Canyon,2017-12-15 02:51:23.749104
2008-06-30,19:00,93.5,,49.2,22.2,0.0,S@10.5,16.0,86.8,0.0,91,"Badger Canyon, Benton County",300027,Badger Canyon,2017-12-15 02:51:23.749104
2008-06-30,19:15,92.2,,50.1,23.9,0.0,S@9.8,15.0,86.8,0.0,56,"Badger Canyon, Benton County",300027,Badger Canyon,2017-12-15 02:51:23.749104
2008-06-30,19:30,90.8,,50.4,25.2,0.0,S@8.9,15.7,86.8,0.0,37,"Badger Canyon, Benton County",300027,Badger Canyon,2017-12-15 02:51:23.749104
2008-06-30,19:45,89.8,,50.6,26.1,0.0,S@8.0,13.9,86.7,0.0,13,"Badger Canyon, Benton County",300027,Badger Canyon,2017-12-15 02:51:23.749104
2008-06-30,20:00,88.9,,50.9,27.3,0.0,S@7.6,12.1,86.7,0.0,5,"Badger Canyon, Benton County",300027,Badger Canyon,2017-12-15 02:51:23.749104
2008-06-30,20:15,88.1,,49.8,26.8,0.0,S@6.7,12.4,86.6,0.0,1,"Badger Canyon, Benton County",300027,Badger Canyon,2017-12-15 02:51:23.749104
2008-06-30,20:30,87.0,,49.8,27.8,0.0,S@6.5,11.4,86.5,0.0,0,"Badger Canyon, Benton County",300027,Badger Canyon,2017-12-15 02:51:23.749104
2008-06-30,20:45,86.3,,49.4,28.0,0.0,S@6.9,11.7,86.4,0.0,0,"Badger Canyon, Benton County",300027,Badger Canyon,2017-12-15 02:51:23.749104
2008-06-30,21:00,86.3,,49.1,27.7,0.0,S@7.8,13.2,86.4,0.0,0,"Badger Canyon, Benton County",300027,Badger Canyon,2017-12-15 02:51:23.749104
2008-06-30,21:15,86.3,,48.8,27.4,0.0,S@8.8,13.9,86.3,0.0,0,"Badger Canyon, Benton County",300027,Badger Canyon,2017-12-15 02:51:23.749104
2008-06-30,21:30,86.2,,48.7,27.3,0.0,S@9.1,15.7,86.2,0.0,0,"Badger Canyon, Benton County",300027,Badger Canyon,2017-12-15 02:51:23.749104
2008-06-30,21:45,86.0,,48.6,27.5,0.0,S@8.7,14.6,86.0,0.0,0,"Badger Canyon, Benton County",300027,Badger Canyon,2017-12-15 02:51:23.749104
2008-06-30,22:00,86.0,,48.5,27.3,0.0,S@12.1,18.5,85.9,0.0,0,"Badger Canyon, Benton County",300027,Badger Canyon,2017-12-15 02:51:23.749104
2008-06-30,22:15,85.4,,48.5,27.8,0.0,S@13.3,20.0,85.8,0.0,0,"Badger Canyon, Benton County",300027,Badger Canyon,2017-12-15 02:51:23.749104
2008-06-30,22:30,84.6,,48.9,29.0,0.0,S@14.1,21.0,85.7,0.0,0,"Badger Canyon, Benton County",300027,Badger Canyon,2017-12-15 02:51:23.749104
2008-06-30,22:45,83.8,,51.9,33.3,0.0,S@15.3,21.4,85.5,0.0,0,"Badger Canyon, Benton County",300027,Badger Canyon,2017-12-15 02:51:23.749104
2008-06-30,23:00,83.9,,54.9,37.0,0.0,S@14.0,19.2,85.4,0.0,0,"Badger Canyon, Benton County",300027,Badger Canyon,2017-12-15 02:51:23.749104
2008-07-01,23:15,83.2,,54.6,37.4,0.0,SE@11.1,18.5,85.3,0.0,0,"Badger Canyon, Benton County",300027,Badger Canyon,2017-12-15 02:51:23.749104
2008-07-01,23:30,81.9,,55.2,40.0,0.0,S@5.3,10.3,85.1,0.0,0,"Badger Canyon, Benton County",300027,Badger Canyon,2017-12-15 02:51:23.749104
2008-07-01,23:45,81.5,,55.3,40.6,0.0,S@6.4,12.8,85.0,0.0,0,"Badger Canyon, Benton County",300027,Badger Canyon,2017-12-15 02:51:23.749104
2008-07-01,24:00,81.0,,56.0,42.3,0.0,SW@4.3,8.2,84.8,0.0,0,"Badger Canyon, Benton County",300027,Badger Canyon,2017-12-15 02:51:23.749104
2008-07-01,00:15,79.9,,56.3,44.4,0.0,S@5.7,11.0,84.7,0.0,0,"Badger Canyon, Benton County",300027,Badger Canyon,2017-12-15 02:51:23.749104
2008-07-01,00:30,79.2,,56.4,45.6,0.0,SW@3.1,7.4,84.5,0.0,0,"Badger Canyon, Benton County",300027,Badger Canyon,2017-12-15 02:51:23.749104
2008-07-01,00:45,78.5,,56.6,46.9,0.0,S@2.3,5.7,84.4,0.0,0,"Badger Canyon, Benton County",300027,Badger Canyon,2017-12-15 02:51:23.749104
2008-07-01,01:00,79.0,,56.4,45.9,0.0,E@2.6,5.7,84.3,0.0,0,"Badger Canyon, Benton County",300027,Badger Canyon,2017-12-15 02:51:23.749104
2008-07-01,01:15,78.4,,56.6,47.1,0.0,NE@3.4,6.4,84.1,0.0,0,"Badger Canyon, Benton County",300027,Badger Canyon,2017-12-15 02:51:23.749104
2008-07-01,01:30,78.1,,56.3,47.2,0.0,SE@1.7,6.7,84.0,0.0,0,"Badger Canyon, Benton County",300027,Badger Canyon,2017-12-15 02:51:23.749104
2008-07-01,01:45,77.9,,56.2,47.3,0.0,E@2.1,3.5,83.9,0.0,0,"Badger Canyon, Benton County",300027,Badger Canyon,2017-12-15 02:51:23.749104
2008-07-01,02:00,77.3,,56.4,48.4,0.0,NE@3.0,6.4,83.7,0.0,0,"Badger Canyon, Benton County",300027,Badger Canyon,2017-12-15 02:51:23.749104
2008-07-01,02:15,76.4,,56.2,49.7,0.0,SE@4.9,8.9,83.6,0.0,0,"Badger Canyon, Benton County",300027,Badger Canyon,2017-12-15 02:51:23.749104
2008-07-01,02:30,76.2,,56.9,51.3,0.0,S@2.7,8.5,83.4,0.0,0,"Badger Canyon, Benton County",300027,Badger Canyon,2017-12-15 02:51:23.749104
2008-07-01,02:45,76.1,,57.2,52.1,0.0,E@1.0,3.1,83.3,0.0,0,"Badger Canyon, Benton County",300027,Badger Canyon,2017-12-15 02:51:23.749104
2008-07-01,03:00,75.9,,57.2,52.2,0.0,S@1.8,4.6,83.1,0.0,0,"Badger Canyon, Benton County",300027,Badger Canyon,2017-12-15 02:51:23.749104
2008-07-01,03:15,75.6,,57.5,53.2,0.0,SE@1.3,4.2,83.0,0.0,0,"Badger Canyon, Benton County",300027,Badger Canyon,2017-12-15 02:51:23.749104
2008-07-01,03:30,75.1,,57.7,54.6,0.0,SE@6.9,14.6,82.8,0.0,0,"Badger Canyon, Benton County",300027,Badger Canyon,2017-12-15 02:51:23.749104
2008-07-01,03:45,74.5,,57.7,55.8,0.0,S@5.1,12.8,82.7,0.0,0,"Badger Canyon, Benton County",300027,Badger Canyon,2017-12-15 02:51:23.749104
2008-07-01,04:00,74.3,,57.5,55.9,0.0,E@1.8,4.6,82.5,0.0,0,"Badger Canyon, Benton County",300027,Badger Canyon,2017-12-15 02:51:23.749104
2008-07-01,04:15,73.9,,57.3,56.1,0.0,E@3.2,6.0,82.4,0.0,3,"Badger Canyon, Benton County",300027,Badger Canyon,2017-12-15 02:51:23.749104
2008-07-01,04:30,73.7,,56.9,55.6,0.0,SE@3.6,7.4,82.3,0.0,12,"Badger Canyon, Benton County",300027,Badger Canyon,2017-12-15 02:51:23.749104
2008-07-01,04:45,75.2,,56.7,52.6,0.0,SE@6.8,11.4,82.1,0.0,20,"Badger Canyon, Benton County",300027,Badger Canyon,2017-12-15 02:51:23.749104
2008-07-01,05:00,74.7,,57.2,54.3,0.0,S@3.4,7.4,82.0,0.0,26,"Badger Canyon, Benton County",300027,Badger Canyon,2017-12-15 02:51:23.749104
2008-07-01,05:15,73.7,,57.4,56.7,0.0,S@4.8,9.9,81.8,0.0,34,"Badger Canyon, Benton County",300027,Badger Canyon,2017-12-15 02:51:23.749104
2008-07-01,05:30,74.0,,57.5,56.3,0.0,S@1.3,6.0,81.7,0.0,48,"Badger Canyon, Benton County",300027,Badger Canyon,2017-12-15 02:51:23.749104
2008-07-01,05:45,74.4,,57.7,56.0,0.0,E@1.6,4.2,81.6,0.0,77,"Badger Canyon, Benton County",300027,Badger Canyon,2017-12-15 02:51:23.749104
2008-07-01,06:00,74.4,,58.3,57.2,0.0,E@2.4,4.6,81.4,0.0,114,"Badger Canyon, Benton County",300027,Badger Canyon,2017-12-15 02:51:23.749104
2008-07-01,06:15,75.4,,58.7,56.1,0.0,SE@0.7,2.4,81.3,0.0,170,"Badger Canyon, Benton County",300027,Badger Canyon,2017-12-15 02:51:23.749104
2008-07-01,06:30,77.1,,58.6,52.9,0.0,E@0.3,2.4,81.2,0.0,237,"Badger Canyon, Benton County",300027,Badger Canyon,2017-12-15 02:51:23.749104
2008-07-01,06:45,78.7,,59.0,50.8,0.0,SW@1.3,3.1,81.1,0.0,330,"Badger Canyon, Benton County",300027,Badger Canyon,2017-12-15 02:51:23.749104
2008-07-01,07:00,79.7,,58.9,49.1,0.0,W@1.3,2.1,80.9,0.0,376,"Badger Canyon, Benton County",300027,Badger Canyon,2017-12-15 02:51:23.749104
2008-07-01,07:15,80.8,,58.7,46.9,0.0,S@1.4,2.8,80.9,0.0,392,"Badger Canyon, Benton County",300027,Badger Canyon,2017-12-15 02:51:23.749104
2008-07-01,07:30,81.5,,58.6,45.7,0.0,SW@2.2,4.9,80.7,0.0,306,"Badger Canyon, Benton County",300027,Badger Canyon,2017-12-15 02:51:23.749104
2008-07-01,07:45,81.6,,58.6,45.5,0.0,S@2.8,4.6,80.7,0.0,260,"Badger Canyon, Benton County",300027,Badger Canyon,2017-12-15 02:51:23.749104
2008-07-01,08:00,81.4,,58.6,45.8,0.0,S@4.3,9.9,80.6,0.0,251,"Badger Canyon, Benton County",300027,Badger Canyon,2017-12-15 02:51:23.749104
2008-07-01,08:15,81.6,,58.8,45.8,0.0,S@4.5,8.5,80.5,0.0,453,"Badger Canyon, Benton County",300027,Badger Canyon,2017-12-15 02:51:23.749104
2008-07-01,08:30,83.0,,58.3,43.0,0.0,S@2.6,8.2,80.5,0.0,527,"Badger Canyon, Benton County",300027,Badger Canyon,2017-12-15 02:51:23.749104
2008-07-01,08:45,84.3,,58.5,41.6,0.0,SW@3.1,5.3,80.5,0.0,593,"Badger Canyon, Benton County",300027,Badger Canyon,2017-12-15 02:51:23.749104
2008-07-01,09:00,84.0,,60.0,44.4,0.0,W@3.7,6.7,80.5,0.0,623,"Badger Canyon, Benton County",300027,Badger Canyon,2017-12-15 02:51:23.749104
2008-07-01,09:15,84.3,,59.4,42.9,0.0,S@2.8,6.0,80.6,0.0,655,"Badger Canyon, Benton County",300027,Badger Canyon,2017-12-15 02:51:23.749104
2008-07-01,09:30,85.9,,59.4,40.8,0.0,SW@3.2,5.7,80.6,0.0,691,"Badger Canyon, Benton County",300027,Badger Canyon,2017-12-15 02:51:23.749104
2008-07-01,09:45,87.2,,58.7,38.2,0.0,S@2.6,4.9,80.6,0.0,722,"Badger Canyon, Benton County",300027,Badger Canyon,2017-12-15 02:51:23.749104
2008-07-01,10:00,88.4,,58.4,36.4,0.0,S@3.1,7.8,80.7,0.0,762,"Badger Canyon, Benton County",300027,Badger Canyon,2017-12-15 02:51:23.749104
2008-07-01,10:15,88.5,,58.4,36.2,0.0,SW@3.6,6.7,80.8,0.0,673,"Badger Canyon, Benton County",300027,Badger Canyon,2017-12-15 02:51:23.749104
2008-07-01,10:30,88.3,,58.6,36.8,0.0,SE@5.4,9.6,80.9,0.0,464,"Badger Canyon, Benton County",300027,Badger Canyon,2017-12-15 02:51:23.749104
2008-07-01,10:45,87.2,,58.8,38.3,0.0,SE@6.5,11.4,81.0,0.0,495,"Badger Canyon, Benton County",300027,Badger Canyon,2017-12-15 02:51:23.749104
2008-07-01,11:00,86.9,,58.5,38.3,0.0,E@8.5,13.2,81.2,0.0,487,"Badger Canyon, Benton County",300027,Badger Canyon,2017-12-15 02:51:23.749104
2008-07-01,11:15,86.7,,58.5,38.5,0.0,E@7.7,17.8,81.4,0.0,506,"Badger Canyon, Benton County",300027,Badger Canyon,2017-12-15 02:51:23.749104
2008-07-01,11:30,87.5,,58.5,37.5,0.0,S@7.0,19.2,81.6,0.0,445,"Badger Canyon, Benton County",300027,Badger Canyon,2017-12-15 02:51:23.749104
2008-07-01,11:45,88.1,,58.0,36.3,0.0,S@5.7,11.7,81.8,0.0,433,"Badger Canyon, Benton County",300027,Badger Canyon,2017-12-15 02:51:23.749104
2008-07-01,12:00,88.5,,57.6,35.3,0.0,S@5.0,9.9,82.0,0.0,421,"Badger Canyon, Benton County",300027,Badger Canyon,2017-12-15 02:51:23.749104
2008-07-01,12:15,88.2,,57.8,35.9,0.0,S@3.6,7.8,82.2,0.0,329,"Badger Canyon, Benton County",300027,Badger Canyon,2017-12-15 02:51:23.749104
2008-07-01,12:30,87.5,,58.1,37.1,0.0,SE@4.1,11.7,82.4,0.0,221,"Badger Canyon, Benton County",300027,Badger Canyon,2017-12-15 02:51:23.749104
2008-07-01,12:45,84.8,,58.0,40.2,0.26,SE@4.3,8.9,82.6,0.0,188,"Badger Canyon, Benton County",300027,Badger Canyon,2017-12-15 02:51:23.749104
2008-07-01,13:00,84.3,,60.5,44.7,0.92,SE@4.3,8.5,82.7,0.0,193,"Badger Canyon, Benton County",300027,Badger Canyon,2017-12-15 02:51:23.749104
2008-07-01,13:15,78.1,,66.1,66.5,1.0,E@4.1,7.4,82.9,0.02,173,"Badger Canyon, Benton County",300027,Badger Canyon,2017-12-15 02:51:23.749104
2008-07-01,13:30,76.4,,62.9,63.0,0.95,E@6.3,10.7,83.1,0.0,180,"Badger Canyon, Benton County",300027,Badger Canyon,2017-12-15 02:51:23.749104
2008-07-01,13:45,77.8,,62.8,59.9,0.68,SE@6.9,9.6,83.2,0.0,198,"Badger Canyon, Benton County",300027,Badger Canyon,2017-12-15 02:51:23.749104
2008-07-01,14:00,80.3,,65.3,60.2,0.0,SE@4.4,7.1,83.3,0.0,325,"Badger Canyon, Benton County",300027,Badger Canyon,2017-12-15 02:51:23.749104
2008-07-01,14:15,84.2,,65.9,54.3,0.0,SE@2.0,3.9,83.4,0.0,491,"Badger Canyon, Benton County",300027,Badger Canyon,2017-12-15 02:51:23.749104
2008-07-01,14:30,88.2,,62.7,42.7,0.0,SE@3.0,6.4,83.4,0.0,765,"Badger Canyon, Benton County",300027,Badger Canyon,2017-12-15 02:51:23.749104
2008-07-01,14:45,89.9,,60.0,36.8,0.0,E@4.3,7.8,83.5,0.0,739,"Badger Canyon, Benton County",300027,Badger Canyon,2017-12-15 02:51:23.749104
2008-07-01,15:00,90.0,,60.0,36.6,0.0,E@4.3,8.5,83.5,0.0,576,"Badger Canyon, Benton County",300027,Badger Canyon,2017-12-15 02:51:23.749104
2008-07-01,15:15,89.6,,60.7,38.1,0.0,SE@4.3,8.2,83.5,0.0,468,"Badger Canyon, Benton County",300027,Badger Canyon,2017-12-15 02:51:23.749104
2008-07-01,15:30,90.4,,62.4,39.5,0.0,S@3.7,7.4,83.5,0.0,518,"Badger Canyon, Benton County",300027,Badger Canyon,2017-12-15 02:51:23.749104
2008-07-01,15:45,92.3,,60.3,34.5,0.0,SE@5.3,8.5,83.5,0.0,596,"Badger Canyon, Benton County",300027,Badger Canyon,2017-12-15 02:51:23.749104
2008-07-01,16:00,91.4,,62.7,38.6,0.0,SE@5.5,8.9,83.5,0.0,370,"Badger Canyon, Benton County",300027,Badger Canyon,2017-12-15 02:51:23.749104
2008-07-01,16:15,90.7,,62.1,38.6,0.0,SE@4.1,8.2,83.6,0.0,346,"Badger Canyon, Benton County",300027,Badger Canyon,2017-12-15 02:51:23.749104
2008-07-01,16:30,89.9,,62.4,40.0,0.0,E@4.1,8.9,83.6,0.0,289,"Badger Canyon, Benton County",300027,Badger Canyon,2017-12-15 02:51:23.749104
2008-07-01,16:45,91.1,,61.5,37.4,0.0,SE@3.2,6.4,83.6,0.0,486,"Badger Canyon, Benton County",300027,Badger Canyon,2017-12-15 02:51:23.749104
2008-07-01,17:00,93.5,,58.0,30.6,0.0,SE@2.4,5.7,83.7,0.0,428,"Badger Canyon, Benton County",300027,Badger Canyon,2017-12-15 02:51:23.749104
2008-07-01,17:15,94.1,,58.4,30.5,0.0,SW@2.1,4.9,83.8,0.0,306,"Badger Canyon, Benton County",300027,Badger Canyon,2017-12-15 02:51:23.749104
2008-07-01,17:30,93.8,,58.1,30.4,0.0,S@3.6,5.3,83.8,0.0,265,"Badger Canyon, Benton County",300027,Badger Canyon,2017-12-15 02:51:23.749104
2008-07-01,17:45,93.6,,60.1,32.9,0.0,W@2.1,3.5,83.9,0.0,258,"Badger Canyon, Benton County",300027,Badger Canyon,2017-12-15 02:51:23.749104
2008-07-01,18:00,94.0,,58.1,30.3,0.0,SW@2.6,6.0,83.9,0.0,221,"Badger Canyon, Benton County",300027,Badger Canyon,2017-12-15 02:51:23.749104
2008-07-01,18:15,93.5,,58.2,30.8,0.0,SE@4.0,6.4,84.0,0.0,177,"Badger Canyon, Benton County",300027,Badger Canyon,2017-12-15 02:51:23.749104
2008-07-01,18:30,92.2,,60.3,34.6,0.0,E@3.0,6.0,84.0,0.0,136,"Badger Canyon, Benton County",300027,Badger Canyon,2017-12-15 02:51:23.749104
2008-07-01,18:45,90.8,,59.9,35.6,0.0,SE@3.2,5.7,84.1,0.0,100,"Badger Canyon, Benton County",300027,Badger Canyon,2017-12-15 02:51:23.749104
2008-07-01,19:00,89.7,,60.3,37.3,0.0,SE@2.5,6.7,84.1,0.0,51,"Badger Canyon, Benton County",300027,Badger Canyon,2017-12-15 02:51:23.749104
2008-07-01,19:15,88.7,,60.3,38.6,0.0,SE@2.4,4.9,84.2,0.0,36,"Badger Canyon, Benton County",300027,Badger Canyon,2017-12-15 02:51:23.749104
2008-07-01,19:30,87.9,,58.7,37.4,0.0,SE@3.9,6.0,84.2,0.0,26,"Badger Canyon, Benton County",300027,Badger Canyon,2017-12-15 02:51:23.749104
2008-07-01,19:45,85.6,,59.7,41.6,0.0,S@3.1,7.8,84.2,0.0,13,"Badger Canyon, Benton County",300027,Badger Canyon,2017-12-15 02:51:23.749104
2008-07-01,20:00,84.2,,58.9,42.3,0.0,SE@3.3,7.8,84.2,0.0,4,"Badger Canyon, Benton County",300027,Badger Canyon,2017-12-15 02:51:23.749104
2008-07-01,20:15,83.0,,55.5,39.0,0.0,SE@5.2,8.5,84.1,0.0,1,"Badger Canyon, Benton County",300027,Badger Canyon,2017-12-15 02:51:23.749104
2008-07-01,20:30,83.8,,52.3,33.8,0.0,SE@4.0,6.0,84.1,0.0,0,"Badger Canyon, Benton County",300027,Badger Canyon,2017-12-15 02:51:23.749104
2008-07-01,20:45,82.0,,53.1,36.8,0.0,SE@2.6,4.9,84.0,0.0,0,"Badger Canyon, Benton County",300027,Badger Canyon,2017-12-15 02:51:23.749104
2008-07-01,21:00,81.6,,52.7,36.8,0.0,S@2.9,6.0,84.0,0.0,0,"Badger Canyon, Benton County",300027,Badger Canyon,2017-12-15 02:51:23.749104
2008-07-01,21:15,81.4,,52.1,36.3,0.0,S@2.4,6.0,83.9,0.0,0,"Badger Canyon, Benton County",300027,Badger Canyon,2017-12-15 02:51:23.749104
2008-07-01,21:30,79.9,,54.8,41.9,0.0,S@1.2,3.9,83.8,0.0,0,"Badger Canyon, Benton County",300027,Badger Canyon,2017-12-15 02:51:23.749104
2008-07-01,21:45,79.0,,55.7,44.8,0.0,NE@8.3,16.4,83.7,0.0,0,"Badger Canyon, Benton County",300027,Badger Canyon,2017-12-15 02:51:23.749104
2008-07-01,22:00,79.3,,58.1,48.2,0.0,E@4.3,9.2,83.6,0.0,0,"Badger Canyon, Benton County",300027,Badger Canyon,2017-12-15 02:51:23.749104
2008-07-01,22:15,79.2,,57.8,47.9,0.0,E@2.1,4.9,83.5,0.0,0,"Badger Canyon, Benton County",300027,Badger Canyon,2017-12-15 02:51:23.749104
2008-07-01,22:30,78.7,,57.4,47.9,0.0,SE@1.6,3.1,83.4,0.0,0,"Badger Canyon, Benton County",300027,Badger Canyon,2017-12-15 02:51:23.749104
2008-07-01,22:45,77.3,,57.4,50.4,0.0,SE@3.5,6.0,83.2,0.0,0,"Badger Canyon, Benton County",300027,Badger Canyon,2017-12-15 02:51:23.749104
2008-07-01,23:00,76.6,,57.0,50.6,0.0,SE@4.3,6.0,83.1,0.0,0,"Badger Canyon, Benton County",300027,Badger Canyon,2017-12-15 02:51:23.749104
2008-07-02,23:15,76.0,,56.1,50.1,0.0,SE@2.8,5.7,82.9,0.0,0,"Badger Canyon, Benton County",300027,Badger Canyon,2017-12-15 02:51:23.749104
2008-07-02,23:30,76.7,,54.8,46.7,0.0,SE@3.1,5.3,82.8,0.0,0,"Badger Canyon, Benton County",300027,Badger Canyon,2017-12-15 02:51:23.749104
2008-07-02,23:45,75.4,,54.8,48.9,0.0,E@3.9,4.9,82.6,0.0,0,"Badger Canyon, Benton County",300027,Badger Canyon,2017-12-15 02:51:23.749104
2008-07-02,24:00,75.1,,54.5,48.8,0.0,SE@2.2,4.2,82.5,0.0,0,"Badger Canyon, Benton County",300027,Badger Canyon,2017-12-15 02:51:23.749104
2008-07-02,00:15,76.0,,54.2,46.6,0.0,S@2.8,4.2,82.3,0.0,0,"Badger Canyon, Benton County",300027,Badger Canyon,2017-12-15 02:51:23.749104
2008-07-02,00:30,74.5,,55.1,50.6,0.0,SE@2.2,4.6,82.2,0.0,0,"Badger Canyon, Benton County",300027,Badger Canyon,2017-12-15 02:51:23.749104
2008-07-02,00:45,74.5,,53.3,47.5,0.0,SE@2.6,4.6,82.1,0.0,0,"Badger Canyon, Benton County",300027,Badger Canyon,2017-12-15 02:51:23.749104
2008-07-02,01:00,74.3,,53.1,47.5,0.0,SE@2.0,3.9,81.9,0.0,0,"Badger Canyon, Benton County",300027,Badger Canyon,2017-12-15 02:51:23.749104
2008-07-02,01:15,74.5,,52.9,46.9,0.0,S@2.4,4.2,81.8,0.0,0,"Badger Canyon, Benton County",300027,Badger Canyon,2017-12-15 02:51:23.749104
2008-07-02,01:30,74.3,,52.6,46.6,0.0,S@0.9,3.5,81.6,0.0,0,"Badger Canyon, Benton County",300027,Badger Canyon,2017-12-15 02:51:23.749104
2008-07-02,01:45,72.9,,52.8,49.4,0.0,S@0.1,2.4,81.5,0.0,0,"Badger Canyon, Benton County",300027,Badger Canyon,2017-12-15 02:51:23.749104
2008-07-02,02:00,72.6,,52.3,48.9,0.0,S@2.6,6.0,81.4,0.0,0,"Badger Canyon, Benton County",300027,Badger Canyon,2017-12-15 02:51:23.749104
2008-07-02,02:15,72.9,,52.1,48.0,0.0,S@2.7,4.9,81.2,0.0,0,"Badger Canyon, Benton County",300027,Badger Canyon,2017-12-15 02:51:23.749104
2008-07-02,02:30,72.5,,52.3,48.9,0.0,S@3.2,6.7,81.0,0.0,0,"Badger Canyon, Benton County",300027,Badger Canyon,2017-12-15 02:51:23.749104
2008-07-02,02:45,72.7,,52.2,48.4,0.0,S@2.3,4.9,80.9,0.0,0,"Badger Canyon, Benton County",300027,Badger Canyon,2017-12-15 02:51:23.749104
2008-07-02,03:00,72.0,,52.7,50.5,0.0,S@2.9,4.6,80.7,0.0,0,"Badger Canyon, Benton County",300027,Badger Canyon,2017-12-15 02:51:23.749104
2008-07-02,03:15,71.8,,52.7,50.9,0.0,S@2.1,4.6,80.6,0.0,0,"Badger Canyon, Benton County",300027,Badger Canyon,2017-12-15 02:51:23.749104
2008-07-02,03:30,71.0,,52.7,52.5,0.0,S@2.0,4.2,80.4,0.0,0,"Badger Canyon, Benton County",300027,Badger Canyon,2017-12-15 02:51:23.749104
2008-07-02,03:45,70.8,,53.2,53.6,0.0,S@2.0,6.0,80.3,0.0,0,"Badger Canyon, Benton County",300027,Badger Canyon,2017-12-15 02:51:23.749104
2008-07-02,04:00,70.3,,53.6,55.3,0.0,S@1.3,4.2,80.1,0.0,1,"Badger Canyon, Benton County",300027,Badger Canyon,2017-12-15 02:51:23.749104
2008-07-02,04:15,69.8,,53.7,56.5,0.0,S@0.5,3.1,80.0,0.0,3,"Badger Canyon, Benton County",300027,Badger Canyon,2017-12-15 02:51:23.749104
2008-07-02,04:30,69.7,,54.1,57.5,0.0,SE@1.9,5.3,79.8,0.0,9,"Badger Canyon, Benton County",300027,Badger Canyon,2017-12-15 02:51:23.749104
2008-07-02,04:45,70.2,,54.4,57.3,0.0,S@0.6,3.9,79.6,0.0,18,"Badger Canyon, Benton County",300027,Badger Canyon,2017-12-15 02:51:23.749104
2008-07-02,05:00,70.0,,54.7,58.2,0.0,N@0.0,0.0,79.5,0.0,27,"Badger Canyon, Benton County",300027,Badger Canyon,2017-12-15 02:51:23.749104
2008-07-02,05:15,70.3,,55.2,58.8,0.0,S@0.0,1.4,79.4,0.0,36,"Badger Canyon, Benton County",300027,Badger Canyon,2017-12-15 02:51:23.749104
2008-07-02,05:30,70.2,,55.7,59.9,0.0,SW@0.5,6.4,79.2,0.0,43,"Badger Canyon, Benton County",300027,Badger Canyon,2017-12-15 02:51:23.749104
2008-07-02,05:45,71.1,,56.0,59.0,0.0,W@2.8,5.7,79.1,0.0,51,"Badger Canyon, Benton County",300027,Badger Canyon,2017-12-15 02:51:23.749104
2008-07-02,06:00,71.4,,56.5,59.2,0.0,SW@3.0,6.4,78.9,0.0,58,"Badger Canyon, Benton County",300027,Badger Canyon,2017-12-15 02:51:23.749104
2008-07-02,06:15,72.1,,56.4,57.8,0.0,SW@4.0,8.5,78.8,0.0,148,"Badger Canyon, Benton County",300027,Badger Canyon,2017-12-15 02:51:23.749104
2008-07-02,06:30,73.0,,56.6,56.3,0.0,SW@4.3,7.8,78.7,0.0,242,"Badger Canyon, Benton County",300027,Badger Canyon,2017-12-15 02:51:23.749104
2008-07-02,06:45,73.8,,56.9,55.5,0.0,SW@4.6,7.8,78.6,0.0,281,"Badger Canyon, Benton County",300027,Badger Canyon,2017-12-15 02:51:23.749104
2008-07-02,07:00,74.4,,56.9,54.2,0.0,SW@4.9,8.2,78.4,0.0,321,"Badger Canyon, Benton County",300027,Badger Canyon,2017-12-15 02:51:23.749104
2008-07-02,07:15,75.1,,56.8,52.9,0.0,SW@4.4,7.1,78.3,0.0,361,"Badger Canyon, Benton County",300027,Badger Canyon,2017-12-15 02:51:23.749104
2008-07-02,07:30,75.9,,56.8,51.6,0.0,SW@4.1,7.1,78.2,0.0,404,"Badger Canyon, Benton County",300027,Badger Canyon,2017-12-15 02:51:23.749104
2008-07-02,07:45,76.5,,57.0,50.9,0.0,SE@4.0,7.4,78.1,0.0,446,"Badger Canyon, Benton County",300027,Badger Canyon,2017-12-15 02:51:23.749104
2008-07-02,08:00,76.6,,57.4,51.4,0.0,SE@4.4,6.7,78.0,0.0,485,"Badger Canyon, Benton County",300027,Badger Canyon,2017-12-15 02:51:23.749104
2008-07-02,08:15,77.5,,57.6,50.3,0.0,S@4.0,6.4,77.9,0.0,522,"Badger Canyon, Benton County",300027,Badger Canyon,2017-12-15 02:51:23.749104
2008-07-02,08:30,77.7,,57.6,50.0,0.0,SE@4.3,8.2,77.9,0.0,558,"Badger Canyon, Benton County",300027,Badger Canyon,2017-12-15 02:51:23.749104
2008-07-02,08:45,78.3,,58.1,49.8,0.0,S@3.9,8.2,77.9,0.0,594,"Badger Canyon, Benton County",300027,Badger Canyon,2017-12-15 02:51:23.749104
2008-07-02,09:00,79.2,,58.0,48.2,0.0,E@4.3,7.8,77.9,0.0,600,"Badger Canyon, Benton County",300027,Badger Canyon,2017-12-15 02:51:23.749104
2008-07-02,09:15,80.0,,58.6,48.0,0.0,SW@4.2,8.9,77.8,0.0,644,"Badger Canyon, Benton County",300027,Badger Canyon,2017-12-15 02:51:23.749104
2008-07-02,09:30,81.0,,59.1,47.2,0.0,S@4.5,9.2,77.9,0.0,707,"Badger Canyon, Benton County",300027,Badger Canyon,2017-12-15 02:51:23.749104
2008-07-02,09:45,81.7,,59.5,46.9,0.0,SE@5.1,7.4,77.9,0.0,704,"Badger Canyon, Benton County",300027,Badger Canyon,2017-12-15 02:51:23.749104
2008-07-02,10:00,82.1,,59.1,45.7,0.0,S@5.0,9.2,78.0,0.0,764,"Badger Canyon, Benton County",300027,Badger Canyon,2017-12-15 02:51:23.749104
2008-07-02,10:15,82.7,,58.8,44.3,0.0,S@5.4,12.1,78.1,0.0,767,"Badger Canyon, Benton County",300027,Badger Canyon,2017-12-15 02:51:23.749104
2008-07-02,10:30,83.8,,58.1,41.7,0.0,S@5.4,8.5,78.2,0.0,794,"Badger Canyon, Benton County",300027,Badger Canyon,2017-12-15 02:51:23.749104
2008-07-02,10:45,84.8,,58.3,40.6,0.0,S@5.9,9.9,78.4,0.0,826,"Badger Canyon, Benton County",300027,Badger Canyon,2017-12-15 02:51:23.749104
2008-07-02,11:00,85.5,,58.3,39.7,0.0,SE@6.2,11.4,78.6,0.0,760,"Badger Canyon, Benton County",300027,Badger Canyon,2017-12-15 02:51:23.749104
2008-07-02,11:15,86.3,,58.3,38.7,0.0,SE@6.3,12.1,78.8,0.0,843,"Badger Canyon, Benton County",300027,Badger Canyon,2017-12-15 02:51:23.749104
2008-07-02,11:30,87.9,,58.8,37.5,0.0,SE@5.3,9.9,79.0,0.0,850,"Badger Canyon, Benton County",300027,Badger Canyon,2017-12-15 02:51:23.749104
2008-07-02,11:45,88.2,,59.3,37.8,0.0,W@4.9,11.7,79.2,0.0,819,"Badger Canyon, Benton County",300027,Badger Canyon,2017-12-15 02:51:23.749104
2008-07-02,12:00,88.8,,59.9,37.9,0.0,S@5.6,9.9,79.5,0.0,854,"Badger Canyon, Benton County",300027,Badger Canyon,2017-12-15 02:51:23.749104
2008-07-02,12:15,89.5,,60.2,37.5,0.0,SW@4.8,9.2,79.7,0.0,878,"Badger Canyon, Benton County",300027,Badger Canyon,2017-12-15 02:51:23.749104
2008-07-02,12:30,89.8,,60.5,37.5,0.0,SW@5.0,8.9,80.0,0.0,709,"Badger Canyon, Benton County",300027,Badger Canyon,2017-12-15 02:51:23.749104
2008-07-02,12:45,91.1,,61.1,36.9,0.0,SW@5.1,9.6,80.3,0.0,843,"Badger Canyon, Benton County",300027,Badger Canyon,2017-12-15 02:51:23.749104
2008-07-02,13:00,92.4,,61.0,35.3,0.0,S@5.4,9.6,80.6,0.0,853,"Badger Canyon, Benton County",300027,Badger Canyon,2017-12-15 02:51:23.749104
2008-07-02,13:15,92.9,,60.8,34.5,0.0,S@6.4,9.9,80.8,0.0,745,"Badger Canyon, Benton County",300027,Badger Canyon,2017-12-15 02:51:23.749104
2008-07-02,13:30,93.2,,61.2,34.5,0.0,SW@5.6,9.9,81.1,0.0,856,"Badger Canyon, Benton County",300027,Badger Canyon,2017-12-15 02:51:23.749104
2008-07-02,13:45,93.9,,60.9,33.4,0.0,S@5.8,11.0,81.3,0.0,752,"Badger Canyon, Benton County",300027,Badger Canyon,2017-12-15 02:51:23.749104
2008-07-02,14:00,94.5,,60.9,32.9,0.0,SE@5.9,11.0,81.6,0.0,807,"Badger Canyon, Benton County",300027,Badger Canyon,2017-12-15 02:51:23.749104
2008-07-02,14:15,95.5,,59.7,30.6,0.0,SE@6.8,11.4,81.8,0.0,780,"Badger Canyon, Benton County",300027,Badger Canyon,2017-12-15 02:51:23.749104
2008-07-02,14:30,96.0,,59.5,30.0,0.0,S@6.0,12.8,82.1,0.0,701,"Badger Canyon, Benton County",300027,Badger Canyon,2017-12-15 02:51:23.749104
2008-07-02,14:45,96.2,,59.3,29.6,0.0,S@6.6,11.0,82.3,0.0,659,"Badger Canyon, Benton County",300027,Badger Canyon,2017-12-15 02:51:23.749104
2008-07-02,15:00,96.6,,58.2,28.0,0.0,SE@5.8,11.4,82.6,0.0,678,"Badger Canyon, Benton County",300027,Badger Canyon,2017-12-15 02:51:23.749104
2008-07-02,15:15,97.0,,58.8,28.2,0.0,SW@6.6,10.3,82.9,0.0,662,"Badger Canyon, Benton County",300027,Badger Canyon,2017-12-15 02:51:23.749104
2008-07-02,15:30,97.2,,58.3,27.6,0.0,S@6.3,13.5,83.2,0.0,594,"Badger Canyon, Benton County",300027,Badger Canyon,2017-12-15 02:51:23.749104
2008-07-02,15:45,97.7,,58.3,27.2,0.0,SE@6.4,11.0,83.4,0.0,514,"Badger Canyon, Benton County",300027,Badger Canyon,2017-12-15 02:51:23.749104
2008-07-02,16:00,97.7,,58.0,26.9,0.0,S@6.7,11.7,83.7,0.0,507,"Badger Canyon, Benton County",300027,Badger Canyon,2017-12-15 02:51:23.749104
2008-07-02,16:15,97.9,,58.1,26.8,0.0,S@6.3,9.9,84.0,0.0,463,"Badger Canyon, Benton County",300027,Badger Canyon,2017-12-15 02:51:23.749104
2008-07-02,16:30,97.6,,58.1,27.1,0.0,S@6.3,9.6,84.3,0.0,413,"Badger Canyon, Benton County",300027,Badger Canyon,2017-12-15 02:51:23.749104
2008-07-02,16:45,97.0,,57.6,27.1,0.0,S@7.2,11.7,84.6,0.0,424,"Badger Canyon, Benton County",300027,Badger Canyon,2017-12-15 02:51:23.749104
2008-07-02,17:00,97.2,,57.2,26.5,0.0,SW@6.3,11.4,84.9,0.0,416,"Badger Canyon, Benton County",300027,Badger Canyon,2017-12-15 02:51:23.749104
2008-07-02,17:15,97.2,,56.7,26.0,0.0,SW@6.5,10.7,85.1,0.0,390,"Badger Canyon, Benton County",300027,Badger Canyon,2017-12-15 02:51:23.749104
2008-07-02,17:30,97.2,,56.3,25.7,0.0,S@5.7,9.9,85.3,0.0,312,"Badger Canyon, Benton County",300027,Badger Canyon,2017-12-15 02:51:23.749104
2008-07-02,17:45,97.1,,56.6,26.1,0.0,SW@5.3,8.9,85.5,0.0,267,"Badger Canyon, Benton County",300027,Badger Canyon,2017-12-15 02:51:23.749104
2008-07-02,18:00,96.6,,56.5,26.4,0.0,SE@5.8,8.9,85.7,0.0,188,"Badger Canyon, Benton County",300027,Badger Canyon,2017-12-15 02:51:23.749104
2008-07-02,18:15,96.5,,57.1,27.1,0.0,S@4.5,7.4,85.9,0.0,173,"Badger Canyon, Benton County",300027,Badger Canyon,2017-12-15 02:51:23.749104
2008-07-02,18:30,96.0,,57.7,28.1,0.0,SE@5.1,7.4,86.0,0.0,157,"Badger Canyon, Benton County",300027,Badger Canyon,2017-12-15 02:51:23.749104
2008-07-02,18:45,95.0,,57.9,29.1,0.0,E@5.4,8.5,86.1,0.0,92,"Badger Canyon, Benton County",300027,Badger Canyon,2017-12-15 02:51:23.749104
2008-07-02,19:00,94.1,,58.5,30.6,0.0,E@4.6,7.1,86.3,0.0,53,"Badger Canyon, Benton County",300027,Badger Canyon,2017-12-15 02:51:23.749104
2008-07-02,19:15,92.9,,59.6,33.1,0.0,NE@4.6,6.4,86.4,0.0,38,"Badger Canyon, Benton County",300027,Badger Canyon,2017-12-15 02:51:23.749104
2008-07-02,19:30,91.6,,60.3,35.2,0.0,NE@3.7,6.0,86.4,0.0,24,"Badger Canyon, Benton County",300027,Badger Canyon,2017-12-15 02:51:23.749104
2008-07-02,19:45,89.8,,60.7,37.8,0.0,E@3.0,4.6,86.5,0.0,10,"Badger Canyon, Benton County",300027,Badger Canyon,2017-12-15 02:51:23.749104
2008-07-02,20:00,87.7,,57.3,35.7,0.0,E@4.1,6.0,86.6,0.0,2,"Badger Canyon, Benton County",300027,Badger Canyon,2017-12-15 02:51:23.749104
2008-07-02,20:15,86.3,,54.5,33.7,0.0,E@3.9,5.3,86.6,0.0,1,"Badger Canyon, Benton County",300027,Badger Canyon,2017-12-15 02:51:23.749104
2008-07-02,20:30,85.7,,53.7,33.6,0.0,SE@3.7,5.3,86.6,0.0,0,"Badger Canyon, Benton County",300027,Badger Canyon,2017-12-15 02:51:23.749104
2008-07-02,20:45,85.2,,53.9,34.2,0.0,SE@2.4,4.9,86.6,0.0,0,"Badger Canyon, Benton County",300027,Badger Canyon,2017-12-15 02:51:23.749104
2008-07-02,21:00,84.4,,53.6,34.7,0.0,SE@2.2,4.6,86.5,0.0,0,"Badger Canyon, Benton County",300027,Badger Canyon,2017-12-15 02:51:23.749104
2008-07-02,21:15,84.5,,53.8,34.8,0.0,S@2.0,5.7,86.4,0.0,0,"Badger Canyon, Benton County",300027,Badger Canyon,2017-12-15 02:51:23.749104
2008-07-02,21:30,83.7,,53.9,35.9,0.0,SE@2.9,5.3,86.4,0.0,0,"Badger Canyon, Benton County",300027,Badger Canyon,2017-12-15 02:51:23.749104
2008-07-02,21:45,83.8,,53.9,35.8,0.0,SE@1.7,4.9,86.3,0.0,0,"Badger Canyon, Benton County",300027,Badger Canyon,2017-12-15 02:51:23.749104
2008-07-02,22:00,83.2,,53.7,36.2,0.0,S@2.7,4.2,86.2,0.0,0,"Badger Canyon, Benton County",300027,Badger Canyon,2017-12-15 02:51:23.749104
2008-07-02,22:15,82.9,,54.7,37.8,0.0,SE@2.4,3.9,86.1,0.0,0,"Badger Canyon, Benton County",300027,Badger Canyon,2017-12-15 02:51:23.749104
2008-07-02,22:30,81.4,,54.3,39.3,0.0,S@2.3,3.9,86.0,0.0,0,"Badger Canyon, Benton County",300027,Badger Canyon,2017-12-15 02:51:23.749104
2008-07-02,22:45,81.8,,54.9,39.7,0.0,S@1.2,4.2,85.9,0.0,0,"Badger Canyon, Benton County",300027,Badger Canyon,2017-12-15 02:51:23.749104
2008-07-02,23:00,82.7,,55.1,38.7,0.0,SE@3.5,7.1,85.7,0.0,0,"Badger Canyon, Benton County",300027,Badger Canyon,2017-12-15 02:51:23.749104
2008-07-03,23:15,83.5,,54.8,37.4,0.0,S@6.0,16.7,85.5,0.0,0,"Badger Canyon, Benton County",300027,Badger Canyon,2017-12-15 02:51:23.749104
2008-07-03,23:30,84.8,,56.4,38.0,0.12,W@7.6,14.6,85.4,0.0,0,"Badger Canyon, Benton County",300027,Badger Canyon,2017-12-15 02:51:23.749104
2008-07-03,23:45,81.2,,58.0,45.2,0.95,SE@11.4,23.2,85.2,0.14,0,"Badger Canyon, Benton County",300027,Badger Canyon,2017-12-15 02:51:23.749104
2008-07-03,24:00,80.8,,57.2,44.4,0.88,S@5.8,11.7,85.1,0.0,0,"Badger Canyon, Benton County",300027,Badger Canyon,2017-12-15 02:51:23.749104
2008-07-03,00:15,80.8,,58.0,45.8,0.6,SE@5.4,9.2,85.0,0.0,0,"Badger Canyon, Benton County",300027,Badger Canyon,2017-12-15 02:51:23.749104
2008-07-03,00:30,82.1,,57.1,42.5,0.0,SE@3.7,8.9,84.9,0.0,0,"Badger Canyon, Benton County",300027,Badger Canyon,2017-12-15 02:51:23.749104
2008-07-03,00:45,79.4,,58.1,48.0,0.0,SE@4.9,8.5,84.7,0.0,0,"Badger Canyon, Benton County",300027,Badger Canyon,2017-12-15 02:51:23.749104
2008-07-03,01:00,78.3,,58.1,49.8,0.0,SE@4.6,9.6,84.5,0.0,0,"Badger Canyon, Benton County",300027,Badger Canyon,2017-12-15 02:51:23.749104
2008-07-03,01:15,77.3,,58.3,51.8,0.0,E@4.2,7.1,84.4,0.0,0,"Badger Canyon, Benton County",300027,Badger Canyon,2017-12-15 02:51:23.749104
2008-07-03,01:30,77.8,,57.9,50.5,0.0,SE@4.6,6.7,84.2,0.0,0,"Badger Canyon, Benton County",300027,Badger Canyon,2017-12-15 02:51:23.749104
2008-07-03,01:45,78.3,,57.6,49.0,0.0,SE@4.5,7.1,84.0,0.0,0,"Badger Canyon, Benton County",300027,Badger Canyon,2017-12-15 02:51:23.749104
2008-07-03,02:00,77.5,,58.3,51.5,0.0,SE@1.8,4.6,83.8,0.0,0,"Badger Canyon, Benton County",300027,Badger Canyon,2017-12-15 02:51:23.749104
2008-07-03,02:15,76.3,,58.5,54.1,0.0,SE@3.6,4.9,83.6,0.0,0,"Badger Canyon, Benton County",300027,Badger Canyon,2017-12-15 02:51:23.749104
2008-07-03,02:30,76.9,,58.6,53.3,0.0,E@5.0,9.9,83.4,0.0,0,"Badger Canyon, Benton County",300027,Badger Canyon,2017-12-15 02:51:23.749104
2008-07-03,02:45,76.0,,58.2,54.1,0.0,S@3.2,7.8,83.2,0.0,0,"Badger Canyon, Benton County",300027,Badger Canyon,2017-12-15 02:51:23.749104
2008-07-03,03:00,74.0,,59.3,60.1,0.0,SE@1.9,4.6,83.0,0.0,0,"Badger Canyon, Benton County",300027,Badger Canyon,2017-12-15 02:51:23.749104
2008-07-03,03:15,74.5,,58.4,57.1,0.0,SE@3.2,6.4,82.8,0.0,0,"Badger Canyon, Benton County",300027,Badger Canyon,2017-12-15 02:51:23.749104
2008-07-03,03:30,75.7,,57.5,53.2,0.0,S@3.2,5.7,82.6,0.0,0,"Badger Canyon, Benton County",300027,Badger Canyon,2017-12-15 02:51:23.749104
2008-07-03,03:45,75.2,,57.3,53.6,0.0,SE@1.2,3.1,82.4,0.0,0,"Badger Canyon, Benton County",300027,Badger Canyon,2017-12-15 02:51:23.749104
2008-07-03,04:00,75.7,,57.0,52.3,0.0,S@2.2,4.6,82.2,0.0,0,"Badger Canyon, Benton County",300027,Badger Canyon,2017-12-15 02:51:23.749104
2008-07-03,04:15,75.8,,57.4,52.7,0.0,SE@2.4,4.2,82.0,0.0,2,"Badger Canyon, Benton County",300027,Badger Canyon,2017-12-15 02:51:23.749104
2008-07-03,04:30,74.6,,57.3,54.8,0.0,E@2.3,4.2,81.8,0.0,4,"Badger Canyon, Benton County",300027,Badger Canyon,2017-12-15 02:51:23.749104
2008-07-03,04:45,74.3,,57.9,56.7,0.0,E@1.6,4.2,81.6,0.0,14,"Badger Canyon, Benton County",300027,Badger Canyon,2017-12-15 02:51:23.749104
2008-07-03,05:00,74.2,,58.1,57.2,0.0,S@2.1,4.2,81.4,0.0,24,"Badger Canyon, Benton County",300027,Badger Canyon,2017-12-15 02:51:23.749104
2008-07-03,05:15,73.3,,58.3,59.3,0.0,E@1.5,3.5,81.3,0.0,30,"Badger Canyon, Benton County",300027,Badger Canyon,2017-12-15 02:51:23.749104
2008-07-03,05:30,72.9,,59.0,61.5,0.0,S@0.9,3.9,81.1,0.0,49,"Badger Canyon, Benton County",300027,Badger Canyon,2017-12-15 02:51:23.749104
2008-07-03,05:45,73.5,,58.4,59.0,0.0,S@2.4,3.5,80.9,0.0,57,"Badger Canyon, Benton County",300027,Badger Canyon,2017-12-15 02:51:23.749104
2008-07-03,06:00,73.6,,59.2,60.5,0.0,SE@0.1,2.4,80.7,0.0,72,"Badger Canyon, Benton County",300027,Badger Canyon,2017-12-15 02:51:23.749104
2008-07-03,06:15,73.7,,59.6,61.4,0.0,S@0.3,2.8,80.5,0.0,136,"Badger Canyon, Benton County",300027,Badger Canyon,2017-12-15 02:51:23.749104
2008-07-03,06:30,75.6,,59.8,58.0,0.0,E@1.2,2.8,80.3,0.0,199,"Badger Canyon, Benton County",300027,Badger Canyon,2017-12-15 02:51:23.749104
2008-07-03,06:45,77.8,,60.5,55.3,0.0,SE@1.0,2.4,80.2,0.0,250,"Badger Canyon, Benton County",300027,Badger Canyon,2017-12-15 02:51:23.749104
2008-07-03,07:00,78.1,,61.1,55.8,0.0,S@0.9,4.6,80.0,0.0,289,"Badger Canyon, Benton County",300027,Badger Canyon,2017-12-15 02:51:23.749104
2008-07-03,07:15,79.7,,60.6,51.9,0.0,S@1.5,5.3,79.9,0.0,337,"Badger Canyon, Benton County",300027,Badger Canyon,2017-12-15 02:51:23.749104
2008-07-03,07:30,80.1,,60.2,50.6,0.0,S@3.0,4.6,79.7,0.0,357,"Badger Canyon, Benton County",300027,Badger Canyon,2017-12-15 02:51:23.749104
2008-07-03,07:45,80.9,,59.7,48.6,0.0,SW@1.7,4.2,79.6,0.0,446,"Badger Canyon, Benton County",300027,Badger Canyon,2017-12-15 02:51:23.749104
2008-07-03,08:00,82.0,,60.4,48.0,0.0,S@1.0,2.8,79.5,0.0,450,"Badger Canyon, Benton County",300027,Badger Canyon,2017-12-15 02:51:23.749104
2008-07-03,08:15,81.4,,59.5,47.4,0.0,SW@2.3,4.2,79.4,0.0,518,"Badger Canyon, Benton County",300027,Badger Canyon,2017-12-15 02:51:23.749104
2008-07-03,08:30,82.9,,58.8,44.1,0.0,S@1.6,3.1,79.3,0.0,570,"Badger Canyon, Benton County",300027,Badger Canyon,2017-12-15 02:51:23.749104
2008-07-03,08:45,83.6,,59.2,43.7,0.0,SW@1.3,3.5,79.3,0.0,569,"Badger Canyon, Benton County",300027,Badger Canyon,2017-12-15 02:51:23.749104
2008-07-03,09:00,84.2,,58.7,42.2,0.0,SW@1.0,3.9,79.2,0.0,590,"Badger Canyon, Benton County",300027,Badger Canyon,2017-12-15 02:51:23.749104
2008-07-03,09:15,84.9,,59.2,41.8,0.0,SW@2.0,3.9,79.2,0.0,615,"Badger Canyon, Benton County",300027,Badger Canyon,2017-12-15 02:51:23.749104
2008-07-03,09:30,85.9,,58.8,40.0,0.0,S@2.3,5.3,79.3,0.0,648,"Badger Canyon, Benton County",300027,Badger Canyon,2017-12-15 02:51:23.749104
2008-07-03,09:45,86.5,,59.1,39.6,0.0,SE@2.1,4.2,79.3,0.0,675,"Badger Canyon, Benton County",300027,Badger Canyon,2017-12-15 02:51:23.749104
2008-07-03,10:00,87.7,,59.3,38.4,0.0,S@3.4,6.7,79.4,0.0,753,"Badger Canyon, Benton County",300027,Badger Canyon,2017-12-15 02:51:23.749104
2008-07-03,10:15,88.0,,59.9,38.8,0.0,SW@2.9,5.3,79.4,0.0,682,"Badger Canyon, Benton County",300027,Badger Canyon,2017-12-15 02:51:23.749104
2008-07-03,10:30,88.8,,58.8,36.5,0.0,S@2.3,5.3,79.5,0.0,669,"Badger Canyon, Benton County",300027,Badger Canyon,2017-12-15 02:51:23.749104
2008-07-03,10:45,89.2,,58.8,35.9,0.0,SW@2.2,4.2,79.7,0.0,777,"Badger Canyon, Benton County",300027,Badger Canyon,2017-12-15 02:51:23.749104
2008-07-03,11:00,90.5,,59.4,35.3,0.0,S@2.4,6.4,79.8,0.0,797,"Badger Canyon, Benton County",300027,Badger Canyon,2017-12-15 02:51:23.749104
2008-07-03,11:15,90.1,,61.7,38.8,0.0,W@4.0,8.2,79.9,0.0,767,"Badger Canyon, Benton County",300027,Badger Canyon,2017-12-15 02:51:23.749104
2008-07-03,11:30,89.9,,62.3,39.8,0.0,W@4.6,9.6,80.1,0.0,772,"Badger Canyon, Benton County",300027,Badger Canyon,2017-12-15 02:51:23.749104
2008-07-03,11:45,90.7,,61.9,38.4,0.0,W@3.9,8.5,80.3,0.0,791,"Badger Canyon, Benton County",300027,Badger Canyon,2017-12-15 02:51:23.749104
2008-07-03,12:00,90.3,,61.4,38.2,0.0,SW@5.7,9.2,80.4,0.0,632,"Badger Canyon, Benton County",300027,Badger Canyon,2017-12-15 02:51:23.749104
2008-07-03,12:15,90.1,,60.6,37.4,0.0,SW@6.2,10.7,80.6,0.0,601,"Badger Canyon, Benton County",300027,Badger Canyon,2017-12-15 02:51:23.749104
2008-07-03,12:30,90.6,,59.6,35.5,0.0,SW@5.9,9.6,80.9,0.0,855,"Badger Canyon, Benton County",300027,Badger Canyon,2017-12-15 02:51:23.749104
2008-07-03,12:45,91.2,,58.3,33.3,0.0,SW@6.0,12.1,81.1,0.0,716,"Badger Canyon, Benton County",300027,Badger Canyon,2017-12-15 02:51:23.749104
2008-07-03,13:00,91.7,,59.6,34.3,0.0,SW@5.6,9.2,81.3,0.0,857,"Badger Canyon, Benton County",300027,Badger Canyon,2017-12-15 02:51:23.749104
2008-07-03,13:15,92.4,,58.6,32.3,0.0,SW@6.6,12.8,81.5,0.0,852,"Badger Canyon, Benton County",300027,Badger Canyon,2017-12-15 02:51:23.749104
2008-07-03,13:30,93.0,,58.3,31.5,0.0,SW@6.2,17.8,81.7,0.0,875,"Badger Canyon, Benton County",300027,Badger Canyon,2017-12-15 02:51:23.749104
2008-07-03,13:45,93.1,,59.1,32.2,0.0,SW@5.8,9.9,81.9,0.0,836,"Badger Canyon, Benton County",300027,Badger Canyon,2017-12-15 02:51:23.749104
2008-07-03,14:00,93.4,,57.7,30.4,0.0,SW@6.8,12.4,82.1,0.0,736,"Badger Canyon, Benton County",300027,Badger Canyon,2017-12-15 02:51:23.749104
2008-07-03,14:15,94.2,,56.7,28.6,0.0,S@7.8,12.4,82.3,0.0,784,"Badger Canyon, Benton County",300027,Badger Canyon,2017-12-15 02:51:23.749104
2008-07-03,14:30,93.8,,57.3,29.6,0.0,SW@8.0,14.6,82.6,0.0,761,"Badger Canyon, Benton County",300027,Badger Canyon,2017-12-15 02:51:23.749104
2008-07-03,14:45,93.9,,57.2,29.4,0.0,SW@8.2,15.3,82.8,0.0,724,"Badger Canyon, Benton County",300027,Badger Canyon,2017-12-15 02:51:23.749104
2008-07-03,15:00,93.9,,58.2,30.3,0.0,SW@7.6,14.2,83.1,0.0,686,"Badger Canyon, Benton County",300027,Badger Canyon,2017-12-15 02:51:23.749104
2008-07-03,15:15,94.0,,57.7,29.8,0.0,SW@7.1,13.5,83.3,0.0,660,"Badger Canyon, Benton County",300027,Badger Canyon,2017-12-15 02:51:23.749104
2008-07-03,15:30,94.2,,57.6,29.5,0.0,SW@7.1,16.0,83.6,0.0,628,"Badger Canyon, Benton County",300027,Badger Canyon,2017-12-15 02:51:23.749104
2008-07-03,15:45,95.0,,57.9,29.1,0.0,SW@6.9,11.4,83.9,0.0,600,"Badger Canyon, Benton County",300027,Badger Canyon,2017-12-15 02:51:23.749104
2008-07-03,16:00,94.2,,58.0,29.9,0.0,SW@7.8,12.8,84.2,0.0,553,"Badger Canyon, Benton County",300027,Badger Canyon,2017-12-15 02:51:23.749104
2008-07-03,16:15,94.0,,57.9,30.0,0.0,SW@7.9,15.7,84.4,0.0,513,"Badger Canyon, Benton County",300027,Badger Canyon,2017-12-15 02:51:23.749104
2008-07-03,16:30,94.1,,58.2,30.3,0.0,SW@7.4,12.8,84.7,0.0,472,"Badger Canyon, Benton County",300027,Badger Canyon,2017-12-15 02:51:23.749104
2008-07-03,16:45,93.7,,58.5,31.0,0.0,SW@8.1,12.8,84.9,0.0,439,"Badger Canyon, Benton County",300027,Badger Canyon,2017-12-15 02:51:23.749104
2008-07-03,17:00,93.3,,58.2,30.9,0.0,SW@6.5,11.4,85.2,0.0,360,"Badger Canyon, Benton County",300027,Badger Canyon,2017-12-15 02:51:23.749104
2008-07-03,17:15,94.0,,57.2,29.3,0.0,SW@5.0,9.6,85.4,0.0,334,"Badger Canyon, Benton County",300027,Badger Canyon,2017-12-15 02:51:23.749104
2008-07-03,17:30,93.9,,57.5,29.7,0.0,SW@5.3,10.7,85.6,0.0,291,"Badger Canyon, Benton County",300027,Badger Canyon,2017-12-15 02:51:23.749104
2008-07-03,17:45,93.7,,57.0,29.4,0.0,SW@5.8,11.0,85.8,0.0,221,"Badger Canyon, Benton County",300027,Badger Canyon,2017-12-15 02:51:23.749104
2008-07-03,18:00,94.1,,56.1,28.1,0.0,S@8.7,16.4,85.9,0.0,187,"Badger Canyon, Benton County",300027,Badger Canyon,2017-12-15 02:51:23.749104
2008-07-03,18:15,93.8,,56.2,28.4,0.0,S@9.2,15.7,86.1,0.0,158,"Badger Canyon, Benton County",300027,Badger Canyon,2017-12-15 02:51:23.749104
2008-07-03,18:30,92.9,,57.0,30.0,0.0,SW@7.1,13.2,86.2,0.0,116,"Badger Canyon, Benton County",300027,Badger Canyon,2017-12-15 02:51:23.749104
2008-07-03,18:45,91.7,,57.8,32.2,0.0,SW@4.9,10.7,86.3,0.0,85,"Badger Canyon, Benton County",300027,Badger Canyon,2017-12-15 02:51:23.749104
2008-07-03,19:00,90.3,,58.9,34.9,0.0,SW@3.1,11.0,86.3,0.0,54,"Badger Canyon, Benton County",300027,Badger Canyon,2017-12-15 02:51:23.749104
2008-07-03,19:15,89.1,,59.0,36.3,0.0,SW@2.3,7.4,86.4,0.0,38,"Badger Canyon, Benton County",300027,Badger Canyon,2017-12-15 02:51:23.749104
2008-07-03,19:30,88.5,,58.1,35.9,0.0,W@4.0,8.9,86.4,0.0,23,"Badger Canyon, Benton County",300027,Badger Canyon,2017-12-15 02:51:23.749104
2008-07-03,19:45,87.4,,57.3,36.1,0.0,SW@4.9,9.9,86.4,0.0,9,"Badger Canyon, Benton County",300027,Badger Canyon,2017-12-15 02:51:23.749104
2008-07-03,20:00,86.0,,57.8,38.4,0.0,SW@3.9,6.7,86.4,0.0,2,"Badger Canyon, Benton County",300027,Badger Canyon,2017-12-15 02:51:23.749104
2008-07-03,20:15,85.7,,58.4,39.7,0.0,SW@3.7,6.0,86.4,0.0,1,"Badger Canyon, Benton County",300027,Badger Canyon,2017-12-15 02:51:23.749104
2008-07-03,20:30,84.9,,58.7,41.2,0.0,SW@3.4,6.0,86.3,0.0,0,"Badger Canyon, Benton County",300027,Badger Canyon,2017-12-15 02:51:23.749104
2008-07-03,20:45,83.9,,59.1,43.1,0.0,SW@1.4,3.9,86.2,0.0,0,"Badger Canyon, Benton County",300027,Badger Canyon,2017-12-15 02:51:23.749104
2008-07-03,21:00,83.1,,59.3,44.5,0.0,S@1.9,4.9,86.1,0.0,0,"Badger Canyon, Benton County",300027,Badger Canyon,2017-12-15 02:51:23.749104
2008-07-03,21:15,82.7,,59.3,45.1,0.0,SE@0.2,1.7,86.0,0.0,0,"Badger Canyon, Benton County",300027,Badger Canyon,2017-12-15 02:51:23.749104
2008-07-03,21:30,81.9,,59.5,46.5,0.0,NE@2.0,3.9,85.9,0.0,0,"Badger Canyon, Benton County",300027,Badger Canyon,2017-12-15 02:51:23.749104
2008-07-03,21:45,81.4,,58.9,46.4,0.0,S@1.6,3.9,85.8,0.0,0,"Badger Canyon, Benton County",300027,Badger Canyon,2017-12-15 02:51:23.749104
2008-07-03,22:00,81.0,,57.9,45.2,0.0,S@3.5,5.7,85.7,0.0,0,"Badger Canyon, Benton County",300027,Badger Canyon,2017-12-15 02:51:23.749104
2008-07-03,22:15,80.9,,57.2,44.4,0.0,S@2.0,4.9,85.5,0.0,0,"Badger Canyon, Benton County",300027,Badger Canyon,2017-12-15 02:51:23.749104
2008-07-03,22:30,80.3,,56.8,44.5,0.0,S@3.0,7.1,85.4,0.0,0,"Badger Canyon, Benton County",300027,Badger Canyon,2017-12-15 02:51:23.749104
2008-07-03,22:45,79.6,,56.3,44.7,0.0,SW@2.5,6.0,85.2,0.0,0,"Badger Canyon, Benton County",300027,Badger Canyon,2017-12-15 02:51:23.749104
2008-07-03,23:00,78.4,,55.3,44.9,0.0,SW@3.9,9.6,85.0,0.0,0,"Badger Canyon, Benton County",300027,Badger Canyon,2017-12-15 02:51:23.749104
2008-07-04,23:15,77.9,,54.9,45.0,0.0,SW@6.5,13.5,84.9,0.0,0,"Badger Canyon, Benton County",300027,Badger Canyon,2017-12-15 02:51:23.749104
2008-07-04,23:30,76.9,,54.4,45.7,0.0,SW@4.3,11.0,84.7,0.0,0,"Badger Canyon, Benton County",300027,Badger Canyon,2017-12-15 02:51:23.749104
2008-07-04,23:45,76.0,,54.3,46.8,0.0,SW@2.6,6.0,84.5,0.0,0,"Badger Canyon, Benton County",300027,Badger Canyon,2017-12-15 02:51:23.749104
2008-07-04,24:00,76.1,,54.1,46.3,0.0,SW@3.0,6.4,84.3,0.0,0,"Badger Canyon, Benton County",300027,Badger Canyon,2017-12-15 02:51:23.749104
