Date,Time PDT,1.5m Air Temp °F, 1.5m Dew Point °F, 1.5m Rel Hum %, Tot Prec in, Solar Rad W/m², Wind Direction, Wind Speed mph, 2m Wind Gust mph, 1.5m Leaf Wet u., 8 in. Soil Tmp °F,Location,Station ID,Station Name,Download Timestamp
2007-12-31,24:00,33.9,31.5,91.0,0.0,0,NE,11.8,15.4,,35.4,"Nooksack, Everson, Whatcom County",330061,Nooksack,2021-04-28 23:14:36.789614
2008-01-01,00:15,33.8,31.4,90.8,0.0,0,NE,11.5,21.1,,35.4,"Nooksack, Everson, Whatcom County",330061,Nooksack,2021-04-28 23:14:36.789614
2008-01-01,00:30,34.1,30.9,87.9,0.0,0,NE,11.8,16.1,,35.4,"Nooksack, Everson, Whatcom County",330061,Nooksack,2021-04-28 23:14:36.789614
2008-01-01,00:45,34.0,30.8,87.9,0.0,0,NE,10.9,14.5,,35.4,"Nooksack, Everson, Whatcom County",330061,Nooksack,2021-04-28 23:14:36.789614
2008-01-01,01:00,33.7,30.6,88.4,0.0,0,NE,11.8,20.9,,35.4,"Nooksack, Everson, Whatcom County",330061,Nooksack,2021-04-28 23:14:36.789614
2008-01-01,01:15,33.7,30.5,88.1,0.0,0,NE,10.4,23.1,,35.4,"Nooksack, Everson, Whatcom County",330061,Nooksack,2021-04-28 23:14:36.789614
2008-01-01,01:30,33.0,30.7,91.3,0.0,0,NE,9.3,13.1,,35.4,"Nooksack, Everson, Whatcom County",330061,Nooksack,2021-04-28 23:14:36.789614
2008-01-01,01:45,33.1,30.6,90.3,0.0,0,NE,9.5,13.2,,35.4,"Nooksack, Everson, Whatcom County",330061,Nooksack,2021-04-28 23:14:36.789614
2008-01-01,02:00,33.2,30.4,89.1,0.0,0,NE,14.5,25.0,,35.4,"Nooksack, Everson, Whatcom County",330061,Nooksack,2021-04-28 23:14:36.789614
2008-01-01,02:15,34.0,30.0,85.4,0.0,0,NE,12.9,16.5,,35.4,"Nooksack, Everson, Whatcom County",330061,Nooksack,2021-04-28 23:14:36.789614
2008-01-01,02:30,35.3,29.3,78.6,0.0,0,NE,10.7,20.0,,35.4,"Nooksack, Everson, Whatcom County",330061,Nooksack,2021-04-28 23:14:36.789614
2008-01-01,02:45,35.9,29.1,75.9,0.0,0,NE,9.7,18.4,,35.4,"Nooksack, Everson, Whatcom County",330061,Nooksack,2021-04-28 23:14:36.789614
2008-01-01,03:00,36.2,28.8,74.3,0.0,0,NE,11.1,17.4,,35.4,"Nooksack, Everson, Whatcom County",330061,Nooksack,2021-04-28 23:14:36.789614
2008-01-01,03:15,36.0,28.7,74.6,0.0,0,NE,13.1,22.9,,35.4,"Nooksack, Everson, Whatcom County",330061,Nooksack,2021-04-28 23:14:36.789614
2008-01-01,03:30,36.1,28.4,73.3,0.0,0,NE,14.0,18.8,,35.4,"Nooksack, Everson, Whatcom County",330061,Nooksack,2021-04-28 23:14:36.789614
2008-01-01,03:45,35.6,28.6,75.3,0.0,0,NE,14.0,22.5,,35.4,"Nooksack, Everson, Whatcom County",330061,Nooksack,2021-04-28 23:14:36.789614
2008-01-01,04:00,35.3,28.4,75.9,0.0,0,NE,13.8,24.3,,35.4,"Nooksack, Everson, Whatcom County",330061,Nooksack,2021-04-28 23:14:36.789614
2008-01-01,04:15,35.4,28.2,75.0,0.0,0,NE,14.1,26.7,,35.3,"Nooksack, Everson, Whatcom County",330061,Nooksack,2021-04-28 23:14:36.789614
2008-01-01,04:30,36.0,28.1,72.5,0.0,0,NE,11.5,17.0,,35.3,"Nooksack, Everson, Whatcom County",330061,Nooksack,2021-04-28 23:14:36.789614
2008-01-01,04:45,35.7,28.0,73.5,0.0,0,NE,14.3,20.2,,35.3,"Nooksack, Everson, Whatcom County",330061,Nooksack,2021-04-28 23:14:36.789614
2008-01-01,05:00,36.2,28.2,72.3,0.0,0,NE,8.6,14.8,,35.3,"Nooksack, Everson, Whatcom County",330061,Nooksack,2021-04-28 23:14:36.789614
2008-01-01,05:15,36.8,27.8,69.5,0.0,0,NE,12.5,17.9,,35.3,"Nooksack, Everson, Whatcom County",330061,Nooksack,2021-04-28 23:14:36.789614
2008-01-01,05:30,36.3,28.4,72.9,0.0,0,NE,11.1,15.6,,35.3,"Nooksack, Everson, Whatcom County",330061,Nooksack,2021-04-28 23:14:36.789614
2008-01-01,05:45,35.7,28.5,74.9,0.0,0,NE,11.1,20.6,,35.3,"Nooksack, Everson, Whatcom County",330061,Nooksack,2021-04-28 23:14:36.789614
2008-01-01,06:00,35.4,28.6,76.0,0.0,0,NE,11.8,16.1,,35.3,"Nooksack, Everson, Whatcom County",330061,Nooksack,2021-04-28 23:14:36.789614
2008-01-01,06:15,35.0,28.6,77.4,0.0,0,NE,13.2,26.7,,35.3,"Nooksack, Everson, Whatcom County",330061,Nooksack,2021-04-28 23:14:36.789614
2008-01-01,06:30,34.7,28.6,78.2,0.0,0,NE,11.5,22.5,,35.3,"Nooksack, Everson, Whatcom County",330061,Nooksack,2021-04-28 23:14:36.789614
2008-01-01,06:45,35.4,28.5,75.7,0.0,0,NE,13.2,19.9,,35.3,"Nooksack, Everson, Whatcom County",330061,Nooksack,2021-04-28 23:14:36.789614
2008-01-01,07:00,35.9,28.4,73.8,0.0,0,NE,12.9,19.3,,35.3,"Nooksack, Everson, Whatcom County",330061,Nooksack,2021-04-28 23:14:36.789614
2008-01-01,07:15,37.1,28.1,69.7,0.0,0,NE,14.7,22.4,,35.3,"Nooksack, Everson, Whatcom County",330061,Nooksack,2021-04-28 23:14:36.789614
2008-01-01,07:30,36.9,27.9,69.4,0.0,0,NE,18.6,26.5,,35.3,"Nooksack, Everson, Whatcom County",330061,Nooksack,2021-04-28 23:14:36.789614
2008-01-01,07:45,37.9,28.0,67.1,0.0,0,NE,16.5,23.1,,35.3,"Nooksack, Everson, Whatcom County",330061,Nooksack,2021-04-28 23:14:36.789614
2008-01-01,08:00,38.5,28.1,65.9,0.0,0,NE,14.7,25.0,,35.2,"Nooksack, Everson, Whatcom County",330061,Nooksack,2021-04-28 23:14:36.789614
2008-01-01,08:15,38.1,28.0,66.9,0.0,0,NE,14.0,23.4,,35.2,"Nooksack, Everson, Whatcom County",330061,Nooksack,2021-04-28 23:14:36.789614
2008-01-01,08:30,37.6,28.2,68.5,0.0,1,NE,14.7,25.0,,35.2,"Nooksack, Everson, Whatcom County",330061,Nooksack,2021-04-28 23:14:36.789614
2008-01-01,08:45,37.9,28.7,69.2,0.0,4,NE,11.8,16.1,,35.2,"Nooksack, Everson, Whatcom County",330061,Nooksack,2021-04-28 23:14:36.789614
2008-01-01,09:00,38.0,29.1,70.2,0.0,7,NE,10.6,15.6,,35.2,"Nooksack, Everson, Whatcom County",330061,Nooksack,2021-04-28 23:14:36.789614
2008-01-01,09:15,38.2,29.1,69.4,0.0,10,NE,12.2,18.1,,35.2,"Nooksack, Everson, Whatcom County",330061,Nooksack,2021-04-28 23:14:36.789614
2008-01-01,09:30,37.2,29.2,72.5,0.0,15,NE,12.5,25.0,,35.1,"Nooksack, Everson, Whatcom County",330061,Nooksack,2021-04-28 23:14:36.789614
2008-01-01,09:45,36.9,29.6,74.4,0.0,24,NE,10.7,16.6,,35.1,"Nooksack, Everson, Whatcom County",330061,Nooksack,2021-04-28 23:14:36.789614
2008-01-01,10:00,37.3,29.8,74.1,0.0,38,NE,10.9,15.4,,35.1,"Nooksack, Everson, Whatcom County",330061,Nooksack,2021-04-28 23:14:36.789614
2008-01-01,10:15,37.5,30.5,75.6,0.0,40,NE,9.7,15.0,,35.1,"Nooksack, Everson, Whatcom County",330061,Nooksack,2021-04-28 23:14:36.789614
2008-01-01,10:30,37.4,30.2,74.9,0.0,38,NE,10.9,24.7,,35.1,"Nooksack, Everson, Whatcom County",330061,Nooksack,2021-04-28 23:14:36.789614
2008-01-01,10:45,37.6,30.6,75.7,0.0,46,NE,8.8,12.9,,35.1,"Nooksack, Everson, Whatcom County",330061,Nooksack,2021-04-28 23:14:36.789614
2008-01-01,11:00,37.7,30.8,75.7,0.0,41,NE,8.8,14.3,,35.1,"Nooksack, Everson, Whatcom County",330061,Nooksack,2021-04-28 23:14:36.789614
2008-01-01,11:15,38.1,30.8,74.9,0.0,59,NE,10.0,14.3,,35.1,"Nooksack, Everson, Whatcom County",330061,Nooksack,2021-04-28 23:14:36.789614
2008-01-01,11:30,38.1,31.0,75.2,0.0,68,NE,11.5,25.4,,35.1,"Nooksack, Everson, Whatcom County",330061,Nooksack,2021-04-28 23:14:36.789614
2008-01-01,11:45,38.2,31.0,74.9,0.0,73,NE,10.9,15.4,,35.1,"Nooksack, Everson, Whatcom County",330061,Nooksack,2021-04-28 23:14:36.789614
2008-01-01,12:00,38.7,31.5,75.1,0.0,82,NE,11.1,17.5,,35.1,"Nooksack, Everson, Whatcom County",330061,Nooksack,2021-04-28 23:14:36.789614
2008-01-01,12:15,38.8,31.7,75.5,0.0,72,NE,10.7,20.9,,35.1,"Nooksack, Everson, Whatcom County",330061,Nooksack,2021-04-28 23:14:36.789614
2008-01-01,12:30,38.8,31.8,75.6,0.0,59,NE,10.6,15.2,,35.1,"Nooksack, Everson, Whatcom County",330061,Nooksack,2021-04-28 23:14:36.789614
2008-01-01,12:45,38.6,31.8,76.2,0.0,47,NE,10.7,13.8,,35.0,"Nooksack, Everson, Whatcom County",330061,Nooksack,2021-04-28 23:14:36.789614
2008-01-01,13:00,39.0,32.3,76.9,0.0,46,NE,8.4,12.5,,35.0,"Nooksack, Everson, Whatcom County",330061,Nooksack,2021-04-28 23:14:36.789614
2008-01-01,13:15,39.1,32.4,76.7,0.0,43,NE,10.7,13.8,,35.0,"Nooksack, Everson, Whatcom County",330061,Nooksack,2021-04-28 23:14:36.789614
2008-01-01,13:30,39.0,32.4,76.9,0.0,42,NE,11.1,15.2,,35.0,"Nooksack, Everson, Whatcom County",330061,Nooksack,2021-04-28 23:14:36.789614
2008-01-01,13:45,39.2,32.2,75.9,0.0,34,NE,12.0,17.4,,35.0,"Nooksack, Everson, Whatcom County",330061,Nooksack,2021-04-28 23:14:36.789614
2008-01-01,14:00,39.1,32.3,76.4,0.0,24,NE,11.8,16.6,,35.0,"Nooksack, Everson, Whatcom County",330061,Nooksack,2021-04-28 23:14:36.789614
2008-01-01,14:15,39.0,32.4,77.1,0.0,16,NE,11.8,20.8,,35.0,"Nooksack, Everson, Whatcom County",330061,Nooksack,2021-04-28 23:14:36.789614
2008-01-01,14:30,39.2,32.3,76.0,0.0,9,NE,11.8,15.6,,35.0,"Nooksack, Everson, Whatcom County",330061,Nooksack,2021-04-28 23:14:36.789614
2008-01-01,14:45,39.0,32.1,76.2,0.0,10,NE,12.9,17.4,,35.0,"Nooksack, Everson, Whatcom County",330061,Nooksack,2021-04-28 23:14:36.789614
2008-01-01,15:00,38.9,32.2,76.9,0.0,7,NE,12.2,20.2,,35.0,"Nooksack, Everson, Whatcom County",330061,Nooksack,2021-04-28 23:14:36.789614
2008-01-01,15:15,39.1,32.0,75.2,0.0,4,NE,12.3,28.6,,35.0,"Nooksack, Everson, Whatcom County",330061,Nooksack,2021-04-28 23:14:36.789614
2008-01-01,15:30,39.0,32.2,76.5,0.0,3,NE,11.5,19.7,,35.0,"Nooksack, Everson, Whatcom County",330061,Nooksack,2021-04-28 23:14:36.789614
2008-01-01,15:45,38.9,32.4,77.5,0.0,2,NE,9.1,13.2,,35.0,"Nooksack, Everson, Whatcom County",330061,Nooksack,2021-04-28 23:14:36.789614
2008-01-01,16:00,39.0,32.1,76.1,0.0,0,NE,10.7,13.8,,35.0,"Nooksack, Everson, Whatcom County",330061,Nooksack,2021-04-28 23:14:36.789614
2008-01-01,16:15,39.0,32.2,76.5,0.0,0,NE,11.3,15.0,,35.0,"Nooksack, Everson, Whatcom County",330061,Nooksack,2021-04-28 23:14:36.789614
2008-01-01,16:30,39.0,32.2,76.5,0.0,0,NE,9.7,14.3,,35.0,"Nooksack, Everson, Whatcom County",330061,Nooksack,2021-04-28 23:14:36.789614
2008-01-01,16:45,39.0,32.1,76.2,0.0,0,NE,9.3,12.7,,35.0,"Nooksack, Everson, Whatcom County",330061,Nooksack,2021-04-28 23:14:36.789614
2008-01-01,17:00,38.5,32.4,78.3,0.0,0,NE,9.3,13.2,,35.0,"Nooksack, Everson, Whatcom County",330061,Nooksack,2021-04-28 23:14:36.789614
2008-01-01,17:15,39.0,32.4,76.9,0.0,0,NE,10.7,16.3,,35.0,"Nooksack, Everson, Whatcom County",330061,Nooksack,2021-04-28 23:14:36.789614
2008-01-01,17:30,38.9,32.3,76.9,0.0,0,NE,10.7,20.8,,35.0,"Nooksack, Everson, Whatcom County",330061,Nooksack,2021-04-28 23:14:36.789614
2008-01-01,17:45,38.8,32.3,77.5,0.0,0,NE,11.1,21.6,,35.0,"Nooksack, Everson, Whatcom County",330061,Nooksack,2021-04-28 23:14:36.789614
2008-01-01,18:00,38.4,32.6,79.3,0.0,0,NE,12.0,15.7,,35.0,"Nooksack, Everson, Whatcom County",330061,Nooksack,2021-04-28 23:14:36.789614
2008-01-01,18:15,38.5,32.5,79.0,0.0,0,NE,10.4,13.8,,35.0,"Nooksack, Everson, Whatcom County",330061,Nooksack,2021-04-28 23:14:36.789614
2008-01-01,18:30,38.9,32.3,77.2,0.0,0,NE,11.5,16.8,,35.0,"Nooksack, Everson, Whatcom County",330061,Nooksack,2021-04-28 23:14:36.789614
2008-01-01,18:45,39.3,32.6,76.8,0.0,0,NE,12.5,15.4,,35.0,"Nooksack, Everson, Whatcom County",330061,Nooksack,2021-04-28 23:14:36.789614
2008-01-01,19:00,39.1,32.8,77.8,0.0,0,NE,13.2,20.4,,35.0,"Nooksack, Everson, Whatcom County",330061,Nooksack,2021-04-28 23:14:36.789614
2008-01-01,19:15,39.1,32.5,77.1,0.0,0,NE,12.3,16.6,,35.0,"Nooksack, Everson, Whatcom County",330061,Nooksack,2021-04-28 23:14:36.789614
2008-01-01,19:30,39.2,32.4,76.4,0.0,0,NE,12.0,17.0,,35.0,"Nooksack, Everson, Whatcom County",330061,Nooksack,2021-04-28 23:14:36.789614
2008-01-01,19:45,38.8,32.4,77.6,0.0,0,NE,12.9,17.9,,35.0,"Nooksack, Everson, Whatcom County",330061,Nooksack,2021-04-28 23:14:36.789614
2008-01-01,20:00,38.4,32.6,79.3,0.0,0,NE,11.6,15.2,,34.9,"Nooksack, Everson, Whatcom County",330061,Nooksack,2021-04-28 23:14:36.789614
2008-01-01,20:15,38.6,32.5,78.6,0.0,0,NE,11.5,15.4,,35.0,"Nooksack, Everson, Whatcom County",330061,Nooksack,2021-04-28 23:14:36.789614
2008-01-01,20:30,38.4,32.5,79.0,0.0,0,NE,9.7,14.3,,35.0,"Nooksack, Everson, Whatcom County",330061,Nooksack,2021-04-28 23:14:36.789614
2008-01-01,20:45,39.0,32.3,76.7,0.0,0,NE,11.8,15.9,,35.0,"Nooksack, Everson, Whatcom County",330061,Nooksack,2021-04-28 23:14:36.789614
2008-01-01,21:00,39.0,32.3,76.7,0.0,0,NE,12.2,15.4,,35.0,"Nooksack, Everson, Whatcom County",330061,Nooksack,2021-04-28 23:14:36.789614
2008-01-01,21:15,39.0,32.1,75.9,0.0,0,NE,11.8,26.8,,35.0,"Nooksack, Everson, Whatcom County",330061,Nooksack,2021-04-28 23:14:36.789614
2008-01-01,21:30,39.6,31.9,73.6,0.0,0,NE,11.1,17.0,,35.0,"Nooksack, Everson, Whatcom County",330061,Nooksack,2021-04-28 23:14:36.789614
2008-01-01,21:45,39.5,32.2,74.8,0.0,0,NE,11.1,15.0,,35.0,"Nooksack, Everson, Whatcom County",330061,Nooksack,2021-04-28 23:14:36.789614
2008-01-01,22:00,38.9,32.4,77.3,0.0,0,NE,10.7,14.1,,35.0,"Nooksack, Everson, Whatcom County",330061,Nooksack,2021-04-28 23:14:36.789614
2008-01-01,22:15,39.3,32.2,75.5,0.0,0,NE,11.5,17.7,,35.0,"Nooksack, Everson, Whatcom County",330061,Nooksack,2021-04-28 23:14:36.789614
2008-01-01,22:30,39.4,32.4,75.9,0.0,0,NE,9.3,13.2,,35.0,"Nooksack, Everson, Whatcom County",330061,Nooksack,2021-04-28 23:14:36.789614
2008-01-01,22:45,39.2,32.8,77.6,0.0,0,NE,11.8,16.1,,35.0,"Nooksack, Everson, Whatcom County",330061,Nooksack,2021-04-28 23:14:36.789614
2008-01-01,23:00,39.2,32.9,78.1,0.0,0,NE,11.5,15.4,,35.0,"Nooksack, Everson, Whatcom County",330061,Nooksack,2021-04-28 23:14:36.789614
2008-01-01,23:15,39.0,32.7,78.0,0.0,0,NE,10.2,16.1,,35.0,"Nooksack, Everson, Whatcom County",330061,Nooksack,2021-04-28 23:14:36.789614
2008-01-01,23:30,39.3,32.5,76.5,0.0,0,NE,7.2,12.3,,35.0,"Nooksack, Everson, Whatcom County",330061,Nooksack,2021-04-28 23:14:36.789614
2008-01-01,23:45,39.3,32.7,77.2,0.0,0,NE,8.2,13.2,,35.0,"Nooksack, Everson, Whatcom County",330061,Nooksack,2021-04-28 23:14:36.789614
2008-01-01,24:00,39.1,32.7,77.7,0.0,0,NE,8.4,12.2,,35.0,"Nooksack, Everson, Whatcom County",330061,Nooksack,2021-04-28 23:14:36.789614
2008-01-02,00:15,38.6,32.9,79.7,0.0,0,NE,8.8,14.1,,35.0,"Nooksack, Everson, Whatcom County",330061,Nooksack,2021-04-28 23:14:36.789614
2008-01-02,00:30,38.4,32.9,80.4,0.0,0,NE,6.3,10.9,,35.0,"Nooksack, Everson, Whatcom County",330061,Nooksack,2021-04-28 23:14:36.789614
2008-01-02,00:45,38.8,32.7,78.7,0.0,0,NE,7.2,12.0,,35.0,"Nooksack, Everson, Whatcom County",330061,Nooksack,2021-04-28 23:14:36.789614
2008-01-02,01:00,39.0,33.0,78.8,0.0,0,NE,7.2,13.8,,35.0,"Nooksack, Everson, Whatcom County",330061,Nooksack,2021-04-28 23:14:36.789614
2008-01-02,01:15,38.9,34.0,82.5,0.0,0,NE,6.6,12.7,,35.0,"Nooksack, Everson, Whatcom County",330061,Nooksack,2021-04-28 23:14:36.789614
2008-01-02,01:30,39.5,34.2,81.0,0.0,0,NE,1.8,4.5,,35.0,"Nooksack, Everson, Whatcom County",330061,Nooksack,2021-04-28 23:14:36.789614
2008-01-02,01:45,41.6,34.0,74.3,0.0,0,SW,2.1,12.9,0.01,35.0,"Nooksack, Everson, Whatcom County",330061,Nooksack,2021-04-28 23:14:36.789614
2008-01-02,02:00,46.2,34.3,63.1,0.0,0,S,12.9,24.9,,35.0,"Nooksack, Everson, Whatcom County",330061,Nooksack,2021-04-28 23:14:36.789614
2008-01-02,02:15,45.3,38.6,77.4,0.0,0,S,14.1,24.2,,35.0,"Nooksack, Everson, Whatcom County",330061,Nooksack,2021-04-28 23:14:36.789614
2008-01-02,02:30,43.5,39.6,85.8,0.01,0,S,10.0,15.6,,35.0,"Nooksack, Everson, Whatcom County",330061,Nooksack,2021-04-28 23:14:36.789614
2008-01-02,02:45,42.4,39.0,87.8,0.0,0,S,11.5,18.4,0.04,35.0,"Nooksack, Everson, Whatcom County",330061,Nooksack,2021-04-28 23:14:36.789614
2008-01-02,03:00,41.6,39.0,90.6,0.0,0,S,12.0,21.5,0.12,35.0,"Nooksack, Everson, Whatcom County",330061,Nooksack,2021-04-28 23:14:36.789614
2008-01-02,03:15,41.7,38.7,88.8,0.0,0,S,12.2,19.5,0.18,35.0,"Nooksack, Everson, Whatcom County",330061,Nooksack,2021-04-28 23:14:36.789614
2008-01-02,03:30,41.7,38.8,89.1,0.0,0,S,11.8,19.5,0.12,35.0,"Nooksack, Everson, Whatcom County",330061,Nooksack,2021-04-28 23:14:36.789614
2008-01-02,03:45,42.0,38.8,88.5,0.0,0,S,9.5,14.5,0.0,35.0,"Nooksack, Everson, Whatcom County",330061,Nooksack,2021-04-28 23:14:36.789614
2008-01-02,04:00,41.8,38.9,89.4,0.0,0,S,8.6,14.1,,35.0,"Nooksack, Everson, Whatcom County",330061,Nooksack,2021-04-28 23:14:36.789614
2008-01-02,04:15,41.9,38.9,89.1,0.0,0,E,8.6,14.8,,35.0,"Nooksack, Everson, Whatcom County",330061,Nooksack,2021-04-28 23:14:36.789614
2008-01-02,04:30,41.8,38.9,89.3,0.0,0,S,5.4,12.3,,35.0,"Nooksack, Everson, Whatcom County",330061,Nooksack,2021-04-28 23:14:36.789614
2008-01-02,04:45,42.0,39.1,89.5,0.0,0,S,3.2,7.0,,35.0,"Nooksack, Everson, Whatcom County",330061,Nooksack,2021-04-28 23:14:36.789614
2008-01-02,05:00,41.5,39.3,91.9,0.0,0,N,1.4,7.0,,35.0,"Nooksack, Everson, Whatcom County",330061,Nooksack,2021-04-28 23:14:36.789614
2008-01-02,05:15,41.1,39.1,92.6,0.0,0,N ,2.1,7.0,,35.0,"Nooksack, Everson, Whatcom County",330061,Nooksack,2021-04-28 23:14:36.789614
2008-01-02,05:30,39.2,38.6,97.7,0.0,0,N ,3.9,8.9,,35.0,"Nooksack, Everson, Whatcom County",330061,Nooksack,2021-04-28 23:14:36.789614
2008-01-02,05:45,37.1,37.1,100.0,0.0,0,NE,3.9,10.0,,35.0,"Nooksack, Everson, Whatcom County",330061,Nooksack,2021-04-28 23:14:36.789614
2008-01-02,06:00,36.7,36.7,100.0,0.0,0,NE,5.7,10.4,,35.0,"Nooksack, Everson, Whatcom County",330061,Nooksack,2021-04-28 23:14:36.789614
2008-01-02,06:15,36.0,36.0,100.0,0.0,0,NE,5.7,10.6,,35.0,"Nooksack, Everson, Whatcom County",330061,Nooksack,2021-04-28 23:14:36.789614
2008-01-02,06:30,36.4,36.4,100.0,0.0,0,NE,5.5,10.7,,35.0,"Nooksack, Everson, Whatcom County",330061,Nooksack,2021-04-28 23:14:36.789614
2008-01-02,06:45,36.1,36.1,100.0,0.0,0,NE,3.8,6.8,0.01,35.0,"Nooksack, Everson, Whatcom County",330061,Nooksack,2021-04-28 23:14:36.789614
2008-01-02,07:00,35.8,35.8,100.0,0.0,0,NE,3.6,9.7,0.18,35.0,"Nooksack, Everson, Whatcom County",330061,Nooksack,2021-04-28 23:14:36.789614
2008-01-02,07:15,35.6,35.6,100.0,0.0,0,NE,5.0,9.5,0.66,35.0,"Nooksack, Everson, Whatcom County",330061,Nooksack,2021-04-28 23:14:36.789614
2008-01-02,07:30,35.7,35.7,100.0,0.0,0,NE,0.4,4.7,0.91,35.0,"Nooksack, Everson, Whatcom County",330061,Nooksack,2021-04-28 23:14:36.789614
2008-01-02,07:45,37.8,37.8,100.0,0.0,0,SE,2.7,14.0,0.94,35.0,"Nooksack, Everson, Whatcom County",330061,Nooksack,2021-04-28 23:14:36.789614
2008-01-02,08:00,43.6,40.0,87.0,0.0,0,S,10.9,18.8,0.6,35.0,"Nooksack, Everson, Whatcom County",330061,Nooksack,2021-04-28 23:14:36.789614
2008-01-02,08:15,44.2,40.1,85.2,0.0,0,S,11.5,17.2,0.07,35.0,"Nooksack, Everson, Whatcom County",330061,Nooksack,2021-04-28 23:14:36.789614
2008-01-02,08:30,44.3,40.1,85.1,0.0,0,S,11.5,16.1,,35.0,"Nooksack, Everson, Whatcom County",330061,Nooksack,2021-04-28 23:14:36.789614
2008-01-02,08:45,44.0,40.1,86.2,0.0,0,S,11.1,17.4,,35.0,"Nooksack, Everson, Whatcom County",330061,Nooksack,2021-04-28 23:14:36.789614
2008-01-02,09:00,43.9,40.2,86.9,0.0,0,S,10.6,14.7,,35.0,"Nooksack, Everson, Whatcom County",330061,Nooksack,2021-04-28 23:14:36.789614
2008-01-02,09:15,43.8,40.2,87.1,0.0,4,S,8.2,12.7,,35.0,"Nooksack, Everson, Whatcom County",330061,Nooksack,2021-04-28 23:14:36.789614
2008-01-02,09:30,43.5,40.4,88.8,0.0,10,S,6.1,9.8,,35.0,"Nooksack, Everson, Whatcom County",330061,Nooksack,2021-04-28 23:14:36.789614
2008-01-02,09:45,43.4,40.6,89.8,0.0,32,S,6.6,9.8,,35.0,"Nooksack, Everson, Whatcom County",330061,Nooksack,2021-04-28 23:14:36.789614
2008-01-02,10:00,43.5,40.6,89.2,0.0,50,S,8.1,15.7,,35.1,"Nooksack, Everson, Whatcom County",330061,Nooksack,2021-04-28 23:14:36.789614
2008-01-02,10:15,44.0,40.5,87.3,0.0,64,S,10.6,15.6,,35.1,"Nooksack, Everson, Whatcom County",330061,Nooksack,2021-04-28 23:14:36.789614
2008-01-02,10:30,44.2,40.8,87.6,0.0,76,S,10.0,14.7,,35.1,"Nooksack, Everson, Whatcom County",330061,Nooksack,2021-04-28 23:14:36.789614
2008-01-02,10:45,44.5,41.1,87.6,0.0,99,S,8.6,15.0,,35.1,"Nooksack, Everson, Whatcom County",330061,Nooksack,2021-04-28 23:14:36.789614
2008-01-02,11:00,44.7,40.9,86.5,0.0,86,S,10.0,14.7,,35.1,"Nooksack, Everson, Whatcom County",330061,Nooksack,2021-04-28 23:14:36.789614
2008-01-02,11:15,44.4,41.0,87.8,0.0,78,S,8.6,12.3,,35.1,"Nooksack, Everson, Whatcom County",330061,Nooksack,2021-04-28 23:14:36.789614
2008-01-02,11:30,44.3,41.2,88.6,0.0,75,S,6.4,11.3,,35.1,"Nooksack, Everson, Whatcom County",330061,Nooksack,2021-04-28 23:14:36.789614
2008-01-02,11:45,44.4,41.4,89.0,0.0,73,S,8.2,13.1,,35.1,"Nooksack, Everson, Whatcom County",330061,Nooksack,2021-04-28 23:14:36.789614
2008-01-02,12:00,44.4,41.3,88.7,0.0,55,S,7.2,17.9,,35.1,"Nooksack, Everson, Whatcom County",330061,Nooksack,2021-04-28 23:14:36.789614
2008-01-02,12:15,44.3,41.4,89.3,0.0,35,S,5.0,8.1,,35.1,"Nooksack, Everson, Whatcom County",330061,Nooksack,2021-04-28 23:14:36.789614
2008-01-02,12:30,44.1,41.4,90.2,0.0,25,SW,5.0,8.1,,35.1,"Nooksack, Everson, Whatcom County",330061,Nooksack,2021-04-28 23:14:36.789614
2008-01-02,12:45,43.9,41.4,90.9,0.0,21,SW,1.4,6.3,,35.1,"Nooksack, Everson, Whatcom County",330061,Nooksack,2021-04-28 23:14:36.789614
2008-01-02,13:00,43.8,41.8,92.4,0.0,36,SW,1.3,4.7,,35.1,"Nooksack, Everson, Whatcom County",330061,Nooksack,2021-04-28 23:14:36.789614
2008-01-02,13:15,44.1,41.6,90.8,0.0,41,SW,0.4,3.8,,35.1,"Nooksack, Everson, Whatcom County",330061,Nooksack,2021-04-28 23:14:36.789614
2008-01-02,13:30,44.4,41.8,90.5,0.0,66,N ,0.0,0.0,,35.1,"Nooksack, Everson, Whatcom County",330061,Nooksack,2021-04-28 23:14:36.789614
2008-01-02,13:45,44.5,42.1,91.1,0.0,66,N ,0.0,0.0,,35.1,"Nooksack, Everson, Whatcom County",330061,Nooksack,2021-04-28 23:14:36.789614
2008-01-02,14:00,44.4,42.3,92.3,0.0,36,SW,1.8,5.4,,35.1,"Nooksack, Everson, Whatcom County",330061,Nooksack,2021-04-28 23:14:36.789614
2008-01-02,14:15,44.4,42.0,91.0,0.0,45,S,0.4,3.0,,35.2,"Nooksack, Everson, Whatcom County",330061,Nooksack,2021-04-28 23:14:36.789614
2008-01-02,14:30,44.7,42.1,90.4,0.0,25,N ,0.0,0.0,,35.2,"Nooksack, Everson, Whatcom County",330061,Nooksack,2021-04-28 23:14:36.789614
2008-01-02,14:45,44.3,42.6,93.7,0.0,11,N ,0.0,0.0,,35.2,"Nooksack, Everson, Whatcom County",330061,Nooksack,2021-04-28 23:14:36.789614
2008-01-02,15:00,43.6,42.5,95.8,0.0,8,N ,0.0,0.0,,35.2,"Nooksack, Everson, Whatcom County",330061,Nooksack,2021-04-28 23:14:36.789614
2008-01-02,15:15,41.7,41.4,98.8,0.0,5,NE,4.7,9.3,,35.2,"Nooksack, Everson, Whatcom County",330061,Nooksack,2021-04-28 23:14:36.789614
2008-01-02,15:30,40.2,40.2,100.0,0.0,5,NE,3.9,6.3,,35.3,"Nooksack, Everson, Whatcom County",330061,Nooksack,2021-04-28 23:14:36.789614
2008-01-02,15:45,39.7,39.7,100.0,0.0,2,NE,4.1,7.2,,35.3,"Nooksack, Everson, Whatcom County",330061,Nooksack,2021-04-28 23:14:36.789614
2008-01-02,16:00,39.4,39.4,100.0,0.0,2,NE,4.7,6.8,,35.3,"Nooksack, Everson, Whatcom County",330061,Nooksack,2021-04-28 23:14:36.789614
2008-01-02,16:15,39.0,39.0,100.0,0.0,0,NE,6.1,8.4,,35.3,"Nooksack, Everson, Whatcom County",330061,Nooksack,2021-04-28 23:14:36.789614
2008-01-02,16:30,38.6,38.6,100.0,0.0,0,NE,6.1,8.6,,35.3,"Nooksack, Everson, Whatcom County",330061,Nooksack,2021-04-28 23:14:36.789614
2008-01-02,16:45,38.2,38.2,100.0,0.0,0,NE,5.4,7.3,,35.3,"Nooksack, Everson, Whatcom County",330061,Nooksack,2021-04-28 23:14:36.789614
2008-01-02,17:00,38.0,38.0,100.0,0.0,0,NE,1.4,4.3,0.0,35.3,"Nooksack, Everson, Whatcom County",330061,Nooksack,2021-04-28 23:14:36.789614
2008-01-02,17:15,37.7,37.7,100.0,0.0,0,NE,2.5,4.3,0.01,35.3,"Nooksack, Everson, Whatcom County",330061,Nooksack,2021-04-28 23:14:36.789614
2008-01-02,17:30,37.5,37.5,100.0,0.0,0,E,3.2,5.4,0.01,35.3,"Nooksack, Everson, Whatcom County",330061,Nooksack,2021-04-28 23:14:36.789614
2008-01-02,17:45,37.3,37.3,100.0,0.0,0,NE,1.1,5.4,0.02,35.3,"Nooksack, Everson, Whatcom County",330061,Nooksack,2021-04-28 23:14:36.789614
2008-01-02,18:00,37.3,37.3,100.0,0.0,0,NE,3.2,5.2,0.02,35.4,"Nooksack, Everson, Whatcom County",330061,Nooksack,2021-04-28 23:14:36.789614
2008-01-02,18:15,37.5,37.5,100.0,0.0,0,NE,5.5,8.6,0.01,35.4,"Nooksack, Everson, Whatcom County",330061,Nooksack,2021-04-28 23:14:36.789614
2008-01-02,18:30,37.4,37.4,100.0,0.0,0,NE,5.5,7.5,0.01,35.4,"Nooksack, Everson, Whatcom County",330061,Nooksack,2021-04-28 23:14:36.789614
2008-01-02,18:45,37.3,37.3,100.0,0.0,0,NE,5.0,7.7,0.01,35.4,"Nooksack, Everson, Whatcom County",330061,Nooksack,2021-04-28 23:14:36.789614
2008-01-02,19:00,37.1,37.1,100.0,0.0,0,NE,5.7,9.1,0.01,35.4,"Nooksack, Everson, Whatcom County",330061,Nooksack,2021-04-28 23:14:36.789614
2008-01-02,19:15,36.8,36.8,100.0,0.0,0,NE,7.0,9.3,0.01,35.4,"Nooksack, Everson, Whatcom County",330061,Nooksack,2021-04-28 23:14:36.789614
2008-01-02,19:30,36.8,36.8,100.0,0.0,0,NE,7.3,9.7,0.01,35.4,"Nooksack, Everson, Whatcom County",330061,Nooksack,2021-04-28 23:14:36.789614
2008-01-02,19:45,37.1,37.1,100.0,0.0,0,NE,6.8,9.7,,35.4,"Nooksack, Everson, Whatcom County",330061,Nooksack,2021-04-28 23:14:36.789614
2008-01-02,20:00,37.4,37.4,100.0,0.0,0,NE,8.6,12.5,,35.5,"Nooksack, Everson, Whatcom County",330061,Nooksack,2021-04-28 23:14:36.789614
2008-01-02,20:15,37.5,37.5,100.0,0.0,0,NE,9.3,13.4,,35.5,"Nooksack, Everson, Whatcom County",330061,Nooksack,2021-04-28 23:14:36.789614
2008-01-02,20:30,37.5,37.5,100.0,0.0,0,E,5.7,9.5,,35.5,"Nooksack, Everson, Whatcom County",330061,Nooksack,2021-04-28 23:14:36.789614
2008-01-02,20:45,37.5,37.5,100.0,0.0,0,NE,7.5,12.7,,35.5,"Nooksack, Everson, Whatcom County",330061,Nooksack,2021-04-28 23:14:36.789614
2008-01-02,21:00,37.4,37.4,100.0,0.0,0,NE,7.2,10.2,,35.5,"Nooksack, Everson, Whatcom County",330061,Nooksack,2021-04-28 23:14:36.789614
2008-01-02,21:15,37.2,37.2,100.0,0.0,0,NE,8.1,11.3,,35.5,"Nooksack, Everson, Whatcom County",330061,Nooksack,2021-04-28 23:14:36.789614
2008-01-02,21:30,37.2,37.2,100.0,0.0,0,NE,8.9,11.1,,35.5,"Nooksack, Everson, Whatcom County",330061,Nooksack,2021-04-28 23:14:36.789614
2008-01-02,21:45,37.3,37.3,100.0,0.0,0,NE,7.5,10.0,,35.5,"Nooksack, Everson, Whatcom County",330061,Nooksack,2021-04-28 23:14:36.789614
2008-01-02,22:00,37.1,37.1,100.0,0.0,0,NE,6.8,12.3,,35.5,"Nooksack, Everson, Whatcom County",330061,Nooksack,2021-04-28 23:14:36.789614
2008-01-02,22:15,36.9,36.9,100.0,0.0,0,NE,8.1,20.0,,35.5,"Nooksack, Everson, Whatcom County",330061,Nooksack,2021-04-28 23:14:36.789614
2008-01-02,22:30,36.8,36.8,100.0,0.0,0,NE,8.4,11.8,,35.5,"Nooksack, Everson, Whatcom County",330061,Nooksack,2021-04-28 23:14:36.789614
2008-01-02,22:45,37.1,37.1,100.0,0.0,0,NE,8.2,10.9,,35.6,"Nooksack, Everson, Whatcom County",330061,Nooksack,2021-04-28 23:14:36.789614
2008-01-02,23:00,36.9,36.9,100.0,0.0,0,NE,7.9,10.9,,35.6,"Nooksack, Everson, Whatcom County",330061,Nooksack,2021-04-28 23:14:36.789614
2008-01-02,23:15,36.7,36.7,100.0,0.0,0,NE,6.4,10.2,0.0,35.6,"Nooksack, Everson, Whatcom County",330061,Nooksack,2021-04-28 23:14:36.789614
2008-01-02,23:30,36.5,36.5,100.0,0.0,0,NE,7.2,11.1,0.02,35.6,"Nooksack, Everson, Whatcom County",330061,Nooksack,2021-04-28 23:14:36.789614
2008-01-02,23:45,36.5,36.5,100.0,0.0,0,NE,9.8,13.2,0.04,35.6,"Nooksack, Everson, Whatcom County",330061,Nooksack,2021-04-28 23:14:36.789614
2008-01-02,24:00,36.4,36.4,100.0,0.0,0,NE,7.9,19.9,0.0,35.6,"Nooksack, Everson, Whatcom County",330061,Nooksack,2021-04-28 23:14:36.789614
2008-01-03,00:15,36.6,36.6,100.0,0.0,0,NE,7.0,10.7,,35.6,"Nooksack, Everson, Whatcom County",330061,Nooksack,2021-04-28 23:14:36.789614
2008-01-03,00:30,36.7,36.7,100.0,0.0,0,NE,8.2,11.6,0.04,35.6,"Nooksack, Everson, Whatcom County",330061,Nooksack,2021-04-28 23:14:36.789614
2008-01-03,00:45,36.7,36.7,100.0,0.0,0,NE,8.8,11.1,0.48,35.6,"Nooksack, Everson, Whatcom County",330061,Nooksack,2021-04-28 23:14:36.789614
2008-01-03,01:00,36.5,36.5,100.0,0.0,0,NE,8.6,11.1,0.51,35.6,"Nooksack, Everson, Whatcom County",330061,Nooksack,2021-04-28 23:14:36.789614
2008-01-03,01:15,36.5,36.5,100.0,0.0,0,NE,8.2,11.1,0.72,35.7,"Nooksack, Everson, Whatcom County",330061,Nooksack,2021-04-28 23:14:36.789614
2008-01-03,01:30,36.5,36.5,100.0,0.0,0,NE,8.6,12.5,0.71,35.7,"Nooksack, Everson, Whatcom County",330061,Nooksack,2021-04-28 23:14:36.789614
2008-01-03,01:45,36.4,36.4,100.0,0.0,0,NE,5.4,8.8,0.58,35.7,"Nooksack, Everson, Whatcom County",330061,Nooksack,2021-04-28 23:14:36.789614
2008-01-03,02:00,36.4,36.4,100.0,0.0,0,NE,7.2,12.0,0.4,35.7,"Nooksack, Everson, Whatcom County",330061,Nooksack,2021-04-28 23:14:36.789614
2008-01-03,02:15,36.5,36.5,100.0,0.0,0,NE,8.8,13.2,0.24,35.7,"Nooksack, Everson, Whatcom County",330061,Nooksack,2021-04-28 23:14:36.789614
2008-01-03,02:30,36.5,36.5,100.0,0.0,0,NE,7.5,9.7,0.39,35.7,"Nooksack, Everson, Whatcom County",330061,Nooksack,2021-04-28 23:14:36.789614
2008-01-03,02:45,36.5,36.5,100.0,0.01,0,NE,7.2,10.0,0.88,35.7,"Nooksack, Everson, Whatcom County",330061,Nooksack,2021-04-28 23:14:36.789614
2008-01-03,03:00,36.4,36.4,100.0,0.01,0,NE,8.6,13.4,0.96,35.7,"Nooksack, Everson, Whatcom County",330061,Nooksack,2021-04-28 23:14:36.789614
2008-01-03,03:15,36.2,36.2,100.0,0.0,0,NE,8.9,11.1,0.99,35.7,"Nooksack, Everson, Whatcom County",330061,Nooksack,2021-04-28 23:14:36.789614
2008-01-03,03:30,36.0,36.0,100.0,0.0,0,NE,8.6,10.6,,35.7,"Nooksack, Everson, Whatcom County",330061,Nooksack,2021-04-28 23:14:36.789614
2008-01-03,03:45,36.0,36.0,100.0,0.0,0,NE,8.2,10.9,1.0,35.7,"Nooksack, Everson, Whatcom County",330061,Nooksack,2021-04-28 23:14:36.789614
2008-01-03,04:00,36.1,36.1,100.0,0.0,0,NE,8.8,11.3,0.98,35.7,"Nooksack, Everson, Whatcom County",330061,Nooksack,2021-04-28 23:14:36.789614
2008-01-03,04:15,36.2,36.2,100.0,0.0,0,NE,6.1,12.3,0.95,35.7,"Nooksack, Everson, Whatcom County",330061,Nooksack,2021-04-28 23:14:36.789614
2008-01-03,04:30,36.3,36.3,100.0,0.0,0,NE,9.7,14.5,0.93,35.7,"Nooksack, Everson, Whatcom County",330061,Nooksack,2021-04-28 23:14:36.789614
2008-01-03,04:45,36.4,36.4,100.0,0.0,0,NE,9.3,16.1,0.85,35.7,"Nooksack, Everson, Whatcom County",330061,Nooksack,2021-04-28 23:14:36.789614
2008-01-03,05:00,36.6,36.6,100.0,0.0,0,NE,9.5,13.4,0.69,35.7,"Nooksack, Everson, Whatcom County",330061,Nooksack,2021-04-28 23:14:36.789614
2008-01-03,05:15,37.0,37.0,100.0,0.0,0,NE,7.7,12.9,0.53,35.7,"Nooksack, Everson, Whatcom County",330061,Nooksack,2021-04-28 23:14:36.789614
2008-01-03,05:30,36.4,36.4,100.0,0.0,0,NE,7.9,11.1,0.52,35.7,"Nooksack, Everson, Whatcom County",330061,Nooksack,2021-04-28 23:14:36.789614
2008-01-03,05:45,36.4,36.4,100.0,0.0,0,NE,9.3,13.1,0.83,35.7,"Nooksack, Everson, Whatcom County",330061,Nooksack,2021-04-28 23:14:36.789614
2008-01-03,06:00,36.6,36.6,100.0,0.0,0,NE,9.7,15.0,0.89,35.7,"Nooksack, Everson, Whatcom County",330061,Nooksack,2021-04-28 23:14:36.789614
2008-01-03,06:15,36.7,36.7,100.0,0.0,0,NE,9.8,12.7,0.94,35.7,"Nooksack, Everson, Whatcom County",330061,Nooksack,2021-04-28 23:14:36.789614
2008-01-03,06:30,36.5,36.5,100.0,0.0,0,NE,10.0,16.3,0.96,35.8,"Nooksack, Everson, Whatcom County",330061,Nooksack,2021-04-28 23:14:36.789614
2008-01-03,06:45,36.4,36.4,100.0,0.0,0,NE,8.9,16.1,0.99,35.8,"Nooksack, Everson, Whatcom County",330061,Nooksack,2021-04-28 23:14:36.789614
2008-01-03,07:00,36.4,36.4,100.0,0.0,0,NE,10.4,16.1,0.95,35.8,"Nooksack, Everson, Whatcom County",330061,Nooksack,2021-04-28 23:14:36.789614
2008-01-03,07:15,36.6,36.6,100.0,0.0,0,NE,8.9,12.0,0.83,35.8,"Nooksack, Everson, Whatcom County",330061,Nooksack,2021-04-28 23:14:36.789614
2008-01-03,07:30,36.9,36.9,100.0,0.0,0,NE,10.4,15.4,0.65,35.8,"Nooksack, Everson, Whatcom County",330061,Nooksack,2021-04-28 23:14:36.789614
2008-01-03,07:45,37.2,37.2,100.0,0.0,0,NE,9.8,15.0,0.4,35.8,"Nooksack, Everson, Whatcom County",330061,Nooksack,2021-04-28 23:14:36.789614
2008-01-03,08:00,37.3,37.3,100.0,0.0,0,NE,8.8,14.3,0.12,35.8,"Nooksack, Everson, Whatcom County",330061,Nooksack,2021-04-28 23:14:36.789614
2008-01-03,08:15,37.5,37.5,100.0,0.0,0,NE,9.1,13.8,0.0,35.8,"Nooksack, Everson, Whatcom County",330061,Nooksack,2021-04-28 23:14:36.789614
2008-01-03,08:30,37.4,37.4,100.0,0.0,0,NE,10.4,15.9,,35.8,"Nooksack, Everson, Whatcom County",330061,Nooksack,2021-04-28 23:14:36.789614
2008-01-03,08:45,37.3,37.3,100.0,0.0,1,NE,6.6,11.8,,35.8,"Nooksack, Everson, Whatcom County",330061,Nooksack,2021-04-28 23:14:36.789614
2008-01-03,09:00,37.7,37.7,100.0,0.0,4,NE,8.9,15.0,,35.8,"Nooksack, Everson, Whatcom County",330061,Nooksack,2021-04-28 23:14:36.789614
2008-01-03,09:15,38.1,38.1,100.0,0.0,7,NE,12.2,19.1,,35.8,"Nooksack, Everson, Whatcom County",330061,Nooksack,2021-04-28 23:14:36.789614
2008-01-03,09:30,38.1,38.1,100.0,0.0,6,NE,9.5,13.6,,35.8,"Nooksack, Everson, Whatcom County",330061,Nooksack,2021-04-28 23:14:36.789614
2008-01-03,09:45,37.9,37.9,100.0,0.0,3,NE,9.7,13.6,,35.8,"Nooksack, Everson, Whatcom County",330061,Nooksack,2021-04-28 23:14:36.789614
2008-01-03,10:00,37.9,37.9,100.0,0.0,20,NE,9.8,13.8,,35.8,"Nooksack, Everson, Whatcom County",330061,Nooksack,2021-04-28 23:14:36.789614
2008-01-03,10:15,38.1,38.1,100.0,0.0,12,NE,11.3,14.8,,35.8,"Nooksack, Everson, Whatcom County",330061,Nooksack,2021-04-28 23:14:36.789614
2008-01-03,10:30,37.9,37.9,100.0,0.0,7,NE,10.7,15.0,0.01,35.8,"Nooksack, Everson, Whatcom County",330061,Nooksack,2021-04-28 23:14:36.789614
2008-01-03,10:45,38.1,38.1,100.0,0.0,6,NE,9.7,15.0,0.02,35.8,"Nooksack, Everson, Whatcom County",330061,Nooksack,2021-04-28 23:14:36.789614
2008-01-03,11:00,38.2,38.2,100.0,0.0,4,NE,10.7,20.4,0.64,35.8,"Nooksack, Everson, Whatcom County",330061,Nooksack,2021-04-28 23:14:36.789614
2008-01-03,11:15,38.3,38.3,100.0,0.0,15,NE,11.3,16.3,0.75,35.8,"Nooksack, Everson, Whatcom County",330061,Nooksack,2021-04-28 23:14:36.789614
2008-01-03,11:30,38.5,38.5,100.0,0.0,14,NE,12.3,17.2,0.49,35.8,"Nooksack, Everson, Whatcom County",330061,Nooksack,2021-04-28 23:14:36.789614
2008-01-03,11:45,38.8,38.8,100.0,0.0,17,NE,10.7,15.9,0.72,35.8,"Nooksack, Everson, Whatcom County",330061,Nooksack,2021-04-28 23:14:36.789614
2008-01-03,12:00,38.9,38.9,100.0,0.0,13,NE,8.8,15.0,0.47,35.8,"Nooksack, Everson, Whatcom County",330061,Nooksack,2021-04-28 23:14:36.789614
2008-01-03,12:15,39.0,39.0,100.0,0.0,22,E,9.8,16.3,0.15,35.8,"Nooksack, Everson, Whatcom County",330061,Nooksack,2021-04-28 23:14:36.789614
2008-01-03,12:30,39.1,39.1,100.0,0.0,15,E,6.4,12.3,0.01,35.8,"Nooksack, Everson, Whatcom County",330061,Nooksack,2021-04-28 23:14:36.789614
2008-01-03,12:45,39.5,39.5,100.0,0.0,13,NE,8.6,14.0,,35.8,"Nooksack, Everson, Whatcom County",330061,Nooksack,2021-04-28 23:14:36.789614
2008-01-03,13:00,39.8,39.8,100.0,0.0,14,NE,11.1,15.4,,35.8,"Nooksack, Everson, Whatcom County",330061,Nooksack,2021-04-28 23:14:36.789614
2008-01-03,13:15,39.9,39.9,100.0,0.0,8,NE,10.9,15.4,,35.8,"Nooksack, Everson, Whatcom County",330061,Nooksack,2021-04-28 23:14:36.789614
2008-01-03,13:30,39.9,39.9,99.8,0.0,6,NE,13.2,18.8,,35.8,"Nooksack, Everson, Whatcom County",330061,Nooksack,2021-04-28 23:14:36.789614
2008-01-03,13:45,40.1,40.0,99.6,0.0,8,NE,11.6,16.6,,35.8,"Nooksack, Everson, Whatcom County",330061,Nooksack,2021-04-28 23:14:36.789614
2008-01-03,14:00,40.4,40.2,99.1,0.0,7,NE,10.7,16.5,,35.8,"Nooksack, Everson, Whatcom County",330061,Nooksack,2021-04-28 23:14:36.789614
2008-01-03,14:15,40.3,40.2,99.6,0.0,7,NE,11.5,17.5,,35.8,"Nooksack, Everson, Whatcom County",330061,Nooksack,2021-04-28 23:14:36.789614
2008-01-03,14:30,40.7,40.4,99.1,0.0,8,NE,11.5,16.3,,35.8,"Nooksack, Everson, Whatcom County",330061,Nooksack,2021-04-28 23:14:36.789614
2008-01-03,14:45,40.8,40.5,98.7,0.0,4,NE,10.4,14.7,,35.8,"Nooksack, Everson, Whatcom County",330061,Nooksack,2021-04-28 23:14:36.789614
2008-01-03,15:00,41.1,40.4,97.5,0.0,2,NE,8.9,12.9,,35.8,"Nooksack, Everson, Whatcom County",330061,Nooksack,2021-04-28 23:14:36.789614
2008-01-03,15:15,41.2,40.6,97.9,0.0,0,NE,8.2,14.1,,35.8,"Nooksack, Everson, Whatcom County",330061,Nooksack,2021-04-28 23:14:36.789614
2008-01-03,15:30,40.9,40.8,99.6,0.0,0,NE,5.7,9.3,0.06,35.8,"Nooksack, Everson, Whatcom County",330061,Nooksack,2021-04-28 23:14:36.789614
2008-01-03,15:45,40.8,40.8,100.0,0.0,0,E,3.6,8.6,0.65,35.8,"Nooksack, Everson, Whatcom County",330061,Nooksack,2021-04-28 23:14:36.789614
2008-01-03,16:00,40.9,40.9,100.0,0.01,0,E,4.8,12.7,0.9,35.8,"Nooksack, Everson, Whatcom County",330061,Nooksack,2021-04-28 23:14:36.789614
2008-01-03,16:15,44.7,42.7,92.8,0.0,0,S,6.1,17.4,0.81,35.8,"Nooksack, Everson, Whatcom County",330061,Nooksack,2021-04-28 23:14:36.789614
2008-01-03,16:30,48.6,42.5,79.3,0.0,0,S,10.2,17.2,0.23,35.8,"Nooksack, Everson, Whatcom County",330061,Nooksack,2021-04-28 23:14:36.789614
2008-01-03,16:45,48.8,42.4,78.4,0.0,0,S,12.2,20.2,,35.8,"Nooksack, Everson, Whatcom County",330061,Nooksack,2021-04-28 23:14:36.789614
2008-01-03,17:00,49.2,42.0,76.1,0.0,0,S,12.7,22.0,,35.8,"Nooksack, Everson, Whatcom County",330061,Nooksack,2021-04-28 23:14:36.789614
2008-01-03,17:15,49.1,41.8,75.9,0.0,0,S,13.2,23.1,,35.8,"Nooksack, Everson, Whatcom County",330061,Nooksack,2021-04-28 23:14:36.789614
2008-01-03,17:30,49.0,41.7,75.8,0.0,0,S,12.9,20.8,,35.8,"Nooksack, Everson, Whatcom County",330061,Nooksack,2021-04-28 23:14:36.789614
2008-01-03,17:45,49.0,41.6,75.4,0.0,0,S,14.5,25.9,,35.8,"Nooksack, Everson, Whatcom County",330061,Nooksack,2021-04-28 23:14:36.789614
2008-01-03,18:00,48.8,41.6,76.2,0.0,0,S,12.0,19.5,,35.8,"Nooksack, Everson, Whatcom County",330061,Nooksack,2021-04-28 23:14:36.789614
2008-01-03,18:15,48.5,41.3,76.1,0.0,0,S,14.0,21.6,,35.8,"Nooksack, Everson, Whatcom County",330061,Nooksack,2021-04-28 23:14:36.789614
2008-01-03,18:30,47.5,41.3,79.1,0.0,0,S,11.3,19.1,,35.9,"Nooksack, Everson, Whatcom County",330061,Nooksack,2021-04-28 23:14:36.789614
2008-01-03,18:45,47.0,41.1,79.8,0.0,0,S,11.5,18.4,,35.9,"Nooksack, Everson, Whatcom County",330061,Nooksack,2021-04-28 23:14:36.789614
2008-01-03,19:00,47.5,39.8,74.3,0.0,0,S,12.2,19.7,,35.9,"Nooksack, Everson, Whatcom County",330061,Nooksack,2021-04-28 23:14:36.789614
2008-01-03,19:15,47.1,39.4,74.6,0.0,0,S,12.2,19.9,,35.9,"Nooksack, Everson, Whatcom County",330061,Nooksack,2021-04-28 23:14:36.789614
2008-01-03,19:30,46.7,38.9,74.1,0.0,0,S,10.4,26.5,,35.9,"Nooksack, Everson, Whatcom County",330061,Nooksack,2021-04-28 23:14:36.789614
2008-01-03,19:45,46.7,38.1,71.6,0.0,0,S,9.7,23.1,,35.9,"Nooksack, Everson, Whatcom County",330061,Nooksack,2021-04-28 23:14:36.789614
2008-01-03,20:00,46.5,39.1,75.1,0.0,0,S,11.3,18.1,,35.9,"Nooksack, Everson, Whatcom County",330061,Nooksack,2021-04-28 23:14:36.789614
2008-01-03,20:15,46.1,39.2,76.7,0.0,0,S,10.2,18.8,,35.9,"Nooksack, Everson, Whatcom County",330061,Nooksack,2021-04-28 23:14:36.789614
2008-01-03,20:30,45.9,38.9,76.1,0.0,0,S,12.5,19.1,,35.9,"Nooksack, Everson, Whatcom County",330061,Nooksack,2021-04-28 23:14:36.789614
2008-01-03,20:45,45.6,38.8,76.9,0.0,0,S,11.1,15.7,,35.9,"Nooksack, Everson, Whatcom County",330061,Nooksack,2021-04-28 23:14:36.789614
2008-01-03,21:00,45.3,38.7,77.6,0.0,0,S,11.3,18.6,,35.9,"Nooksack, Everson, Whatcom County",330061,Nooksack,2021-04-28 23:14:36.789614
2008-01-03,21:15,45.2,38.6,77.6,0.0,0,S,10.4,15.4,,35.9,"Nooksack, Everson, Whatcom County",330061,Nooksack,2021-04-28 23:14:36.789614
2008-01-03,21:30,45.3,39.0,78.6,0.0,0,S,9.7,17.7,,35.9,"Nooksack, Everson, Whatcom County",330061,Nooksack,2021-04-28 23:14:36.789614
2008-01-03,21:45,45.4,39.6,79.9,0.0,0,S,9.3,17.9,,35.9,"Nooksack, Everson, Whatcom County",330061,Nooksack,2021-04-28 23:14:36.789614
2008-01-03,22:00,45.4,39.7,80.2,0.0,0,S,9.7,15.9,,35.9,"Nooksack, Everson, Whatcom County",330061,Nooksack,2021-04-28 23:14:36.789614
2008-01-03,22:15,45.4,40.0,81.0,0.0,0,S,8.9,16.5,,35.9,"Nooksack, Everson, Whatcom County",330061,Nooksack,2021-04-28 23:14:36.789614
2008-01-03,22:30,45.0,40.1,82.6,0.0,0,SW,6.4,12.2,,35.9,"Nooksack, Everson, Whatcom County",330061,Nooksack,2021-04-28 23:14:36.789614
2008-01-03,22:45,44.8,40.0,82.9,0.0,0,SW,5.9,9.8,,35.9,"Nooksack, Everson, Whatcom County",330061,Nooksack,2021-04-28 23:14:36.789614
2008-01-03,23:00,45.3,39.5,80.0,0.0,0,SW,5.4,8.4,,35.9,"Nooksack, Everson, Whatcom County",330061,Nooksack,2021-04-28 23:14:36.789614
2008-01-03,23:15,45.2,39.8,81.2,0.0,0,SW,5.4,8.8,,35.9,"Nooksack, Everson, Whatcom County",330061,Nooksack,2021-04-28 23:14:36.789614
2008-01-03,23:30,44.8,39.8,82.7,0.0,0,SW,3.2,9.5,,35.9,"Nooksack, Everson, Whatcom County",330061,Nooksack,2021-04-28 23:14:36.789614
2008-01-03,23:45,45.6,39.3,78.5,0.0,0,S,7.0,12.3,,35.9,"Nooksack, Everson, Whatcom County",330061,Nooksack,2021-04-28 23:14:36.789614
2008-01-03,24:00,46.0,39.4,77.5,0.0,0,S,7.2,11.5,,36.0,"Nooksack, Everson, Whatcom County",330061,Nooksack,2021-04-28 23:14:36.789614
2008-01-04,00:15,45.6,39.4,78.8,0.0,0,S,5.7,10.0,,36.0,"Nooksack, Everson, Whatcom County",330061,Nooksack,2021-04-28 23:14:36.789614
2008-01-04,00:30,45.5,39.3,78.9,0.0,0,S,3.9,7.5,,36.0,"Nooksack, Everson, Whatcom County",330061,Nooksack,2021-04-28 23:14:36.789614
2008-01-04,00:45,45.6,39.3,78.3,0.0,0,S,2.9,7.3,,36.0,"Nooksack, Everson, Whatcom County",330061,Nooksack,2021-04-28 23:14:36.789614
2008-01-04,01:00,45.3,39.2,79.0,0.0,0,SW,1.4,7.2,,36.0,"Nooksack, Everson, Whatcom County",330061,Nooksack,2021-04-28 23:14:36.789614
2008-01-04,01:15,45.7,38.7,76.4,0.0,0,S,1.8,7.5,,36.0,"Nooksack, Everson, Whatcom County",330061,Nooksack,2021-04-28 23:14:36.789614
2008-01-04,01:30,44.2,39.1,82.2,0.0,0,S,1.7,5.5,,36.0,"Nooksack, Everson, Whatcom County",330061,Nooksack,2021-04-28 23:14:36.789614
2008-01-04,01:45,43.2,38.9,84.7,0.0,0,E,1.1,5.5,,36.0,"Nooksack, Everson, Whatcom County",330061,Nooksack,2021-04-28 23:14:36.789614
2008-01-04,02:00,41.9,38.9,88.9,0.0,0,NE,3.2,6.3,,36.0,"Nooksack, Everson, Whatcom County",330061,Nooksack,2021-04-28 23:14:36.789614
2008-01-04,02:15,41.3,38.9,91.3,0.0,0,W,0.2,2.5,,36.0,"Nooksack, Everson, Whatcom County",330061,Nooksack,2021-04-28 23:14:36.789614
2008-01-04,02:30,40.9,38.7,91.8,0.0,0,SW,1.7,5.2,,36.0,"Nooksack, Everson, Whatcom County",330061,Nooksack,2021-04-28 23:14:36.789614
2008-01-04,02:45,40.8,38.9,92.8,0.0,0,NE,5.0,10.4,,36.0,"Nooksack, Everson, Whatcom County",330061,Nooksack,2021-04-28 23:14:36.789614
2008-01-04,03:00,40.7,39.0,93.4,0.0,0,NE,5.4,11.8,,36.0,"Nooksack, Everson, Whatcom County",330061,Nooksack,2021-04-28 23:14:36.789614
2008-01-04,03:15,39.8,38.9,96.3,0.0,0,NE,5.9,8.8,,36.0,"Nooksack, Everson, Whatcom County",330061,Nooksack,2021-04-28 23:14:36.789614
2008-01-04,03:30,39.6,39.0,97.7,0.0,0,NE,7.2,10.4,,36.0,"Nooksack, Everson, Whatcom County",330061,Nooksack,2021-04-28 23:14:36.789614
2008-01-04,03:45,40.0,38.9,96.0,0.0,0,NE,8.6,12.0,,36.0,"Nooksack, Everson, Whatcom County",330061,Nooksack,2021-04-28 23:14:36.789614
2008-01-04,04:00,39.4,38.9,98.4,0.0,0,NE,9.7,13.6,,36.0,"Nooksack, Everson, Whatcom County",330061,Nooksack,2021-04-28 23:14:36.789614
2008-01-04,04:15,39.7,39.0,97.3,0.0,0,NE,11.8,15.7,,36.1,"Nooksack, Everson, Whatcom County",330061,Nooksack,2021-04-28 23:14:36.789614
2008-01-04,04:30,40.0,39.2,96.6,0.0,0,NE,11.8,17.0,,36.1,"Nooksack, Everson, Whatcom County",330061,Nooksack,2021-04-28 23:14:36.789614
2008-01-04,04:45,39.7,39.0,97.3,0.0,0,NE,12.2,17.4,,36.1,"Nooksack, Everson, Whatcom County",330061,Nooksack,2021-04-28 23:14:36.789614
2008-01-04,05:00,39.3,38.8,97.9,0.0,0,NE,13.2,17.5,,36.1,"Nooksack, Everson, Whatcom County",330061,Nooksack,2021-04-28 23:14:36.789614
2008-01-04,05:15,39.3,38.5,97.2,0.0,0,NE,12.2,17.7,,36.1,"Nooksack, Everson, Whatcom County",330061,Nooksack,2021-04-28 23:14:36.789614
2008-01-04,05:30,39.3,38.4,96.8,0.0,0,NE,11.8,16.3,,36.1,"Nooksack, Everson, Whatcom County",330061,Nooksack,2021-04-28 23:14:36.789614
2008-01-04,05:45,39.1,38.5,97.7,0.0,0,NE,12.5,17.2,,36.1,"Nooksack, Everson, Whatcom County",330061,Nooksack,2021-04-28 23:14:36.789614
2008-01-04,06:00,39.3,38.4,96.5,0.0,0,NE,13.4,17.7,,36.1,"Nooksack, Everson, Whatcom County",330061,Nooksack,2021-04-28 23:14:36.789614
2008-01-04,06:15,39.5,38.3,95.2,0.0,0,NE,12.5,16.8,,36.2,"Nooksack, Everson, Whatcom County",330061,Nooksack,2021-04-28 23:14:36.789614
2008-01-04,06:30,39.6,38.0,93.9,0.0,0,NE,12.0,16.6,,36.2,"Nooksack, Everson, Whatcom County",330061,Nooksack,2021-04-28 23:14:36.789614
2008-01-04,06:45,39.8,38.0,93.3,0.0,0,NE,12.5,16.8,,36.2,"Nooksack, Everson, Whatcom County",330061,Nooksack,2021-04-28 23:14:36.789614
2008-01-04,07:00,39.7,38.0,93.4,0.0,0,NE,12.5,16.6,,36.2,"Nooksack, Everson, Whatcom County",330061,Nooksack,2021-04-28 23:14:36.789614
2008-01-04,07:15,39.9,37.9,92.4,0.0,0,NE,12.9,16.1,,36.2,"Nooksack, Everson, Whatcom County",330061,Nooksack,2021-04-28 23:14:36.789614
2008-01-04,07:30,40.2,37.8,91.2,0.0,0,NE,13.4,17.7,,36.2,"Nooksack, Everson, Whatcom County",330061,Nooksack,2021-04-28 23:14:36.789614
2008-01-04,07:45,40.3,37.7,90.4,0.0,0,NE,11.8,19.5,,36.2,"Nooksack, Everson, Whatcom County",330061,Nooksack,2021-04-28 23:14:36.789614
2008-01-04,08:00,40.3,37.8,90.7,0.0,0,NE,9.7,14.7,,36.2,"Nooksack, Everson, Whatcom County",330061,Nooksack,2021-04-28 23:14:36.789614
2008-01-04,08:15,40.9,37.9,88.9,0.0,0,NE,11.1,15.9,,36.2,"Nooksack, Everson, Whatcom County",330061,Nooksack,2021-04-28 23:14:36.789614
2008-01-04,08:30,41.1,38.2,89.4,0.0,0,NE,11.3,16.1,0.22,36.2,"Nooksack, Everson, Whatcom County",330061,Nooksack,2021-04-28 23:14:36.789614
2008-01-04,08:45,40.8,38.7,91.9,0.0,0,NE,10.7,15.0,0.72,36.2,"Nooksack, Everson, Whatcom County",330061,Nooksack,2021-04-28 23:14:36.789614
2008-01-04,09:00,40.5,38.9,94.2,0.0,0,NE,10.7,16.1,0.93,36.2,"Nooksack, Everson, Whatcom County",330061,Nooksack,2021-04-28 23:14:36.789614
2008-01-04,09:15,40.7,39.3,94.7,0.0,0,NE,12.5,18.1,0.98,36.2,"Nooksack, Everson, Whatcom County",330061,Nooksack,2021-04-28 23:14:36.789614
2008-01-04,09:30,40.5,39.4,96.0,0.0,0,NE,11.6,15.6,1.0,36.2,"Nooksack, Everson, Whatcom County",330061,Nooksack,2021-04-28 23:14:36.789614
2008-01-04,09:45,40.4,39.5,96.6,0.0,1,NE,10.0,15.6,,36.2,"Nooksack, Everson, Whatcom County",330061,Nooksack,2021-04-28 23:14:36.789614
2008-01-04,10:00,41.1,39.6,94.4,0.0,1,NE,12.9,17.4,,36.2,"Nooksack, Everson, Whatcom County",330061,Nooksack,2021-04-28 23:14:36.789614
2008-01-04,10:15,41.4,39.7,93.8,0.0,3,NE,11.1,16.6,,36.2,"Nooksack, Everson, Whatcom County",330061,Nooksack,2021-04-28 23:14:36.789614
2008-01-04,10:30,41.3,40.0,95.1,0.0,6,NE,12.2,16.8,,36.2,"Nooksack, Everson, Whatcom County",330061,Nooksack,2021-04-28 23:14:36.789614
2008-01-04,10:45,41.1,40.1,96.4,0.0,8,NE,11.5,15.0,,36.2,"Nooksack, Everson, Whatcom County",330061,Nooksack,2021-04-28 23:14:36.789614
2008-01-04,11:00,41.1,40.1,96.1,0.0,8,NE,12.0,17.9,0.98,36.2,"Nooksack, Everson, Whatcom County",330061,Nooksack,2021-04-28 23:14:36.789614
2008-01-04,11:15,41.4,40.1,94.7,0.0,19,NE,13.6,18.8,0.75,36.2,"Nooksack, Everson, Whatcom County",330061,Nooksack,2021-04-28 23:14:36.789614
2008-01-04,11:30,41.8,40.1,93.8,0.0,34,NE,14.3,19.9,0.24,36.2,"Nooksack, Everson, Whatcom County",330061,Nooksack,2021-04-28 23:14:36.789614
2008-01-04,11:45,42.2,40.2,92.8,0.0,50,NE,14.7,19.9,,36.2,"Nooksack, Everson, Whatcom County",330061,Nooksack,2021-04-28 23:14:36.789614
2008-01-04,12:00,42.0,40.3,93.5,0.0,9,NE,12.9,17.7,,36.2,"Nooksack, Everson, Whatcom County",330061,Nooksack,2021-04-28 23:14:36.789614
2008-01-04,12:15,42.1,40.3,93.1,0.0,11,NE,10.7,15.2,,36.2,"Nooksack, Everson, Whatcom County",330061,Nooksack,2021-04-28 23:14:36.789614
2008-01-04,12:30,42.4,40.6,93.4,0.0,10,NE,10.2,13.6,0.08,36.2,"Nooksack, Everson, Whatcom County",330061,Nooksack,2021-04-28 23:14:36.789614
2008-01-04,12:45,42.2,40.7,94.2,0.0,8,NE,9.7,13.4,0.52,36.2,"Nooksack, Everson, Whatcom County",330061,Nooksack,2021-04-28 23:14:36.789614
2008-01-04,13:00,42.4,40.9,94.4,0.0,12,NE,7.9,13.8,0.9,36.2,"Nooksack, Everson, Whatcom County",330061,Nooksack,2021-04-28 23:14:36.789614
2008-01-04,13:15,42.5,41.7,96.8,0.02,2,E,4.1,8.1,0.98,36.2,"Nooksack, Everson, Whatcom County",330061,Nooksack,2021-04-28 23:14:36.789614
2008-01-04,13:30,43.1,42.7,98.2,0.01,7,E,3.9,8.4,1.0,36.2,"Nooksack, Everson, Whatcom County",330061,Nooksack,2021-04-28 23:14:36.789614
2008-01-04,13:45,45.6,43.5,92.4,0.0,33,SE,3.9,9.3,0.97,36.3,"Nooksack, Everson, Whatcom County",330061,Nooksack,2021-04-28 23:14:36.789614
2008-01-04,14:00,47.2,43.2,86.1,0.0,57,SE,3.2,8.4,0.82,36.3,"Nooksack, Everson, Whatcom County",330061,Nooksack,2021-04-28 23:14:36.789614
2008-01-04,14:15,48.9,43.4,81.4,0.0,146,S,5.0,14.3,0.39,36.3,"Nooksack, Everson, Whatcom County",330061,Nooksack,2021-04-28 23:14:36.789614
2008-01-04,14:30,50.3,43.4,77.0,0.0,190,S,6.3,14.1,0.01,36.3,"Nooksack, Everson, Whatcom County",330061,Nooksack,2021-04-28 23:14:36.789614
2008-01-04,14:45,50.0,42.7,75.8,0.0,86,S,8.2,13.1,,36.3,"Nooksack, Everson, Whatcom County",330061,Nooksack,2021-04-28 23:14:36.789614
2008-01-04,15:00,50.5,42.1,72.8,0.0,81,S,8.4,14.8,,36.3,"Nooksack, Everson, Whatcom County",330061,Nooksack,2021-04-28 23:14:36.789614
2008-01-04,15:15,50.2,41.7,72.4,0.0,28,S,6.1,10.9,,36.3,"Nooksack, Everson, Whatcom County",330061,Nooksack,2021-04-28 23:14:36.789614
2008-01-04,15:30,50.2,41.6,72.3,0.0,16,S,5.7,10.6,,36.3,"Nooksack, Everson, Whatcom County",330061,Nooksack,2021-04-28 23:14:36.789614
2008-01-04,15:45,49.2,42.2,76.5,0.0,13,E,3.9,10.4,,36.3,"Nooksack, Everson, Whatcom County",330061,Nooksack,2021-04-28 23:14:36.789614
2008-01-04,16:00,43.0,42.6,98.5,0.0,3,NE,7.9,14.5,,36.3,"Nooksack, Everson, Whatcom County",330061,Nooksack,2021-04-28 23:14:36.789614
2008-01-04,16:15,41.7,41.7,100.0,0.0,0,NE,10.7,14.7,,36.3,"Nooksack, Everson, Whatcom County",330061,Nooksack,2021-04-28 23:14:36.789614
2008-01-04,16:30,41.2,41.2,100.0,0.0,0,NE,11.5,17.9,0.08,36.3,"Nooksack, Everson, Whatcom County",330061,Nooksack,2021-04-28 23:14:36.789614
2008-01-04,16:45,41.2,41.2,100.0,0.0,0,NE,10.4,16.8,0.03,36.3,"Nooksack, Everson, Whatcom County",330061,Nooksack,2021-04-28 23:14:36.789614
2008-01-04,17:00,41.4,41.4,100.0,0.0,0,NE,10.0,15.0,,36.3,"Nooksack, Everson, Whatcom County",330061,Nooksack,2021-04-28 23:14:36.789614
2008-01-04,17:15,41.1,41.1,100.0,0.0,0,E,9.3,12.9,,36.3,"Nooksack, Everson, Whatcom County",330061,Nooksack,2021-04-28 23:14:36.789614
2008-01-04,17:30,41.1,41.1,100.0,0.0,0,E,8.8,16.8,,36.3,"Nooksack, Everson, Whatcom County",330061,Nooksack,2021-04-28 23:14:36.789614
2008-01-04,17:45,41.4,41.4,100.0,0.0,0,NE,11.1,15.4,,36.3,"Nooksack, Everson, Whatcom County",330061,Nooksack,2021-04-28 23:14:36.789614
2008-01-04,18:00,41.2,41.2,100.0,0.0,0,NE,9.1,14.0,,36.3,"Nooksack, Everson, Whatcom County",330061,Nooksack,2021-04-28 23:14:36.789614
2008-01-04,18:15,41.1,41.1,100.0,0.0,0,NE,7.9,13.2,,36.3,"Nooksack, Everson, Whatcom County",330061,Nooksack,2021-04-28 23:14:36.789614
2008-01-04,18:30,41.4,41.3,99.6,0.0,0,NE,8.1,13.1,,36.3,"Nooksack, Everson, Whatcom County",330061,Nooksack,2021-04-28 23:14:36.789614
2008-01-04,18:45,41.3,41.2,99.8,0.0,0,NE,7.9,11.1,,36.3,"Nooksack, Everson, Whatcom County",330061,Nooksack,2021-04-28 23:14:36.789614
2008-01-04,19:00,41.1,41.1,100.0,0.0,0,NE,9.3,13.2,,36.3,"Nooksack, Everson, Whatcom County",330061,Nooksack,2021-04-28 23:14:36.789614
2008-01-04,19:15,41.2,41.0,99.1,0.0,0,NE,7.9,14.1,,36.3,"Nooksack, Everson, Whatcom County",330061,Nooksack,2021-04-28 23:14:36.789614
2008-01-04,19:30,42.4,40.8,94.2,0.0,0,NE,7.0,11.6,,36.3,"Nooksack, Everson, Whatcom County",330061,Nooksack,2021-04-28 23:14:36.789614
2008-01-04,19:45,41.6,40.9,97.1,0.0,0,NE,8.6,12.3,,36.3,"Nooksack, Everson, Whatcom County",330061,Nooksack,2021-04-28 23:14:36.789614
2008-01-04,20:00,41.6,40.9,97.3,0.0,0,NE,8.4,13.1,,36.4,"Nooksack, Everson, Whatcom County",330061,Nooksack,2021-04-28 23:14:36.789614
2008-01-04,20:15,42.6,40.6,92.4,0.0,0,NE,6.6,10.7,,36.4,"Nooksack, Everson, Whatcom County",330061,Nooksack,2021-04-28 23:14:36.789614
2008-01-04,20:30,42.5,40.6,92.9,0.0,0,NE,5.2,10.7,,36.4,"Nooksack, Everson, Whatcom County",330061,Nooksack,2021-04-28 23:14:36.789614
2008-01-04,20:45,42.9,40.4,90.6,0.0,0,NE,4.1,9.1,,36.4,"Nooksack, Everson, Whatcom County",330061,Nooksack,2021-04-28 23:14:36.789614
2008-01-04,21:00,48.5,40.3,73.0,0.0,0,S,6.8,15.6,,36.4,"Nooksack, Everson, Whatcom County",330061,Nooksack,2021-04-28 23:14:36.789614
2008-01-04,21:15,48.4,41.2,76.0,0.0,0,S,6.1,13.4,,36.4,"Nooksack, Everson, Whatcom County",330061,Nooksack,2021-04-28 23:14:36.789614
2008-01-04,21:30,47.6,41.1,77.8,0.0,0,SE,5.0,12.0,,36.4,"Nooksack, Everson, Whatcom County",330061,Nooksack,2021-04-28 23:14:36.789614
2008-01-04,21:45,48.3,40.4,73.9,0.0,0,S,4.8,10.4,,36.4,"Nooksack, Everson, Whatcom County",330061,Nooksack,2021-04-28 23:14:36.789614
2008-01-04,22:00,48.6,40.2,72.5,0.0,0,S,3.9,8.9,,36.4,"Nooksack, Everson, Whatcom County",330061,Nooksack,2021-04-28 23:14:36.789614
2008-01-04,22:15,48.6,40.1,72.3,0.0,0,S,5.5,12.0,,36.4,"Nooksack, Everson, Whatcom County",330061,Nooksack,2021-04-28 23:14:36.789614
2008-01-04,22:30,48.8,39.9,71.3,0.0,0,S,5.0,11.3,,36.4,"Nooksack, Everson, Whatcom County",330061,Nooksack,2021-04-28 23:14:36.789614
2008-01-04,22:45,49.0,39.4,69.3,0.0,0,S,5.4,12.5,,36.4,"Nooksack, Everson, Whatcom County",330061,Nooksack,2021-04-28 23:14:36.789614
2008-01-04,23:00,49.3,39.4,68.4,0.0,0,S,7.5,15.7,,36.4,"Nooksack, Everson, Whatcom County",330061,Nooksack,2021-04-28 23:14:36.789614
2008-01-04,23:15,49.0,39.6,69.9,0.0,0,S,6.4,14.7,,36.4,"Nooksack, Everson, Whatcom County",330061,Nooksack,2021-04-28 23:14:36.789614
2008-01-04,23:30,48.4,40.0,72.5,0.0,0,S,5.9,14.8,,36.4,"Nooksack, Everson, Whatcom County",330061,Nooksack,2021-04-28 23:14:36.789614
2008-01-04,23:45,47.7,40.2,74.9,0.0,0,S,6.4,11.8,,36.4,"Nooksack, Everson, Whatcom County",330061,Nooksack,2021-04-28 23:14:36.789614
2008-01-04,24:00,47.0,40.6,78.3,0.0,0,S,10.7,18.4,,36.4,"Nooksack, Everson, Whatcom County",330061,Nooksack,2021-04-28 23:14:36.789614
2008-01-05,00:15,47.2,40.0,75.9,0.0,0,S,13.1,22.9,,36.5,"Nooksack, Everson, Whatcom County",330061,Nooksack,2021-04-28 23:14:36.789614
2008-01-05,00:30,47.1,39.8,75.6,0.0,0,S,11.8,21.6,,36.5,"Nooksack, Everson, Whatcom County",330061,Nooksack,2021-04-28 23:14:36.789614
2008-01-05,00:45,46.8,39.5,75.3,0.0,0,S,14.1,25.8,,36.5,"Nooksack, Everson, Whatcom County",330061,Nooksack,2021-04-28 23:14:36.789614
2008-01-05,01:00,47.1,39.0,73.3,0.0,0,S,15.4,24.3,,36.5,"Nooksack, Everson, Whatcom County",330061,Nooksack,2021-04-28 23:14:36.789614
2008-01-05,01:15,47.0,38.7,72.8,0.0,0,S,12.7,21.8,,36.5,"Nooksack, Everson, Whatcom County",330061,Nooksack,2021-04-28 23:14:36.789614
2008-01-05,01:30,47.2,38.2,70.7,0.0,0,S,13.6,22.4,,36.5,"Nooksack, Everson, Whatcom County",330061,Nooksack,2021-04-28 23:14:36.789614
2008-01-05,01:45,47.1,38.1,70.8,0.0,0,S,15.7,24.9,,36.5,"Nooksack, Everson, Whatcom County",330061,Nooksack,2021-04-28 23:14:36.789614
2008-01-05,02:00,46.7,38.2,72.1,0.0,0,S,15.7,24.9,,36.5,"Nooksack, Everson, Whatcom County",330061,Nooksack,2021-04-28 23:14:36.789614
2008-01-05,02:15,46.1,38.6,74.8,0.0,0,S,16.3,25.4,,36.5,"Nooksack, Everson, Whatcom County",330061,Nooksack,2021-04-28 23:14:36.789614
2008-01-05,02:30,45.1,39.4,80.1,0.0,0,S,14.7,24.2,,36.5,"Nooksack, Everson, Whatcom County",330061,Nooksack,2021-04-28 23:14:36.789614
2008-01-05,02:45,44.2,39.8,84.4,0.0,0,S,14.5,22.5,,36.5,"Nooksack, Everson, Whatcom County",330061,Nooksack,2021-04-28 23:14:36.789614
2008-01-05,03:00,44.0,40.1,85.9,0.0,0,S,14.0,20.8,,36.5,"Nooksack, Everson, Whatcom County",330061,Nooksack,2021-04-28 23:14:36.789614
2008-01-05,03:15,43.2,40.3,89.1,0.0,0,S,14.3,22.5,,36.6,"Nooksack, Everson, Whatcom County",330061,Nooksack,2021-04-28 23:14:36.789614
2008-01-05,03:30,44.2,39.4,83.1,0.0,0,S,17.5,24.2,,36.6,"Nooksack, Everson, Whatcom County",330061,Nooksack,2021-04-28 23:14:36.789614
2008-01-05,03:45,44.2,39.4,83.1,0.0,0,S,15.6,23.4,,36.6,"Nooksack, Everson, Whatcom County",330061,Nooksack,2021-04-28 23:14:36.789614
2008-01-05,04:00,44.4,39.1,81.5,0.0,0,S,14.8,26.1,,36.6,"Nooksack, Everson, Whatcom County",330061,Nooksack,2021-04-28 23:14:36.789614
2008-01-05,04:15,44.7,38.8,79.7,0.0,0,S,16.8,23.6,,36.6,"Nooksack, Everson, Whatcom County",330061,Nooksack,2021-04-28 23:14:36.789614
2008-01-05,04:30,44.5,38.8,80.0,0.0,0,S,13.6,19.0,,36.6,"Nooksack, Everson, Whatcom County",330061,Nooksack,2021-04-28 23:14:36.789614
2008-01-05,04:45,44.5,38.7,79.8,0.0,0,S,11.5,20.9,,36.6,"Nooksack, Everson, Whatcom County",330061,Nooksack,2021-04-28 23:14:36.789614
2008-01-05,05:00,44.3,38.7,80.6,0.0,0,S,10.7,19.0,,36.6,"Nooksack, Everson, Whatcom County",330061,Nooksack,2021-04-28 23:14:36.789614
2008-01-05,05:15,43.9,38.7,81.8,0.0,0,S,10.7,17.7,,36.6,"Nooksack, Everson, Whatcom County",330061,Nooksack,2021-04-28 23:14:36.789614
2008-01-05,05:30,43.8,38.2,80.6,0.0,0,S,13.6,18.6,,36.6,"Nooksack, Everson, Whatcom County",330061,Nooksack,2021-04-28 23:14:36.789614
2008-01-05,05:45,43.8,37.8,79.5,0.0,0,S,12.2,20.4,,36.6,"Nooksack, Everson, Whatcom County",330061,Nooksack,2021-04-28 23:14:36.789614
2008-01-05,06:00,43.5,38.0,80.6,0.0,0,S,13.2,22.2,,36.6,"Nooksack, Everson, Whatcom County",330061,Nooksack,2021-04-28 23:14:36.789614
2008-01-05,06:15,43.5,38.0,81.0,0.0,0,S,11.5,20.4,,36.6,"Nooksack, Everson, Whatcom County",330061,Nooksack,2021-04-28 23:14:36.789614
2008-01-05,06:30,43.7,37.5,78.7,0.0,0,S,10.6,21.1,,36.6,"Nooksack, Everson, Whatcom County",330061,Nooksack,2021-04-28 23:14:36.789614
2008-01-05,06:45,43.6,37.6,79.2,0.0,0,S,10.9,15.7,,36.6,"Nooksack, Everson, Whatcom County",330061,Nooksack,2021-04-28 23:14:36.789614
2008-01-05,07:00,43.6,37.5,78.8,0.0,0,S,10.6,17.2,,36.6,"Nooksack, Everson, Whatcom County",330061,Nooksack,2021-04-28 23:14:36.789614
2008-01-05,07:15,43.6,37.3,78.2,0.0,0,S,10.7,17.7,,36.6,"Nooksack, Everson, Whatcom County",330061,Nooksack,2021-04-28 23:14:36.789614
2008-01-05,07:30,43.3,37.5,79.8,0.0,0,S,12.0,19.0,,36.6,"Nooksack, Everson, Whatcom County",330061,Nooksack,2021-04-28 23:14:36.789614
2008-01-05,07:45,43.2,37.3,79.3,0.0,0,S,12.5,20.4,,36.6,"Nooksack, Everson, Whatcom County",330061,Nooksack,2021-04-28 23:14:36.789614
2008-01-05,08:00,43.2,37.4,79.8,0.0,0,S,10.0,15.6,,36.6,"Nooksack, Everson, Whatcom County",330061,Nooksack,2021-04-28 23:14:36.789614
2008-01-05,08:15,43.0,37.5,80.6,0.0,0,S,10.6,16.8,,36.7,"Nooksack, Everson, Whatcom County",330061,Nooksack,2021-04-28 23:14:36.789614
2008-01-05,08:30,43.1,37.3,79.6,0.0,1,S,7.9,12.9,,36.7,"Nooksack, Everson, Whatcom County",330061,Nooksack,2021-04-28 23:14:36.789614
2008-01-05,08:45,43.1,37.2,79.7,0.0,3,S,6.4,15.9,,36.7,"Nooksack, Everson, Whatcom County",330061,Nooksack,2021-04-28 23:14:36.789614
2008-01-05,09:00,43.4,36.9,77.9,0.0,4,S,8.6,17.5,,36.7,"Nooksack, Everson, Whatcom County",330061,Nooksack,2021-04-28 23:14:36.789614
2008-01-05,09:15,43.4,37.0,77.8,0.0,9,S,8.6,14.1,,36.7,"Nooksack, Everson, Whatcom County",330061,Nooksack,2021-04-28 23:14:36.789614
2008-01-05,09:30,43.4,36.9,77.8,0.0,12,S,11.5,18.1,,36.7,"Nooksack, Everson, Whatcom County",330061,Nooksack,2021-04-28 23:14:36.789614
2008-01-05,09:45,43.2,36.8,78.0,0.0,12,S,9.7,15.4,,36.7,"Nooksack, Everson, Whatcom County",330061,Nooksack,2021-04-28 23:14:36.789614
2008-01-05,10:00,42.9,36.9,79.1,0.0,20,S,10.7,16.5,,36.7,"Nooksack, Everson, Whatcom County",330061,Nooksack,2021-04-28 23:14:36.789614
2008-01-05,10:15,42.6,37.1,80.6,0.0,12,S,9.1,14.3,,36.7,"Nooksack, Everson, Whatcom County",330061,Nooksack,2021-04-28 23:14:36.789614
2008-01-05,10:30,42.1,37.4,83.3,0.0,18,S,9.7,15.9,,36.7,"Nooksack, Everson, Whatcom County",330061,Nooksack,2021-04-28 23:14:36.789614
2008-01-05,10:45,42.2,37.5,83.3,0.0,118,S,8.6,16.5,,36.7,"Nooksack, Everson, Whatcom County",330061,Nooksack,2021-04-28 23:14:36.789614
2008-01-05,11:00,42.4,37.3,82.2,0.0,213,S,13.1,20.6,,36.7,"Nooksack, Everson, Whatcom County",330061,Nooksack,2021-04-28 23:14:36.789614
2008-01-05,11:15,42.6,37.0,80.4,0.0,135,S,13.2,20.8,,36.7,"Nooksack, Everson, Whatcom County",330061,Nooksack,2021-04-28 23:14:36.789614
2008-01-05,11:30,42.1,36.0,78.7,0.0,26,S,13.2,20.4,,36.7,"Nooksack, Everson, Whatcom County",330061,Nooksack,2021-04-28 23:14:36.789614
2008-01-05,11:45,42.2,36.2,79.0,0.0,90,S,11.5,19.3,,36.7,"Nooksack, Everson, Whatcom County",330061,Nooksack,2021-04-28 23:14:36.789614
2008-01-05,12:00,42.3,36.0,78.1,0.0,109,S,12.9,20.4,,36.7,"Nooksack, Everson, Whatcom County",330061,Nooksack,2021-04-28 23:14:36.789614
2008-01-05,12:15,42.0,35.5,77.8,0.0,51,S,14.3,22.7,,36.7,"Nooksack, Everson, Whatcom County",330061,Nooksack,2021-04-28 23:14:36.789614
2008-01-05,12:30,42.0,35.4,77.4,0.0,52,S,12.5,19.0,,36.7,"Nooksack, Everson, Whatcom County",330061,Nooksack,2021-04-28 23:14:36.789614
2008-01-05,12:45,42.2,35.3,76.4,0.0,100,S,12.5,21.8,,36.7,"Nooksack, Everson, Whatcom County",330061,Nooksack,2021-04-28 23:14:36.789614
2008-01-05,13:00,42.3,35.1,75.4,0.0,75,S,12.9,20.8,,36.7,"Nooksack, Everson, Whatcom County",330061,Nooksack,2021-04-28 23:14:36.789614
2008-01-05,13:15,42.4,34.6,73.7,0.0,64,S,14.3,22.9,,36.7,"Nooksack, Everson, Whatcom County",330061,Nooksack,2021-04-28 23:14:36.789614
2008-01-05,13:30,42.6,34.7,73.4,0.0,76,S,13.2,24.7,,36.7,"Nooksack, Everson, Whatcom County",330061,Nooksack,2021-04-28 23:14:36.789614
2008-01-05,13:45,42.3,34.6,74.1,0.0,70,S,15.0,24.7,,36.7,"Nooksack, Everson, Whatcom County",330061,Nooksack,2021-04-28 23:14:36.789614
2008-01-05,14:00,42.3,34.4,73.4,0.0,58,S,15.0,22.0,,36.8,"Nooksack, Everson, Whatcom County",330061,Nooksack,2021-04-28 23:14:36.789614
2008-01-05,14:15,42.2,34.4,73.6,0.0,29,S,14.0,22.5,,36.8,"Nooksack, Everson, Whatcom County",330061,Nooksack,2021-04-28 23:14:36.789614
2008-01-05,14:30,42.2,34.3,73.3,0.0,9,S,13.6,19.7,,36.8,"Nooksack, Everson, Whatcom County",330061,Nooksack,2021-04-28 23:14:36.789614
2008-01-05,14:45,42.3,34.1,72.4,0.0,7,S,15.0,23.4,,36.8,"Nooksack, Everson, Whatcom County",330061,Nooksack,2021-04-28 23:14:36.789614
2008-01-05,15:00,41.7,34.3,74.8,0.0,6,S,12.9,21.1,,36.8,"Nooksack, Everson, Whatcom County",330061,Nooksack,2021-04-28 23:14:36.789614
2008-01-05,15:15,41.6,34.3,75.1,0.0,6,S,14.0,22.5,,36.8,"Nooksack, Everson, Whatcom County",330061,Nooksack,2021-04-28 23:14:36.789614
2008-01-05,15:30,41.7,34.2,74.5,0.0,4,S,14.0,19.7,,36.8,"Nooksack, Everson, Whatcom County",330061,Nooksack,2021-04-28 23:14:36.789614
2008-01-05,15:45,41.7,34.2,74.7,0.0,2,S,11.5,19.3,,36.8,"Nooksack, Everson, Whatcom County",330061,Nooksack,2021-04-28 23:14:36.789614
2008-01-05,16:00,41.6,34.3,75.2,0.0,1,S,11.3,19.9,,36.8,"Nooksack, Everson, Whatcom County",330061,Nooksack,2021-04-28 23:14:36.789614
2008-01-05,16:15,41.7,34.2,74.7,0.0,0,S,10.9,17.7,,36.8,"Nooksack, Everson, Whatcom County",330061,Nooksack,2021-04-28 23:14:36.789614
2008-01-05,16:30,41.5,34.7,76.5,0.0,0,S,12.9,21.8,,36.8,"Nooksack, Everson, Whatcom County",330061,Nooksack,2021-04-28 23:14:36.789614
2008-01-05,16:45,41.3,35.0,78.2,0.0,0,S,12.2,18.4,,36.8,"Nooksack, Everson, Whatcom County",330061,Nooksack,2021-04-28 23:14:36.789614
2008-01-05,17:00,41.2,35.1,78.5,0.0,0,S,11.5,18.4,,36.8,"Nooksack, Everson, Whatcom County",330061,Nooksack,2021-04-28 23:14:36.789614
2008-01-05,17:15,41.2,35.0,78.3,0.0,0,S,14.0,20.0,,36.8,"Nooksack, Everson, Whatcom County",330061,Nooksack,2021-04-28 23:14:36.789614
2008-01-05,17:30,41.1,35.4,80.1,0.0,0,S,12.7,19.5,,36.8,"Nooksack, Everson, Whatcom County",330061,Nooksack,2021-04-28 23:14:36.789614
2008-01-05,17:45,40.2,36.2,85.6,0.0,0,S,13.2,19.3,,36.8,"Nooksack, Everson, Whatcom County",330061,Nooksack,2021-04-28 23:14:36.789614
2008-01-05,18:00,39.6,36.5,88.4,0.0,0,S,11.5,17.2,,36.8,"Nooksack, Everson, Whatcom County",330061,Nooksack,2021-04-28 23:14:36.789614
2008-01-05,18:15,39.9,36.2,86.7,0.0,0,SW,10.7,17.0,,36.8,"Nooksack, Everson, Whatcom County",330061,Nooksack,2021-04-28 23:14:36.789614
2008-01-05,18:30,40.4,35.6,82.6,0.0,0,S,12.2,19.3,,36.8,"Nooksack, Everson, Whatcom County",330061,Nooksack,2021-04-28 23:14:36.789614
2008-01-05,18:45,40.5,35.4,81.9,0.0,0,S,11.8,17.7,,36.8,"Nooksack, Everson, Whatcom County",330061,Nooksack,2021-04-28 23:14:36.789614
2008-01-05,19:00,40.6,35.4,81.6,0.0,0,S,12.5,20.6,,36.8,"Nooksack, Everson, Whatcom County",330061,Nooksack,2021-04-28 23:14:36.789614
2008-01-05,19:15,40.2,35.6,83.5,0.0,0,S,11.8,17.4,,36.8,"Nooksack, Everson, Whatcom County",330061,Nooksack,2021-04-28 23:14:36.789614
2008-01-05,19:30,39.8,35.7,85.1,0.0,0,S,8.9,15.0,,36.8,"Nooksack, Everson, Whatcom County",330061,Nooksack,2021-04-28 23:14:36.789614
2008-01-05,19:45,40.0,35.4,83.4,0.0,0,S,7.5,11.3,,36.8,"Nooksack, Everson, Whatcom County",330061,Nooksack,2021-04-28 23:14:36.789614
2008-01-05,20:00,39.8,35.1,83.4,0.0,0,S,5.9,8.8,,36.8,"Nooksack, Everson, Whatcom County",330061,Nooksack,2021-04-28 23:14:36.789614
2008-01-05,20:15,39.7,35.0,83.1,0.0,0,S,6.6,15.4,,36.8,"Nooksack, Everson, Whatcom County",330061,Nooksack,2021-04-28 23:14:36.789614
2008-01-05,20:30,39.7,34.7,82.1,0.0,0,S,5.7,8.6,,36.8,"Nooksack, Everson, Whatcom County",330061,Nooksack,2021-04-28 23:14:36.789614
2008-01-05,20:45,39.5,34.5,82.3,0.0,0,SW,5.7,8.6,,36.8,"Nooksack, Everson, Whatcom County",330061,Nooksack,2021-04-28 23:14:36.789614
2008-01-05,21:00,39.9,34.5,80.7,0.0,0,S,6.1,8.6,,36.8,"Nooksack, Everson, Whatcom County",330061,Nooksack,2021-04-28 23:14:36.789614
2008-01-05,21:15,40.0,34.5,80.7,0.0,0,S,3.4,5.7,,36.8,"Nooksack, Everson, Whatcom County",330061,Nooksack,2021-04-28 23:14:36.789614
2008-01-05,21:30,40.2,34.5,80.0,0.0,0,S,2.5,7.2,,36.8,"Nooksack, Everson, Whatcom County",330061,Nooksack,2021-04-28 23:14:36.789614
2008-01-05,21:45,40.3,34.3,79.0,0.0,0,S,3.6,6.4,,36.8,"Nooksack, Everson, Whatcom County",330061,Nooksack,2021-04-28 23:14:36.789614
2008-01-05,22:00,40.0,34.5,80.3,0.0,0,SW,5.0,7.5,,36.8,"Nooksack, Everson, Whatcom County",330061,Nooksack,2021-04-28 23:14:36.789614
2008-01-05,22:15,40.0,34.8,81.2,0.0,0,SW,4.8,9.1,,36.8,"Nooksack, Everson, Whatcom County",330061,Nooksack,2021-04-28 23:14:36.789614
2008-01-05,22:30,39.8,35.0,82.9,0.0,0,SW,3.9,8.2,,36.8,"Nooksack, Everson, Whatcom County",330061,Nooksack,2021-04-28 23:14:36.789614
2008-01-05,22:45,39.9,35.2,83.3,0.0,0,SW,4.7,8.4,,36.8,"Nooksack, Everson, Whatcom County",330061,Nooksack,2021-04-28 23:14:36.789614
2008-01-05,23:00,39.8,35.2,83.5,0.0,0,SW,5.0,8.2,,36.8,"Nooksack, Everson, Whatcom County",330061,Nooksack,2021-04-28 23:14:36.789614
2008-01-05,23:15,39.7,35.0,83.2,0.0,0,SW,4.7,7.3,,36.8,"Nooksack, Everson, Whatcom County",330061,Nooksack,2021-04-28 23:14:36.789614
2008-01-05,23:30,39.3,35.0,84.5,0.0,0,SW,3.6,6.4,,36.8,"Nooksack, Everson, Whatcom County",330061,Nooksack,2021-04-28 23:14:36.789614
2008-01-05,23:45,39.2,35.0,84.9,0.0,0,SW,4.8,6.6,,36.8,"Nooksack, Everson, Whatcom County",330061,Nooksack,2021-04-28 23:14:36.789614
2008-01-05,24:00,38.5,34.8,86.5,0.0,0,SW,3.9,5.7,,36.8,"Nooksack, Everson, Whatcom County",330061,Nooksack,2021-04-28 23:14:36.789614
2008-01-06,00:15,37.6,34.6,88.7,0.0,0,SW,1.4,4.5,,36.8,"Nooksack, Everson, Whatcom County",330061,Nooksack,2021-04-28 23:14:36.789614
2008-01-06,00:30,37.2,34.4,89.8,0.0,0,N ,0.0,0.0,,36.8,"Nooksack, Everson, Whatcom County",330061,Nooksack,2021-04-28 23:14:36.789614
2008-01-06,00:45,36.6,34.0,90.3,0.0,0,N ,0.0,1.1,,36.8,"Nooksack, Everson, Whatcom County",330061,Nooksack,2021-04-28 23:14:36.789614
2008-01-06,01:00,36.0,34.0,92.2,0.0,0,SW,0.2,2.1,,36.8,"Nooksack, Everson, Whatcom County",330061,Nooksack,2021-04-28 23:14:36.789614
2008-01-06,01:15,36.6,34.1,90.8,0.0,0,SW,1.6,4.3,,36.8,"Nooksack, Everson, Whatcom County",330061,Nooksack,2021-04-28 23:14:36.789614
2008-01-06,01:30,35.9,33.6,91.1,0.0,0,W,0.4,2.7,,36.8,"Nooksack, Everson, Whatcom County",330061,Nooksack,2021-04-28 23:14:36.789614
2008-01-06,01:45,34.4,32.8,93.8,0.0,0,N ,0.0,0.0,,36.8,"Nooksack, Everson, Whatcom County",330061,Nooksack,2021-04-28 23:14:36.789614
2008-01-06,02:00,35.1,33.1,92.0,0.0,0,SW,1.7,4.1,,36.8,"Nooksack, Everson, Whatcom County",330061,Nooksack,2021-04-28 23:14:36.789614
2008-01-06,02:15,35.3,32.8,90.6,0.0,0,SW,1.7,3.0,,36.8,"Nooksack, Everson, Whatcom County",330061,Nooksack,2021-04-28 23:14:36.789614
2008-01-06,02:30,34.9,32.6,91.3,0.0,0,N ,0.0,0.0,,36.8,"Nooksack, Everson, Whatcom County",330061,Nooksack,2021-04-28 23:14:36.789614
2008-01-06,02:45,34.4,32.9,94.2,0.0,0,SW,1.7,3.9,,36.8,"Nooksack, Everson, Whatcom County",330061,Nooksack,2021-04-28 23:14:36.789614
2008-01-06,03:00,34.4,33.1,94.9,0.0,0,N ,0.0,2.5,,36.8,"Nooksack, Everson, Whatcom County",330061,Nooksack,2021-04-28 23:14:36.789614
2008-01-06,03:15,34.9,33.4,94.2,0.0,0,N ,0.0,3.0,,36.8,"Nooksack, Everson, Whatcom County",330061,Nooksack,2021-04-28 23:14:36.789614
2008-01-06,03:30,34.7,33.1,94.0,0.0,0,N ,0.0,0.0,,36.8,"Nooksack, Everson, Whatcom County",330061,Nooksack,2021-04-28 23:14:36.789614
2008-01-06,03:45,33.7,32.8,96.3,0.0,0,N ,0.0,0.0,,36.8,"Nooksack, Everson, Whatcom County",330061,Nooksack,2021-04-28 23:14:36.789614
2008-01-06,04:00,33.1,32.5,97.6,0.0,0,N ,0.0,0.0,,36.8,"Nooksack, Everson, Whatcom County",330061,Nooksack,2021-04-28 23:14:36.789614
2008-01-06,04:15,31.9,31.7,99.2,0.0,0,E,0.2,3.2,,36.8,"Nooksack, Everson, Whatcom County",330061,Nooksack,2021-04-28 23:14:36.789614
2008-01-06,04:30,32.2,32.2,100.0,0.0,0,N ,0.0,0.0,,36.8,"Nooksack, Everson, Whatcom County",330061,Nooksack,2021-04-28 23:14:36.789614
2008-01-06,04:45,31.7,31.7,100.0,0.0,0,N ,0.0,0.0,,36.8,"Nooksack, Everson, Whatcom County",330061,Nooksack,2021-04-28 23:14:36.789614
2008-01-06,05:00,31.9,31.9,100.0,0.0,0,N ,0.0,0.0,,36.8,"Nooksack, Everson, Whatcom County",330061,Nooksack,2021-04-28 23:14:36.789614
2008-01-06,05:15,31.5,31.5,100.0,0.0,0,N ,0.0,0.0,,36.8,"Nooksack, Everson, Whatcom County",330061,Nooksack,2021-04-28 23:14:36.789614
2008-01-06,05:30,30.4,30.4,100.0,0.0,0,N ,0.0,1.9,,36.8,"Nooksack, Everson, Whatcom County",330061,Nooksack,2021-04-28 23:14:36.789614
2008-01-06,05:45,31.0,31.0,100.0,0.0,0,N ,0.0,0.0,,36.8,"Nooksack, Everson, Whatcom County",330061,Nooksack,2021-04-28 23:14:36.789614
2008-01-06,06:00,31.4,31.4,100.0,0.0,0,N ,0.0,0.0,,36.8,"Nooksack, Everson, Whatcom County",330061,Nooksack,2021-04-28 23:14:36.789614
2008-01-06,06:15,32.1,32.1,100.0,0.0,0,N ,0.0,0.0,,36.8,"Nooksack, Everson, Whatcom County",330061,Nooksack,2021-04-28 23:14:36.789614
2008-01-06,06:30,33.0,33.0,100.0,0.0,0,N ,0.0,0.0,,36.8,"Nooksack, Everson, Whatcom County",330061,Nooksack,2021-04-28 23:14:36.789614
2008-01-06,06:45,33.2,33.2,100.0,0.0,0,N ,0.0,4.3,,36.8,"Nooksack, Everson, Whatcom County",330061,Nooksack,2021-04-28 23:14:36.789614
2008-01-06,07:00,33.9,33.5,98.8,0.0,0,NE,1.1,4.1,,36.8,"Nooksack, Everson, Whatcom County",330061,Nooksack,2021-04-28 23:14:36.789614
2008-01-06,07:15,33.9,33.2,97.3,0.0,0,N ,0.0,0.0,,36.8,"Nooksack, Everson, Whatcom County",330061,Nooksack,2021-04-28 23:14:36.789614
2008-01-06,07:30,33.5,33.2,99.0,0.0,0,N ,0.0,0.0,,36.8,"Nooksack, Everson, Whatcom County",330061,Nooksack,2021-04-28 23:14:36.789614
2008-01-06,07:45,33.1,33.1,100.0,0.0,0,NE,0.4,3.0,,36.8,"Nooksack, Everson, Whatcom County",330061,Nooksack,2021-04-28 23:14:36.789614
2008-01-06,08:00,33.0,33.0,100.0,0.0,0,N ,0.4,3.4,,36.8,"Nooksack, Everson, Whatcom County",330061,Nooksack,2021-04-28 23:14:36.789614
2008-01-06,08:15,33.2,33.2,100.0,0.0,0,E,0.4,3.4,,36.8,"Nooksack, Everson, Whatcom County",330061,Nooksack,2021-04-28 23:14:36.789614
2008-01-06,08:30,33.7,33.7,100.0,0.0,2,NE,4.3,6.3,,36.8,"Nooksack, Everson, Whatcom County",330061,Nooksack,2021-04-28 23:14:36.789614
2008-01-06,08:45,33.5,33.5,100.0,0.0,5,NE,0.4,3.0,,36.8,"Nooksack, Everson, Whatcom County",330061,Nooksack,2021-04-28 23:14:36.789614
2008-01-06,09:00,33.5,33.5,100.0,0.0,7,N ,0.0,0.0,,36.8,"Nooksack, Everson, Whatcom County",330061,Nooksack,2021-04-28 23:14:36.789614
2008-01-06,09:15,34.6,34.5,99.7,0.0,6,NE,1.4,5.2,,36.7,"Nooksack, Everson, Whatcom County",330061,Nooksack,2021-04-28 23:14:36.789614
2008-01-06,09:30,35.9,34.8,95.7,0.0,5,SE,1.7,4.5,0.01,36.7,"Nooksack, Everson, Whatcom County",330061,Nooksack,2021-04-28 23:14:36.789614
2008-01-06,09:45,36.6,34.8,93.2,0.0,10,SW,3.0,5.2,0.15,36.7,"Nooksack, Everson, Whatcom County",330061,Nooksack,2021-04-28 23:14:36.789614
2008-01-06,10:00,36.6,35.3,95.2,0.0,9,S,7.5,13.1,0.16,36.7,"Nooksack, Everson, Whatcom County",330061,Nooksack,2021-04-28 23:14:36.789614
2008-01-06,10:15,36.1,35.4,97.4,0.0,11,S,8.2,12.5,0.06,36.7,"Nooksack, Everson, Whatcom County",330061,Nooksack,2021-04-28 23:14:36.789614
2008-01-06,10:30,35.7,35.7,100.0,0.0,37,SW,6.4,9.1,0.01,36.7,"Nooksack, Everson, Whatcom County",330061,Nooksack,2021-04-28 23:14:36.789614
2008-01-06,10:45,35.9,35.9,100.0,0.0,40,S,1.1,5.4,,36.7,"Nooksack, Everson, Whatcom County",330061,Nooksack,2021-04-28 23:14:36.789614
2008-01-06,11:00,36.3,36.3,100.0,0.0,68,E,1.8,5.4,0.0,36.7,"Nooksack, Everson, Whatcom County",330061,Nooksack,2021-04-28 23:14:36.789614
2008-01-06,11:15,36.3,36.3,100.0,0.0,72,E,3.6,6.1,0.0,36.7,"Nooksack, Everson, Whatcom County",330061,Nooksack,2021-04-28 23:14:36.789614
2008-01-06,11:30,36.2,36.2,100.0,0.0,70,E,2.1,7.0,,36.7,"Nooksack, Everson, Whatcom County",330061,Nooksack,2021-04-28 23:14:36.789614
2008-01-06,11:45,37.2,36.5,97.5,0.0,70,SE,0.4,3.4,,36.7,"Nooksack, Everson, Whatcom County",330061,Nooksack,2021-04-28 23:14:36.789614
2008-01-06,12:00,38.0,36.5,94.6,0.0,77,SW,0.4,4.1,,36.7,"Nooksack, Everson, Whatcom County",330061,Nooksack,2021-04-28 23:14:36.789614
2008-01-06,12:15,38.8,36.1,90.0,0.0,68,SW,3.6,7.7,,36.7,"Nooksack, Everson, Whatcom County",330061,Nooksack,2021-04-28 23:14:36.789614
2008-01-06,12:30,39.3,35.5,86.2,0.0,133,S,5.4,10.6,,36.7,"Nooksack, Everson, Whatcom County",330061,Nooksack,2021-04-28 23:14:36.789614
2008-01-06,12:45,39.4,35.4,85.5,0.0,95,S,5.7,8.9,,36.6,"Nooksack, Everson, Whatcom County",330061,Nooksack,2021-04-28 23:14:36.789614
2008-01-06,13:00,39.2,35.0,84.6,0.0,70,S,6.1,9.8,,36.6,"Nooksack, Everson, Whatcom County",330061,Nooksack,2021-04-28 23:14:36.789614
2008-01-06,13:15,39.3,34.7,83.5,0.0,70,S,6.4,10.7,,36.6,"Nooksack, Everson, Whatcom County",330061,Nooksack,2021-04-28 23:14:36.789614
2008-01-06,13:30,39.5,34.8,82.9,0.0,77,S,5.5,9.7,,36.6,"Nooksack, Everson, Whatcom County",330061,Nooksack,2021-04-28 23:14:36.789614
2008-01-06,13:45,39.5,34.7,82.5,0.0,35,SW,6.4,9.7,,36.6,"Nooksack, Everson, Whatcom County",330061,Nooksack,2021-04-28 23:14:36.789614
2008-01-06,14:00,39.5,34.9,83.5,0.0,23,SW,2.3,5.5,,36.6,"Nooksack, Everson, Whatcom County",330061,Nooksack,2021-04-28 23:14:36.789614
2008-01-06,14:15,39.5,35.4,85.0,0.0,36,SW,0.4,6.3,,36.6,"Nooksack, Everson, Whatcom County",330061,Nooksack,2021-04-28 23:14:36.789614
2008-01-06,14:30,39.4,34.1,81.0,0.0,32,S,5.7,9.3,,36.6,"Nooksack, Everson, Whatcom County",330061,Nooksack,2021-04-28 23:14:36.789614
2008-01-06,14:45,39.0,34.4,83.6,0.0,31,S,5.9,9.7,,36.6,"Nooksack, Everson, Whatcom County",330061,Nooksack,2021-04-28 23:14:36.789614
2008-01-06,15:00,38.4,34.8,86.9,0.0,17,S,4.3,7.2,,36.6,"Nooksack, Everson, Whatcom County",330061,Nooksack,2021-04-28 23:14:36.789614
2008-01-06,15:15,38.0,34.6,87.5,0.0,14,S,4.7,8.4,,36.6,"Nooksack, Everson, Whatcom County",330061,Nooksack,2021-04-28 23:14:36.789614
2008-01-06,15:30,37.9,34.7,88.2,0.0,11,SW,4.3,8.6,,36.6,"Nooksack, Everson, Whatcom County",330061,Nooksack,2021-04-28 23:14:36.789614
2008-01-06,15:45,37.5,35.0,90.7,0.0,5,SW,5.4,8.4,,36.6,"Nooksack, Everson, Whatcom County",330061,Nooksack,2021-04-28 23:14:36.789614
2008-01-06,16:00,36.8,35.5,94.9,0.0,1,SW,1.8,6.4,,36.6,"Nooksack, Everson, Whatcom County",330061,Nooksack,2021-04-28 23:14:36.789614
2008-01-06,16:15,36.4,35.7,97.2,0.0,1,SW,1.4,5.4,,36.6,"Nooksack, Everson, Whatcom County",330061,Nooksack,2021-04-28 23:14:36.789614
2008-01-06,16:30,36.2,35.9,98.9,0.0,0,SW,1.8,8.4,0.17,36.6,"Nooksack, Everson, Whatcom County",330061,Nooksack,2021-04-28 23:14:36.789614
2008-01-06,16:45,36.0,35.4,97.8,0.0,0,SW,2.1,7.2,0.49,36.6,"Nooksack, Everson, Whatcom County",330061,Nooksack,2021-04-28 23:14:36.789614
2008-01-06,17:00,35.9,35.6,99.0,0.0,0,SW,2.5,5.2,0.72,36.6,"Nooksack, Everson, Whatcom County",330061,Nooksack,2021-04-28 23:14:36.789614
2008-01-06,17:15,35.7,35.7,99.9,0.0,0,SW,1.9,3.6,0.83,36.6,"Nooksack, Everson, Whatcom County",330061,Nooksack,2021-04-28 23:14:36.789614
2008-01-06,17:30,35.8,35.8,100.0,0.0,0,S,1.1,3.8,0.88,36.6,"Nooksack, Everson, Whatcom County",330061,Nooksack,2021-04-28 23:14:36.789614
2008-01-06,17:45,35.6,35.6,100.0,0.01,0,N ,0.0,0.0,0.92,36.6,"Nooksack, Everson, Whatcom County",330061,Nooksack,2021-04-28 23:14:36.789614
2008-01-06,18:00,35.0,35.0,100.0,0.0,0,N ,0.0,0.2,0.96,36.6,"Nooksack, Everson, Whatcom County",330061,Nooksack,2021-04-28 23:14:36.789614
2008-01-06,18:15,34.6,34.6,100.0,0.0,0,N ,0.0,0.0,0.98,36.6,"Nooksack, Everson, Whatcom County",330061,Nooksack,2021-04-28 23:14:36.789614
2008-01-06,18:30,34.3,34.3,100.0,0.0,0,N ,0.0,0.0,0.98,36.6,"Nooksack, Everson, Whatcom County",330061,Nooksack,2021-04-28 23:14:36.789614
2008-01-06,18:45,34.3,34.3,100.0,0.0,0,N ,0.0,0.0,0.98,36.6,"Nooksack, Everson, Whatcom County",330061,Nooksack,2021-04-28 23:14:36.789614
2008-01-06,19:00,33.9,33.9,100.0,0.0,0,N ,0.0,0.2,0.98,36.6,"Nooksack, Everson, Whatcom County",330061,Nooksack,2021-04-28 23:14:36.789614
2008-01-06,19:15,33.8,33.8,100.0,0.0,0,N ,0.0,0.4,0.98,36.6,"Nooksack, Everson, Whatcom County",330061,Nooksack,2021-04-28 23:14:36.789614
2008-01-06,19:30,33.5,33.5,100.0,0.0,0,N ,0.2,3.6,0.98,36.6,"Nooksack, Everson, Whatcom County",330061,Nooksack,2021-04-28 23:14:36.789614
2008-01-06,19:45,33.6,33.6,100.0,0.0,0,NE,2.1,5.2,0.97,36.6,"Nooksack, Everson, Whatcom County",330061,Nooksack,2021-04-28 23:14:36.789614
2008-01-06,20:00,33.2,33.2,100.0,0.0,0,NE,0.4,2.0,0.95,36.6,"Nooksack, Everson, Whatcom County",330061,Nooksack,2021-04-28 23:14:36.789614
2008-01-06,20:15,32.5,32.5,100.0,0.0,0,N ,0.2,2.3,0.95,36.6,"Nooksack, Everson, Whatcom County",330061,Nooksack,2021-04-28 23:14:36.789614
2008-01-06,20:30,32.0,32.0,100.0,0.0,0,N ,0.4,2.9,0.95,36.6,"Nooksack, Everson, Whatcom County",330061,Nooksack,2021-04-28 23:14:36.789614
2008-01-06,20:45,32.8,32.8,100.0,0.0,0,NE,3.2,7.2,0.95,36.6,"Nooksack, Everson, Whatcom County",330061,Nooksack,2021-04-28 23:14:36.789614
2008-01-06,21:00,32.1,32.1,100.0,0.0,0,N ,1.5,1.8,0.94,36.6,"Nooksack, Everson, Whatcom County",330061,Nooksack,2021-04-28 23:14:36.789614
2008-01-06,21:15,31.8,31.8,100.0,0.0,0,N ,1.3,2.9,0.95,36.6,"Nooksack, Everson, Whatcom County",330061,Nooksack,2021-04-28 23:14:36.789614
2008-01-06,21:30,32.1,32.1,100.0,0.0,0,NE,2.5,3.4,0.95,36.6,"Nooksack, Everson, Whatcom County",330061,Nooksack,2021-04-28 23:14:36.789614
2008-01-06,21:45,32.1,32.1,100.0,0.0,0,N ,2.7,4.8,0.95,36.6,"Nooksack, Everson, Whatcom County",330061,Nooksack,2021-04-28 23:14:36.789614
2008-01-06,22:00,32.0,32.0,100.0,0.0,0,NE,5.0,7.7,0.95,36.6,"Nooksack, Everson, Whatcom County",330061,Nooksack,2021-04-28 23:14:36.789614
2008-01-06,22:15,32.1,32.1,100.0,0.0,0,NE,5.0,7.9,0.94,36.5,"Nooksack, Everson, Whatcom County",330061,Nooksack,2021-04-28 23:14:36.789614
2008-01-06,22:30,31.7,31.7,100.0,0.0,0,NE,3.2,5.2,0.94,36.5,"Nooksack, Everson, Whatcom County",330061,Nooksack,2021-04-28 23:14:36.789614
2008-01-06,22:45,31.6,31.6,100.0,0.0,0,NE,3.6,4.7,0.94,36.6,"Nooksack, Everson, Whatcom County",330061,Nooksack,2021-04-28 23:14:36.789614
2008-01-06,23:00,31.6,31.6,100.0,0.0,0,NE,2.1,3.4,0.94,36.5,"Nooksack, Everson, Whatcom County",330061,Nooksack,2021-04-28 23:14:36.789614
2008-01-06,23:15,31.9,31.9,100.0,0.0,0,NE,2.9,4.8,0.94,36.5,"Nooksack, Everson, Whatcom County",330061,Nooksack,2021-04-28 23:14:36.789614
2008-01-06,23:30,32.3,32.3,100.0,0.0,0,NE,3.0,6.8,0.92,36.5,"Nooksack, Everson, Whatcom County",330061,Nooksack,2021-04-28 23:14:36.789614
2008-01-06,23:45,32.5,32.5,100.0,0.0,0,NE,4.8,7.2,0.89,36.5,"Nooksack, Everson, Whatcom County",330061,Nooksack,2021-04-28 23:14:36.789614
2008-01-06,24:00,32.2,32.2,100.0,0.0,0,NE,4.3,5.9,0.86,36.5,"Nooksack, Everson, Whatcom County",330061,Nooksack,2021-04-28 23:14:36.789614
2008-01-07,00:15,32.1,32.1,100.0,0.0,0,NE,3.9,6.4,0.85,36.5,"Nooksack, Everson, Whatcom County",330061,Nooksack,2021-04-28 23:14:36.789614
2008-01-07,00:30,32.6,32.6,100.0,0.0,0,NE,6.1,8.2,0.8,36.5,"Nooksack, Everson, Whatcom County",330061,Nooksack,2021-04-28 23:14:36.789614
2008-01-07,00:45,32.9,32.9,100.0,0.0,0,E,5.0,7.2,0.71,36.5,"Nooksack, Everson, Whatcom County",330061,Nooksack,2021-04-28 23:14:36.789614
2008-01-07,01:00,33.1,33.1,100.0,0.0,0,NE,5.7,8.1,0.58,36.5,"Nooksack, Everson, Whatcom County",330061,Nooksack,2021-04-28 23:14:36.789614
2008-01-07,01:15,33.1,33.1,100.0,0.0,0,NE,6.4,8.9,0.4,36.5,"Nooksack, Everson, Whatcom County",330061,Nooksack,2021-04-28 23:14:36.789614
2008-01-07,01:30,32.9,32.9,100.0,0.0,0,NE,1.7,4.3,0.25,36.5,"Nooksack, Everson, Whatcom County",330061,Nooksack,2021-04-28 23:14:36.789614
2008-01-07,01:45,32.8,32.8,100.0,0.0,0,N ,0.0,0.0,0.19,36.5,"Nooksack, Everson, Whatcom County",330061,Nooksack,2021-04-28 23:14:36.789614
2008-01-07,02:00,32.6,32.6,100.0,0.0,0,N ,0.0,0.0,0.13,36.5,"Nooksack, Everson, Whatcom County",330061,Nooksack,2021-04-28 23:14:36.789614
2008-01-07,02:15,32.7,32.7,100.0,0.0,0,NE,2.5,4.3,0.05,36.5,"Nooksack, Everson, Whatcom County",330061,Nooksack,2021-04-28 23:14:36.789614
2008-01-07,02:30,32.6,32.6,100.0,0.0,0,NE,3.4,5.0,0.0,36.5,"Nooksack, Everson, Whatcom County",330061,Nooksack,2021-04-28 23:14:36.789614
2008-01-07,02:45,32.6,32.6,100.0,0.0,0,E,2.5,3.9,,36.5,"Nooksack, Everson, Whatcom County",330061,Nooksack,2021-04-28 23:14:36.789614
2008-01-07,03:00,32.7,32.7,100.0,0.0,0,NE,2.1,4.5,,36.4,"Nooksack, Everson, Whatcom County",330061,Nooksack,2021-04-28 23:14:36.789614
2008-01-07,03:15,32.3,32.3,100.0,0.0,0,N ,0.0,0.0,,36.4,"Nooksack, Everson, Whatcom County",330061,Nooksack,2021-04-28 23:14:36.789614
2008-01-07,03:30,32.1,32.1,100.0,0.0,0,N ,0.0,0.0,,36.4,"Nooksack, Everson, Whatcom County",330061,Nooksack,2021-04-28 23:14:36.789614
2008-01-07,03:45,32.1,32.1,100.0,0.0,0,N ,0.0,0.0,,36.4,"Nooksack, Everson, Whatcom County",330061,Nooksack,2021-04-28 23:14:36.789614
2008-01-07,04:00,32.3,32.3,100.0,0.0,0,N ,0.0,0.0,,36.4,"Nooksack, Everson, Whatcom County",330061,Nooksack,2021-04-28 23:14:36.789614
2008-01-07,04:15,32.2,32.2,100.0,0.0,0,N ,0.0,0.0,,36.4,"Nooksack, Everson, Whatcom County",330061,Nooksack,2021-04-28 23:14:36.789614
2008-01-07,04:30,32.4,32.4,100.0,0.0,0,N ,0.0,0.0,,36.4,"Nooksack, Everson, Whatcom County",330061,Nooksack,2021-04-28 23:14:36.789614
2008-01-07,04:45,32.0,32.0,100.0,0.0,0,N ,0.0,0.0,,36.4,"Nooksack, Everson, Whatcom County",330061,Nooksack,2021-04-28 23:14:36.789614
2008-01-07,05:00,31.9,31.9,100.0,0.0,0,N ,0.0,0.0,,36.4,"Nooksack, Everson, Whatcom County",330061,Nooksack,2021-04-28 23:14:36.789614
2008-01-07,05:15,31.8,31.8,100.0,0.0,0,N ,0.0,0.0,,36.4,"Nooksack, Everson, Whatcom County",330061,Nooksack,2021-04-28 23:14:36.789614
2008-01-07,05:30,32.0,32.0,100.0,0.0,0,N ,0.0,0.0,,36.4,"Nooksack, Everson, Whatcom County",330061,Nooksack,2021-04-28 23:14:36.789614
2008-01-07,05:45,32.3,32.3,100.0,0.0,0,N ,0.0,0.0,,36.4,"Nooksack, Everson, Whatcom County",330061,Nooksack,2021-04-28 23:14:36.789614
2008-01-07,06:00,32.1,32.1,100.0,0.0,0,N ,0.0,0.0,0.0,36.4,"Nooksack, Everson, Whatcom County",330061,Nooksack,2021-04-28 23:14:36.789614
2008-01-07,06:15,32.0,32.0,100.0,0.0,0,N ,0.0,0.0,0.01,36.4,"Nooksack, Everson, Whatcom County",330061,Nooksack,2021-04-28 23:14:36.789614
2008-01-07,06:30,31.4,31.4,100.0,0.0,0,N ,0.0,0.0,0.01,36.4,"Nooksack, Everson, Whatcom County",330061,Nooksack,2021-04-28 23:14:36.789614
2008-01-07,06:45,31.3,31.3,100.0,0.0,0,N ,0.0,0.0,0.01,36.4,"Nooksack, Everson, Whatcom County",330061,Nooksack,2021-04-28 23:14:36.789614
2008-01-07,07:00,31.7,31.7,100.0,0.0,0,SE,1.5,3.2,0.01,36.4,"Nooksack, Everson, Whatcom County",330061,Nooksack,2021-04-28 23:14:36.789614
2008-01-07,07:15,32.0,32.0,100.0,0.01,0,SE,2.1,3.9,0.41,36.4,"Nooksack, Everson, Whatcom County",330061,Nooksack,2021-04-28 23:14:36.789614
2008-01-07,07:30,32.0,32.0,100.0,0.01,0,E,1.7,3.0,0.86,36.4,"Nooksack, Everson, Whatcom County",330061,Nooksack,2021-04-28 23:14:36.789614
2008-01-07,07:45,31.3,31.3,100.0,0.0,0,NE,0.2,1.3,0.93,36.4,"Nooksack, Everson, Whatcom County",330061,Nooksack,2021-04-28 23:14:36.789614
2008-01-07,08:00,31.0,31.0,100.0,0.0,0,N ,0.0,0.0,0.73,36.4,"Nooksack, Everson, Whatcom County",330061,Nooksack,2021-04-28 23:14:36.789614
2008-01-07,08:15,31.0,31.0,100.0,0.0,1,N ,0.0,0.0,0.72,36.4,"Nooksack, Everson, Whatcom County",330061,Nooksack,2021-04-28 23:14:36.789614
2008-01-07,08:30,31.1,31.1,100.0,0.0,4,NE,0.4,3.2,0.93,36.3,"Nooksack, Everson, Whatcom County",330061,Nooksack,2021-04-28 23:14:36.789614
2008-01-07,08:45,31.2,31.2,100.0,0.0,10,N ,0.0,0.0,0.97,36.3,"Nooksack, Everson, Whatcom County",330061,Nooksack,2021-04-28 23:14:36.789614
2008-01-07,09:00,31.2,31.2,100.0,0.0,20,NE,1.7,3.6,0.97,36.3,"Nooksack, Everson, Whatcom County",330061,Nooksack,2021-04-28 23:14:36.789614
2008-01-07,09:15,31.5,31.5,100.0,0.0,29,N ,0.0,0.0,0.97,36.3,"Nooksack, Everson, Whatcom County",330061,Nooksack,2021-04-28 23:14:36.789614
2008-01-07,09:30,32.0,32.0,100.0,0.0,104,N ,0.0,0.0,0.98,36.3,"Nooksack, Everson, Whatcom County",330061,Nooksack,2021-04-28 23:14:36.789614
2008-01-07,09:45,33.4,33.4,100.0,0.0,203,N ,0.0,0.0,0.98,36.3,"Nooksack, Everson, Whatcom County",330061,Nooksack,2021-04-28 23:14:36.789614
2008-01-07,10:00,34.4,34.4,100.0,0.0,214,NE,3.8,5.2,0.95,36.3,"Nooksack, Everson, Whatcom County",330061,Nooksack,2021-04-28 23:14:36.789614
2008-01-07,10:15,34.6,34.6,100.0,0.0,214,NE,3.6,5.2,0.91,36.3,"Nooksack, Everson, Whatcom County",330061,Nooksack,2021-04-28 23:14:36.789614
2008-01-07,10:30,35.3,35.3,100.0,0.0,220,NE,3.2,4.7,0.81,36.3,"Nooksack, Everson, Whatcom County",330061,Nooksack,2021-04-28 23:14:36.789614
2008-01-07,10:45,35.5,35.5,100.0,0.0,184,NE,2.9,4.5,0.68,36.3,"Nooksack, Everson, Whatcom County",330061,Nooksack,2021-04-28 23:14:36.789614
2008-01-07,11:00,36.3,35.9,98.4,0.0,263,NE,2.7,3.9,0.51,36.3,"Nooksack, Everson, Whatcom County",330061,Nooksack,2021-04-28 23:14:36.789614
2008-01-07,11:15,36.9,35.9,96.1,0.0,274,NE,2.5,4.5,0.26,36.3,"Nooksack, Everson, Whatcom County",330061,Nooksack,2021-04-28 23:14:36.789614
2008-01-07,11:30,38.1,35.8,91.4,0.0,239,NE,1.1,3.2,0.03,36.3,"Nooksack, Everson, Whatcom County",330061,Nooksack,2021-04-28 23:14:36.789614
2008-01-07,11:45,37.7,35.7,92.2,0.0,179,NE,0.2,3.8,,36.3,"Nooksack, Everson, Whatcom County",330061,Nooksack,2021-04-28 23:14:36.789614
2008-01-07,12:00,37.5,35.8,93.8,0.0,158,N ,0.0,0.0,,36.3,"Nooksack, Everson, Whatcom County",330061,Nooksack,2021-04-28 23:14:36.789614
2008-01-07,12:15,36.9,35.9,95.9,0.0,116,E,1.1,3.9,,36.3,"Nooksack, Everson, Whatcom County",330061,Nooksack,2021-04-28 23:14:36.789614
2008-01-07,12:30,36.7,36.2,98.1,0.0,111,E,2.5,4.1,,36.3,"Nooksack, Everson, Whatcom County",330061,Nooksack,2021-04-28 23:14:36.789614
2008-01-07,12:45,36.6,36.1,98.1,0.0,106,E,2.5,3.9,,36.3,"Nooksack, Everson, Whatcom County",330061,Nooksack,2021-04-28 23:14:36.789614
2008-01-07,13:00,36.9,36.2,97.3,0.0,99,N ,0.0,0.0,,36.2,"Nooksack, Everson, Whatcom County",330061,Nooksack,2021-04-28 23:14:36.789614
2008-01-07,13:15,37.2,36.2,96.4,0.0,77,NE,1.7,4.1,,36.2,"Nooksack, Everson, Whatcom County",330061,Nooksack,2021-04-28 23:14:36.789614
2008-01-07,13:30,37.7,36.4,94.8,0.0,130,N ,0.0,0.0,,36.2,"Nooksack, Everson, Whatcom County",330061,Nooksack,2021-04-28 23:14:36.789614
2008-01-07,13:45,39.5,36.8,89.9,0.0,286,N ,0.0,2.9,,36.2,"Nooksack, Everson, Whatcom County",330061,Nooksack,2021-04-28 23:14:36.789614
2008-01-07,14:00,39.8,35.3,83.9,0.0,82,S,1.7,5.2,,36.2,"Nooksack, Everson, Whatcom County",330061,Nooksack,2021-04-28 23:14:36.789614
2008-01-07,14:15,39.4,33.3,78.4,0.0,119,S,3.6,5.4,,36.2,"Nooksack, Everson, Whatcom County",330061,Nooksack,2021-04-28 23:14:36.789614
2008-01-07,14:30,39.4,33.1,78.1,0.0,113,S,2.0,5.0,,36.2,"Nooksack, Everson, Whatcom County",330061,Nooksack,2021-04-28 23:14:36.789614
2008-01-07,14:45,39.3,33.3,79.0,0.0,58,N ,0.0,0.0,,36.2,"Nooksack, Everson, Whatcom County",330061,Nooksack,2021-04-28 23:14:36.789614
2008-01-07,15:00,38.5,34.3,85.0,0.0,29,SW,2.5,6.3,,36.2,"Nooksack, Everson, Whatcom County",330061,Nooksack,2021-04-28 23:14:36.789614
2008-01-07,15:15,37.8,35.3,90.7,0.0,17,SW,4.8,7.0,,36.2,"Nooksack, Everson, Whatcom County",330061,Nooksack,2021-04-28 23:14:36.789614
2008-01-07,15:30,37.3,35.5,93.0,0.0,9,S,4.3,7.0,,36.2,"Nooksack, Everson, Whatcom County",330061,Nooksack,2021-04-28 23:14:36.789614
2008-01-07,15:45,37.3,35.1,91.8,0.0,9,S,3.2,8.1,,36.2,"Nooksack, Everson, Whatcom County",330061,Nooksack,2021-04-28 23:14:36.789614
2008-01-07,16:00,37.2,33.6,86.6,0.0,7,S,5.4,9.5,,36.2,"Nooksack, Everson, Whatcom County",330061,Nooksack,2021-04-28 23:14:36.789614
2008-01-07,16:15,36.4,33.9,90.5,0.0,5,SW,3.9,7.9,,36.2,"Nooksack, Everson, Whatcom County",330061,Nooksack,2021-04-28 23:14:36.789614
2008-01-07,16:30,35.7,33.9,92.9,0.0,0,SW,1.7,3.8,,36.2,"Nooksack, Everson, Whatcom County",330061,Nooksack,2021-04-28 23:14:36.789614
2008-01-07,16:45,35.7,33.2,90.3,0.0,0,SW,1.8,6.1,,36.2,"Nooksack, Everson, Whatcom County",330061,Nooksack,2021-04-28 23:14:36.789614
2008-01-07,17:00,35.9,32.4,86.7,0.0,0,SW,2.5,5.9,,36.2,"Nooksack, Everson, Whatcom County",330061,Nooksack,2021-04-28 23:14:36.789614
2008-01-07,17:15,36.3,31.9,83.9,0.0,0,S,1.4,5.7,,36.2,"Nooksack, Everson, Whatcom County",330061,Nooksack,2021-04-28 23:14:36.789614
2008-01-07,17:30,35.5,31.9,86.8,0.0,0,N ,0.0,0.0,,36.2,"Nooksack, Everson, Whatcom County",330061,Nooksack,2021-04-28 23:14:36.789614
2008-01-07,17:45,33.8,32.3,94.3,0.0,0,N ,0.0,1.4,,36.2,"Nooksack, Everson, Whatcom County",330061,Nooksack,2021-04-28 23:14:36.789614
2008-01-07,18:00,33.2,32.3,96.5,0.0,0,N ,0.0,7.5,,36.2,"Nooksack, Everson, Whatcom County",330061,Nooksack,2021-04-28 23:14:36.789614
2008-01-07,18:15,33.9,32.7,95.3,0.0,0,NE,1.7,6.1,,36.2,"Nooksack, Everson, Whatcom County",330061,Nooksack,2021-04-28 23:14:36.789614
2008-01-07,18:30,33.6,32.7,96.4,0.0,0,N ,0.0,0.0,,36.2,"Nooksack, Everson, Whatcom County",330061,Nooksack,2021-04-28 23:14:36.789614
2008-01-07,18:45,33.0,33.0,100.0,0.0,0,NE,4.3,7.0,,36.2,"Nooksack, Everson, Whatcom County",330061,Nooksack,2021-04-28 23:14:36.789614
2008-01-07,19:00,32.9,32.9,100.0,0.0,0,NE,4.5,8.1,,36.2,"Nooksack, Everson, Whatcom County",330061,Nooksack,2021-04-28 23:14:36.789614
2008-01-07,19:15,32.7,32.7,100.0,0.0,0,E,3.9,7.5,,36.2,"Nooksack, Everson, Whatcom County",330061,Nooksack,2021-04-28 23:14:36.789614
2008-01-07,19:30,32.5,32.5,100.0,0.0,0,N ,0.0,0.0,,36.2,"Nooksack, Everson, Whatcom County",330061,Nooksack,2021-04-28 23:14:36.789614
2008-01-07,19:45,32.5,32.5,100.0,0.0,0,NE,4.7,6.4,,36.2,"Nooksack, Everson, Whatcom County",330061,Nooksack,2021-04-28 23:14:36.789614
2008-01-07,20:00,32.5,32.5,100.0,0.0,0,NE,4.8,7.3,,36.2,"Nooksack, Everson, Whatcom County",330061,Nooksack,2021-04-28 23:14:36.789614
2008-01-07,20:15,32.8,32.8,100.0,0.0,0,NE,5.0,7.9,,36.2,"Nooksack, Everson, Whatcom County",330061,Nooksack,2021-04-28 23:14:36.789614
2008-01-07,20:30,32.8,32.7,99.8,0.0,0,NE,6.8,9.8,,36.2,"Nooksack, Everson, Whatcom County",330061,Nooksack,2021-04-28 23:14:36.789614
2008-01-07,20:45,32.3,32.3,100.0,0.0,0,E,5.4,8.8,,36.2,"Nooksack, Everson, Whatcom County",330061,Nooksack,2021-04-28 23:14:36.789614
2008-01-07,21:00,32.5,32.4,99.8,0.0,0,NE,7.2,9.5,,36.2,"Nooksack, Everson, Whatcom County",330061,Nooksack,2021-04-28 23:14:36.789614
2008-01-07,21:15,32.7,32.3,98.3,0.0,0,NE,6.8,10.6,,36.2,"Nooksack, Everson, Whatcom County",330061,Nooksack,2021-04-28 23:14:36.789614
2008-01-07,21:30,33.0,31.9,95.5,0.0,0,E,6.3,11.5,,36.2,"Nooksack, Everson, Whatcom County",330061,Nooksack,2021-04-28 23:14:36.789614
2008-01-07,21:45,33.0,31.8,95.3,0.0,0,NE,5.7,8.6,,36.2,"Nooksack, Everson, Whatcom County",330061,Nooksack,2021-04-28 23:14:36.789614
2008-01-07,22:00,32.5,31.8,97.4,0.0,0,E,1.9,5.7,,36.2,"Nooksack, Everson, Whatcom County",330061,Nooksack,2021-04-28 23:14:36.789614
2008-01-07,22:15,32.3,31.9,98.3,0.0,0,NE,1.8,5.4,,36.2,"Nooksack, Everson, Whatcom County",330061,Nooksack,2021-04-28 23:14:36.789614
2008-01-07,22:30,32.2,32.0,99.0,0.0,0,NE,6.1,8.4,,36.2,"Nooksack, Everson, Whatcom County",330061,Nooksack,2021-04-28 23:14:36.789614
2008-01-07,22:45,32.3,31.8,97.7,0.0,0,NE,5.5,7.9,,36.2,"Nooksack, Everson, Whatcom County",330061,Nooksack,2021-04-28 23:14:36.789614
