Date,Time PDT,Air Temp °F, Dew Point °F, Rel Hum %, Tot Prec in, Wind Dir @ Speed mph, Wind Gust mph, Leaf Wet u., Solar Rad W/m², 8 in. Soil Tmp °F,Location,Station ID,Station Name,Download Timestamp
2017-11-02,00:15,49.2,42.1,76.3,0.0,SW@6.4,11.0,0.0,0,55.3,"Whitcomb (Whitcomb Island), Benton County",100125,Whitcomb,2020-06-01 01:03:55.314209
2017-11-02,00:30,47.4,40.9,78.2,0.0,SW@5.9,9.2,0.0,0,55.2,"Whitcomb (Whitcomb Island), Benton County",100125,Whitcomb,2020-06-01 01:03:55.314209
2017-11-02,00:45,46.8,41.2,81.0,0.0,SW@5.0,8.5,0.0,0,55.1,"Whitcomb (Whitcomb Island), Benton County",100125,Whitcomb,2020-06-01 01:03:55.314209
2017-11-02,01:00,46.7,41.3,81.2,0.0,SW@6.2,10.3,0.0,0,55.1,"Whitcomb (Whitcomb Island), Benton County",100125,Whitcomb,2020-06-01 01:03:55.314209
2017-11-02,01:15,47.0,41.7,81.6,0.0,SW@5.8,10.7,0.01,0,55.0,"Whitcomb (Whitcomb Island), Benton County",100125,Whitcomb,2020-06-01 01:03:55.314209
2017-11-02,01:30,48.0,43.0,82.5,0.0,W@6.8,11.0,0.01,0,54.9,"Whitcomb (Whitcomb Island), Benton County",100125,Whitcomb,2020-06-01 01:03:55.314209
2017-11-02,01:45,48.6,42.6,79.8,0.0,SW@7.4,10.3,0.0,0,54.8,"Whitcomb (Whitcomb Island), Benton County",100125,Whitcomb,2020-06-01 01:03:55.314209
2017-11-02,02:00,46.0,41.2,83.1,0.0,SW@6.5,8.5,0.01,0,54.8,"Whitcomb (Whitcomb Island), Benton County",100125,Whitcomb,2020-06-01 01:03:55.314209
2017-11-02,02:15,45.7,41.1,84.0,0.0,SW@5.5,7.8,0.02,0,54.7,"Whitcomb (Whitcomb Island), Benton County",100125,Whitcomb,2020-06-01 01:03:55.314209
2017-11-02,02:30,46.2,41.3,83.0,0.0,SW@5.3,8.2,0.01,0,54.6,"Whitcomb (Whitcomb Island), Benton County",100125,Whitcomb,2020-06-01 01:03:55.314209
2017-11-02,02:45,45.5,40.7,83.2,0.0,W@4.6,7.4,0.02,0,54.5,"Whitcomb (Whitcomb Island), Benton County",100125,Whitcomb,2020-06-01 01:03:55.314209
2017-11-02,03:00,45.5,41.3,84.9,0.0,W@5.0,8.5,0.02,0,54.4,"Whitcomb (Whitcomb Island), Benton County",100125,Whitcomb,2020-06-01 01:03:55.314209
2017-11-02,03:15,45.8,41.3,84.0,0.0,W@5.1,7.8,0.02,0,54.3,"Whitcomb (Whitcomb Island), Benton County",100125,Whitcomb,2020-06-01 01:03:55.314209
2017-11-02,03:30,45.7,41.6,85.5,0.0,W@4.4,7.8,0.02,0,54.2,"Whitcomb (Whitcomb Island), Benton County",100125,Whitcomb,2020-06-01 01:03:55.314209
2017-11-02,03:45,46.4,42.2,85.4,0.0,SW@5.2,9.9,0.03,0,54.2,"Whitcomb (Whitcomb Island), Benton County",100125,Whitcomb,2020-06-01 01:03:55.314209
2017-11-02,04:00,46.6,42.4,85.2,0.0,W@4.4,8.2,0.02,0,54.1,"Whitcomb (Whitcomb Island), Benton County",100125,Whitcomb,2020-06-01 01:03:55.314209
2017-11-02,04:15,46.1,41.9,85.1,0.0,W@3.0,5.7,0.03,0,54.0,"Whitcomb (Whitcomb Island), Benton County",100125,Whitcomb,2020-06-01 01:03:55.314209
2017-11-02,04:30,45.0,41.4,87.0,0.0,NW@1.0,3.5,0.11,0,53.9,"Whitcomb (Whitcomb Island), Benton County",100125,Whitcomb,2020-06-01 01:03:55.314209
2017-11-02,04:45,44.8,41.6,88.3,0.0,NW@2.5,5.7,0.21,0,53.8,"Whitcomb (Whitcomb Island), Benton County",100125,Whitcomb,2020-06-01 01:03:55.314209
2017-11-02,05:00,44.1,41.4,90.1,0.0,NW@1.3,4.9,0.3,0,53.7,"Whitcomb (Whitcomb Island), Benton County",100125,Whitcomb,2020-06-01 01:03:55.314209
2017-11-02,05:15,43.5,41.3,91.9,0.0,NW@2.8,4.9,0.36,0,53.6,"Whitcomb (Whitcomb Island), Benton County",100125,Whitcomb,2020-06-01 01:03:55.314209
2017-11-02,05:30,43.3,41.6,93.5,0.0,N @0.0,0.0,0.57,0,53.5,"Whitcomb (Whitcomb Island), Benton County",100125,Whitcomb,2020-06-01 01:03:55.314209
2017-11-02,05:45,43.9,42.2,93.7,0.0,N @0.0,0.0,0.82,0,53.4,"Whitcomb (Whitcomb Island), Benton County",100125,Whitcomb,2020-06-01 01:03:55.314209
2017-11-02,06:00,43.7,42.0,93.9,0.0,SW@0.4,4.6,0.91,0,53.3,"Whitcomb (Whitcomb Island), Benton County",100125,Whitcomb,2020-06-01 01:03:55.314209
2017-11-02,06:15,44.6,42.8,93.4,0.0,W@0.6,3.5,0.95,0,53.2,"Whitcomb (Whitcomb Island), Benton County",100125,Whitcomb,2020-06-01 01:03:55.314209
2017-11-02,06:30,45.3,42.6,90.1,0.0,SW@4.0,6.7,0.94,0,53.1,"Whitcomb (Whitcomb Island), Benton County",100125,Whitcomb,2020-06-01 01:03:55.314209
2017-11-02,06:45,44.3,41.3,89.0,0.0,SW@1.0,4.9,0.84,0,53.0,"Whitcomb (Whitcomb Island), Benton County",100125,Whitcomb,2020-06-01 01:03:55.314209
2017-11-02,07:00,43.5,41.0,90.8,0.0,W@1.4,4.6,0.83,0,52.9,"Whitcomb (Whitcomb Island), Benton County",100125,Whitcomb,2020-06-01 01:03:55.314209
2017-11-02,07:15,42.3,40.7,94.0,0.0,N @0.0,0.0,0.87,0,52.8,"Whitcomb (Whitcomb Island), Benton County",100125,Whitcomb,2020-06-01 01:03:55.314209
2017-11-02,07:30,41.1,40.4,97.4,0.0,N@1.1,4.2,0.93,1,52.7,"Whitcomb (Whitcomb Island), Benton County",100125,Whitcomb,2020-06-01 01:03:55.314209
2017-11-02,07:45,43.3,42.0,95.0,0.0,S@1.3,4.9,0.96,3,52.6,"Whitcomb (Whitcomb Island), Benton County",100125,Whitcomb,2020-06-01 01:03:55.314209
2017-11-02,08:00,44.6,42.3,91.4,0.0,S@3.0,6.4,0.9,5,52.5,"Whitcomb (Whitcomb Island), Benton County",100125,Whitcomb,2020-06-01 01:03:55.314209
2017-11-02,08:15,44.5,42.8,93.7,0.0,SW@0.1,1.7,0.57,17,52.4,"Whitcomb (Whitcomb Island), Benton County",100125,Whitcomb,2020-06-01 01:03:55.314209
2017-11-02,08:30,44.2,42.5,93.8,0.0,N @0.0,0.0,0.49,32,52.3,"Whitcomb (Whitcomb Island), Benton County",100125,Whitcomb,2020-06-01 01:03:55.314209
2017-11-02,08:45,44.1,42.1,92.8,0.0,NE@0.4,3.9,0.59,73,52.3,"Whitcomb (Whitcomb Island), Benton County",100125,Whitcomb,2020-06-01 01:03:55.314209
2017-11-02,09:00,46.5,43.5,89.2,0.0,SE@0.4,5.3,0.16,178,52.2,"Whitcomb (Whitcomb Island), Benton County",100125,Whitcomb,2020-06-01 01:03:55.314209
2017-11-02,09:15,46.5,43.5,89.1,0.0,SE@1.0,5.3,0.04,103,52.1,"Whitcomb (Whitcomb Island), Benton County",100125,Whitcomb,2020-06-01 01:03:55.314209
2017-11-02,09:30,46.1,43.3,89.9,0.0,NE@1.6,4.9,0.05,100,52.1,"Whitcomb (Whitcomb Island), Benton County",100125,Whitcomb,2020-06-01 01:03:55.314209
2017-11-02,09:45,45.6,44.0,93.9,0.0,NE@2.6,4.6,0.08,96,52.0,"Whitcomb (Whitcomb Island), Benton County",100125,Whitcomb,2020-06-01 01:03:55.314209
2017-11-02,10:00,47.7,44.7,89.3,0.0,NE@2.2,5.3,0.03,340,52.0,"Whitcomb (Whitcomb Island), Benton County",100125,Whitcomb,2020-06-01 01:03:55.314209
2017-11-02,10:15,49.8,44.4,81.4,0.0,E@3.5,6.0,0.0,297,52.0,"Whitcomb (Whitcomb Island), Benton County",100125,Whitcomb,2020-06-01 01:03:55.314209
2017-11-02,10:30,51.7,44.5,76.2,0.0,NE@2.2,3.9,0.0,403,52.1,"Whitcomb (Whitcomb Island), Benton County",100125,Whitcomb,2020-06-01 01:03:55.314209
2017-11-02,10:45,52.7,44.0,72.2,0.0,E@3.0,5.3,0.0,437,52.1,"Whitcomb (Whitcomb Island), Benton County",100125,Whitcomb,2020-06-01 01:03:55.314209
2017-11-02,11:00,53.6,43.7,69.0,0.0,E@3.4,6.4,0.0,488,52.2,"Whitcomb (Whitcomb Island), Benton County",100125,Whitcomb,2020-06-01 01:03:55.314209
2017-11-02,11:15,53.5,43.5,68.8,0.0,E@3.3,4.9,0.0,306,52.3,"Whitcomb (Whitcomb Island), Benton County",100125,Whitcomb,2020-06-01 01:03:55.314209
2017-11-02,11:30,54.6,43.7,66.4,0.0,E@3.2,5.7,0.0,426,52.4,"Whitcomb (Whitcomb Island), Benton County",100125,Whitcomb,2020-06-01 01:03:55.314209
2017-11-02,11:45,55.9,43.3,62.5,0.0,SE@2.5,4.6,0.0,456,52.5,"Whitcomb (Whitcomb Island), Benton County",100125,Whitcomb,2020-06-01 01:03:55.314209
2017-11-02,12:00,56.2,43.7,62.9,0.0,SE@3.5,6.4,0.0,472,52.7,"Whitcomb (Whitcomb Island), Benton County",100125,Whitcomb,2020-06-01 01:03:55.314209
2017-11-02,12:15,57.1,42.7,58.6,0.0,SE@3.7,5.7,0.0,483,52.9,"Whitcomb (Whitcomb Island), Benton County",100125,Whitcomb,2020-06-01 01:03:55.314209
2017-11-02,12:30,58.6,42.1,54.2,0.0,SE@3.2,6.0,0.0,498,53.1,"Whitcomb (Whitcomb Island), Benton County",100125,Whitcomb,2020-06-01 01:03:55.314209
2017-11-02,12:45,58.6,40.2,50.3,0.0,W@3.5,6.4,0.0,452,53.3,"Whitcomb (Whitcomb Island), Benton County",100125,Whitcomb,2020-06-01 01:03:55.314209
2017-11-02,13:00,58.2,40.0,50.7,0.0,SW@3.8,6.4,0.0,345,53.6,"Whitcomb (Whitcomb Island), Benton County",100125,Whitcomb,2020-06-01 01:03:55.314209
2017-11-02,13:15,59.0,39.4,48.1,0.0,SW@4.7,8.2,0.0,437,53.8,"Whitcomb (Whitcomb Island), Benton County",100125,Whitcomb,2020-06-01 01:03:55.314209
2017-11-02,13:30,60.6,39.1,45.0,0.0,SW@6.2,10.3,0.0,491,54.1,"Whitcomb (Whitcomb Island), Benton County",100125,Whitcomb,2020-06-01 01:03:55.314209
2017-11-02,13:45,59.8,38.9,45.9,0.0,SW@7.8,12.1,0.0,235,54.4,"Whitcomb (Whitcomb Island), Benton County",100125,Whitcomb,2020-06-01 01:03:55.314209
2017-11-02,14:00,60.4,38.8,44.7,0.0,SW@6.0,9.2,0.0,323,54.6,"Whitcomb (Whitcomb Island), Benton County",100125,Whitcomb,2020-06-01 01:03:55.314209
2017-11-02,14:15,59.5,37.7,44.1,0.0,SW@8.1,16.4,0.0,142,54.9,"Whitcomb (Whitcomb Island), Benton County",100125,Whitcomb,2020-06-01 01:03:55.314209
2017-11-02,14:30,60.0,38.4,44.7,0.0,SW@7.1,11.0,0.0,191,55.2,"Whitcomb (Whitcomb Island), Benton County",100125,Whitcomb,2020-06-01 01:03:55.314209
2017-11-02,14:45,60.9,37.5,41.7,0.0,SW@8.8,15.3,0.0,251,55.4,"Whitcomb (Whitcomb Island), Benton County",100125,Whitcomb,2020-06-01 01:03:55.314209
2017-11-02,15:00,62.0,37.3,39.8,0.0,SW@9.1,15.7,0.0,334,55.7,"Whitcomb (Whitcomb Island), Benton County",100125,Whitcomb,2020-06-01 01:03:55.314209
2017-11-02,15:15,62.8,36.8,37.9,0.0,SW@12.6,18.2,0.0,333,55.9,"Whitcomb (Whitcomb Island), Benton County",100125,Whitcomb,2020-06-01 01:03:55.314209
2017-11-02,15:30,62.7,36.8,38.0,0.0,SW@10.7,15.7,0.0,285,56.0,"Whitcomb (Whitcomb Island), Benton County",100125,Whitcomb,2020-06-01 01:03:55.314209
2017-11-02,15:45,61.4,37.3,40.6,0.0,S@10.1,15.3,0.0,199,56.2,"Whitcomb (Whitcomb Island), Benton County",100125,Whitcomb,2020-06-01 01:03:55.314209
2017-11-02,16:00,62.3,37.0,38.9,0.0,SW@10.7,16.4,0.0,238,56.3,"Whitcomb (Whitcomb Island), Benton County",100125,Whitcomb,2020-06-01 01:03:55.314209
2017-11-02,16:15,60.7,37.5,42.0,0.0,SW@11.9,17.5,0.0,101,56.5,"Whitcomb (Whitcomb Island), Benton County",100125,Whitcomb,2020-06-01 01:03:55.314209
2017-11-02,16:30,59.9,38.4,44.7,0.0,SW@9.7,14.6,0.0,80,56.6,"Whitcomb (Whitcomb Island), Benton County",100125,Whitcomb,2020-06-01 01:03:55.314209
2017-11-02,16:45,59.5,38.9,46.3,0.0,SW@7.8,11.0,0.0,40,56.7,"Whitcomb (Whitcomb Island), Benton County",100125,Whitcomb,2020-06-01 01:03:55.314209
2017-11-02,17:00,59.4,39.0,46.7,0.0,SW@7.3,13.9,0.0,40,56.8,"Whitcomb (Whitcomb Island), Benton County",100125,Whitcomb,2020-06-01 01:03:55.314209
2017-11-02,17:15,60.0,38.0,44.0,0.0,SW@12.8,20.7,0.0,67,56.9,"Whitcomb (Whitcomb Island), Benton County",100125,Whitcomb,2020-06-01 01:03:55.314209
2017-11-02,17:30,57.9,39.5,50.2,0.0,W@11.6,18.9,0.0,36,57.0,"Whitcomb (Whitcomb Island), Benton County",100125,Whitcomb,2020-06-01 01:03:55.314209
2017-11-02,17:45,55.2,39.7,55.8,0.0,W@8.3,13.5,0.0,7,57.1,"Whitcomb (Whitcomb Island), Benton County",100125,Whitcomb,2020-06-01 01:03:55.314209
2017-11-02,18:00,54.6,39.8,57.2,0.0,W@7.5,12.1,0.0,2,57.1,"Whitcomb (Whitcomb Island), Benton County",100125,Whitcomb,2020-06-01 01:03:55.314209
2017-11-02,18:15,54.2,40.3,59.2,0.0,W@6.8,11.0,0.0,0,57.1,"Whitcomb (Whitcomb Island), Benton County",100125,Whitcomb,2020-06-01 01:03:55.314209
2017-11-02,18:30,53.6,41.2,62.7,0.0,W@5.6,9.2,0.0,0,57.1,"Whitcomb (Whitcomb Island), Benton County",100125,Whitcomb,2020-06-01 01:03:55.314209
2017-11-02,18:45,53.2,40.3,61.5,0.0,W@6.6,9.9,0.0,0,57.1,"Whitcomb (Whitcomb Island), Benton County",100125,Whitcomb,2020-06-01 01:03:55.314209
2017-11-02,19:00,53.4,40.3,61.0,0.0,W@10.0,16.7,0.0,0,57.1,"Whitcomb (Whitcomb Island), Benton County",100125,Whitcomb,2020-06-01 01:03:55.314209
2017-11-02,19:15,53.1,40.3,61.6,0.0,W@12.2,17.8,0.0,0,57.0,"Whitcomb (Whitcomb Island), Benton County",100125,Whitcomb,2020-06-01 01:03:55.314209
2017-11-02,19:30,52.2,40.1,63.1,0.0,W@12.6,21.4,0.0,0,57.0,"Whitcomb (Whitcomb Island), Benton County",100125,Whitcomb,2020-06-01 01:03:55.314209
2017-11-02,19:45,51.7,41.0,66.8,0.0,W@10.6,15.0,0.0,0,56.9,"Whitcomb (Whitcomb Island), Benton County",100125,Whitcomb,2020-06-01 01:03:55.314209
2017-11-02,20:00,51.7,41.2,67.2,0.0,W@9.8,14.6,0.0,0,56.9,"Whitcomb (Whitcomb Island), Benton County",100125,Whitcomb,2020-06-01 01:03:55.314209
2017-11-02,20:15,51.8,40.0,63.8,0.0,W@9.6,16.0,0.05,0,56.8,"Whitcomb (Whitcomb Island), Benton County",100125,Whitcomb,2020-06-01 01:03:55.314209
2017-11-02,20:30,51.9,39.3,62.1,0.0,W@12.8,21.4,0.14,0,56.8,"Whitcomb (Whitcomb Island), Benton County",100125,Whitcomb,2020-06-01 01:03:55.314209
2017-11-02,20:45,51.2,40.6,67.1,0.0,W@14.4,20.7,0.24,0,56.7,"Whitcomb (Whitcomb Island), Benton County",100125,Whitcomb,2020-06-01 01:03:55.314209
2017-11-02,21:00,51.0,40.9,68.4,0.0,W@10.7,17.5,0.29,0,56.6,"Whitcomb (Whitcomb Island), Benton County",100125,Whitcomb,2020-06-01 01:03:55.314209
2017-11-02,21:15,50.6,40.0,66.7,0.0,W@10.5,18.2,0.17,0,56.6,"Whitcomb (Whitcomb Island), Benton County",100125,Whitcomb,2020-06-01 01:03:55.314209
2017-11-02,21:30,50.6,38.7,63.5,0.0,W@10.7,14.6,0.0,0,56.5,"Whitcomb (Whitcomb Island), Benton County",100125,Whitcomb,2020-06-01 01:03:55.314209
2017-11-02,21:45,50.5,37.7,61.4,0.0,W@10.3,16.4,0.0,0,56.4,"Whitcomb (Whitcomb Island), Benton County",100125,Whitcomb,2020-06-01 01:03:55.314209
2017-11-02,22:00,50.2,38.1,63.0,0.0,W@9.6,14.2,0.0,0,56.3,"Whitcomb (Whitcomb Island), Benton County",100125,Whitcomb,2020-06-01 01:03:55.314209
2017-11-02,22:15,49.7,39.1,66.9,0.0,SW@11.1,16.4,0.0,0,56.3,"Whitcomb (Whitcomb Island), Benton County",100125,Whitcomb,2020-06-01 01:03:55.314209
2017-11-02,22:30,49.6,38.7,66.0,0.0,SW@10.4,16.7,0.0,0,56.2,"Whitcomb (Whitcomb Island), Benton County",100125,Whitcomb,2020-06-01 01:03:55.314209
2017-11-02,22:45,49.0,39.4,69.3,0.0,SW@8.2,12.4,0.08,0,56.1,"Whitcomb (Whitcomb Island), Benton County",100125,Whitcomb,2020-06-01 01:03:55.314209
2017-11-02,23:00,48.7,39.7,70.9,0.0,SW@9.6,14.6,0.03,0,56.0,"Whitcomb (Whitcomb Island), Benton County",100125,Whitcomb,2020-06-01 01:03:55.314209
2017-11-02,23:15,49.5,37.7,63.4,0.0,W@12.1,18.5,0.08,0,56.0,"Whitcomb (Whitcomb Island), Benton County",100125,Whitcomb,2020-06-01 01:03:55.314209
2017-11-02,23:30,49.1,38.2,65.9,0.0,W@10.7,16.7,0.0,0,55.9,"Whitcomb (Whitcomb Island), Benton County",100125,Whitcomb,2020-06-01 01:03:55.314209
2017-11-02,23:45,49.1,38.4,66.3,0.0,SW@10.1,15.0,0.0,0,55.8,"Whitcomb (Whitcomb Island), Benton County",100125,Whitcomb,2020-06-01 01:03:55.314209
2017-11-02,24:00,48.9,37.9,65.6,0.0,SW@10.5,15.0,0.03,0,55.8,"Whitcomb (Whitcomb Island), Benton County",100125,Whitcomb,2020-06-01 01:03:55.314209
2017-11-03,00:15,48.5,38.1,66.9,0.0,SW@10.6,16.0,0.0,0,55.7,"Whitcomb (Whitcomb Island), Benton County",100125,Whitcomb,2020-06-01 01:03:55.314209
2017-11-03,00:30,47.2,39.1,73.3,0.0,SW@7.6,11.7,0.0,0,55.6,"Whitcomb (Whitcomb Island), Benton County",100125,Whitcomb,2020-06-01 01:03:55.314209
2017-11-03,00:45,47.4,38.7,71.4,0.0,SW@9.2,13.5,0.0,0,55.6,"Whitcomb (Whitcomb Island), Benton County",100125,Whitcomb,2020-06-01 01:03:55.314209
2017-11-03,01:00,47.4,38.4,70.9,0.0,SW@8.8,11.7,0.0,0,55.5,"Whitcomb (Whitcomb Island), Benton County",100125,Whitcomb,2020-06-01 01:03:55.314209
2017-11-03,01:15,46.9,38.7,72.9,0.0,SW@7.1,10.3,0.0,0,55.4,"Whitcomb (Whitcomb Island), Benton County",100125,Whitcomb,2020-06-01 01:03:55.314209
2017-11-03,01:30,46.5,38.9,74.7,0.0,SW@7.3,10.3,0.0,0,55.3,"Whitcomb (Whitcomb Island), Benton County",100125,Whitcomb,2020-06-01 01:03:55.314209
2017-11-03,01:45,46.9,38.7,73.1,0.0,SW@8.2,11.7,0.0,0,55.3,"Whitcomb (Whitcomb Island), Benton County",100125,Whitcomb,2020-06-01 01:03:55.314209
2017-11-03,02:00,47.2,38.7,72.1,0.0,SW@9.1,12.8,0.0,0,55.2,"Whitcomb (Whitcomb Island), Benton County",100125,Whitcomb,2020-06-01 01:03:55.314209
2017-11-03,02:15,47.1,38.5,71.8,0.0,SW@9.4,13.2,0.0,0,55.1,"Whitcomb (Whitcomb Island), Benton County",100125,Whitcomb,2020-06-01 01:03:55.314209
2017-11-03,02:30,46.5,38.2,72.7,0.0,SW@8.9,12.4,0.0,0,55.1,"Whitcomb (Whitcomb Island), Benton County",100125,Whitcomb,2020-06-01 01:03:55.314209
2017-11-03,02:45,46.5,38.7,74.0,0.0,SW@9.5,14.6,0.0,0,55.0,"Whitcomb (Whitcomb Island), Benton County",100125,Whitcomb,2020-06-01 01:03:55.314209
2017-11-03,03:00,46.5,38.7,74.0,0.0,SW@8.9,12.1,0.0,0,55.0,"Whitcomb (Whitcomb Island), Benton County",100125,Whitcomb,2020-06-01 01:03:55.314209
2017-11-03,03:15,46.3,38.5,74.1,0.0,SW@7.8,11.7,0.0,0,54.9,"Whitcomb (Whitcomb Island), Benton County",100125,Whitcomb,2020-06-01 01:03:55.314209
2017-11-03,03:30,45.9,38.8,76.1,0.0,SW@7.6,11.4,0.0,0,54.8,"Whitcomb (Whitcomb Island), Benton County",100125,Whitcomb,2020-06-01 01:03:55.314209
2017-11-03,03:45,46.2,38.8,75.3,0.0,SW@7.3,9.6,0.0,0,54.8,"Whitcomb (Whitcomb Island), Benton County",100125,Whitcomb,2020-06-01 01:03:55.314209
2017-11-03,04:00,46.3,38.7,74.6,0.0,SW@7.7,11.0,0.0,0,54.7,"Whitcomb (Whitcomb Island), Benton County",100125,Whitcomb,2020-06-01 01:03:55.314209
2017-11-03,04:15,46.0,39.2,77.0,0.0,SW@8.8,12.4,0.0,0,54.6,"Whitcomb (Whitcomb Island), Benton County",100125,Whitcomb,2020-06-01 01:03:55.314209
2017-11-03,04:30,46.0,39.4,77.5,0.0,SW@9.7,13.9,0.0,0,54.6,"Whitcomb (Whitcomb Island), Benton County",100125,Whitcomb,2020-06-01 01:03:55.314209
2017-11-03,04:45,45.8,39.7,79.3,0.0,SW@9.0,13.5,0.0,0,54.5,"Whitcomb (Whitcomb Island), Benton County",100125,Whitcomb,2020-06-01 01:03:55.314209
2017-11-03,05:00,45.5,39.8,80.2,0.0,SW@8.9,12.4,0.0,0,54.4,"Whitcomb (Whitcomb Island), Benton County",100125,Whitcomb,2020-06-01 01:03:55.314209
2017-11-03,05:15,45.8,39.3,77.9,0.0,SW@7.7,10.7,0.0,0,54.4,"Whitcomb (Whitcomb Island), Benton County",100125,Whitcomb,2020-06-01 01:03:55.314209
2017-11-03,05:30,46.0,38.7,75.5,0.0,SW@7.7,11.4,0.0,0,54.3,"Whitcomb (Whitcomb Island), Benton County",100125,Whitcomb,2020-06-01 01:03:55.314209
2017-11-03,05:45,46.0,38.2,74.1,0.0,SW@8.6,13.2,0.0,0,54.3,"Whitcomb (Whitcomb Island), Benton County",100125,Whitcomb,2020-06-01 01:03:55.314209
2017-11-03,06:00,46.0,38.0,73.4,0.0,SW@9.2,13.5,0.0,0,54.2,"Whitcomb (Whitcomb Island), Benton County",100125,Whitcomb,2020-06-01 01:03:55.314209
2017-11-03,06:15,46.1,37.9,73.0,0.0,SW@8.9,13.2,0.0,0,54.2,"Whitcomb (Whitcomb Island), Benton County",100125,Whitcomb,2020-06-01 01:03:55.314209
2017-11-03,06:30,46.0,37.7,72.6,0.0,SW@8.1,11.7,0.0,0,54.1,"Whitcomb (Whitcomb Island), Benton County",100125,Whitcomb,2020-06-01 01:03:55.314209
2017-11-03,06:45,46.0,37.5,72.0,0.0,SW@8.8,12.4,0.0,0,54.1,"Whitcomb (Whitcomb Island), Benton County",100125,Whitcomb,2020-06-01 01:03:55.314209
2017-11-03,07:00,46.1,37.1,70.8,0.0,SW@7.8,11.4,0.0,0,54.0,"Whitcomb (Whitcomb Island), Benton County",100125,Whitcomb,2020-06-01 01:03:55.314209
2017-11-03,07:15,46.0,37.0,70.7,0.0,SW@7.2,9.9,0.0,0,53.9,"Whitcomb (Whitcomb Island), Benton County",100125,Whitcomb,2020-06-01 01:03:55.314209
2017-11-03,07:30,45.6,37.4,73.0,0.0,SW@6.3,9.6,0.0,0,53.9,"Whitcomb (Whitcomb Island), Benton County",100125,Whitcomb,2020-06-01 01:03:55.314209
2017-11-03,07:45,45.1,38.1,76.2,0.0,SW@6.8,9.2,0.0,1,53.8,"Whitcomb (Whitcomb Island), Benton County",100125,Whitcomb,2020-06-01 01:03:55.314209
2017-11-03,08:00,44.9,38.5,78.1,0.0,SW@6.1,9.6,0.0,4,53.8,"Whitcomb (Whitcomb Island), Benton County",100125,Whitcomb,2020-06-01 01:03:55.314209
2017-11-03,08:15,44.6,39.1,80.7,0.0,SW@4.7,7.1,0.0,9,53.7,"Whitcomb (Whitcomb Island), Benton County",100125,Whitcomb,2020-06-01 01:03:55.314209
2017-11-03,08:30,44.3,38.7,80.5,0.0,SW@5.2,8.2,0.0,10,53.7,"Whitcomb (Whitcomb Island), Benton County",100125,Whitcomb,2020-06-01 01:03:55.314209
2017-11-03,08:45,44.5,38.5,79.4,0.0,W@4.9,8.2,0.0,22,53.6,"Whitcomb (Whitcomb Island), Benton County",100125,Whitcomb,2020-06-01 01:03:55.314209
2017-11-03,09:00,44.8,38.4,77.8,0.0,W@4.9,8.5,0.0,35,53.6,"Whitcomb (Whitcomb Island), Benton County",100125,Whitcomb,2020-06-01 01:03:55.314209
2017-11-03,09:15,45.1,38.1,76.5,0.0,W@3.1,4.9,0.0,43,53.5,"Whitcomb (Whitcomb Island), Benton County",100125,Whitcomb,2020-06-01 01:03:55.314209
2017-11-03,09:30,45.8,38.1,74.3,0.0,SW@3.4,8.5,0.0,68,53.5,"Whitcomb (Whitcomb Island), Benton County",100125,Whitcomb,2020-06-01 01:03:55.314209
2017-11-03,09:45,46.2,37.1,70.1,0.0,SW@6.3,8.5,0.0,85,53.5,"Whitcomb (Whitcomb Island), Benton County",100125,Whitcomb,2020-06-01 01:03:55.314209
2017-11-03,10:00,46.4,37.0,69.5,0.0,SW@6.6,9.9,0.0,67,53.4,"Whitcomb (Whitcomb Island), Benton County",100125,Whitcomb,2020-06-01 01:03:55.314209
2017-11-03,10:15,46.5,37.6,71.1,0.0,SW@6.7,9.9,0.0,79,53.4,"Whitcomb (Whitcomb Island), Benton County",100125,Whitcomb,2020-06-01 01:03:55.314209
2017-11-03,10:30,48.6,37.8,66.0,0.0,SW@7.0,10.7,0.11,329,53.4,"Whitcomb (Whitcomb Island), Benton County",100125,Whitcomb,2020-06-01 01:03:55.314209
2017-11-03,10:45,49.4,37.1,62.4,0.0,SW@6.9,9.9,0.0,387,53.4,"Whitcomb (Whitcomb Island), Benton County",100125,Whitcomb,2020-06-01 01:03:55.314209
2017-11-03,11:00,50.0,36.6,59.6,0.0,SW@6.0,8.5,0.0,426,53.4,"Whitcomb (Whitcomb Island), Benton County",100125,Whitcomb,2020-06-01 01:03:55.314209
2017-11-03,11:15,51.7,34.3,51.1,0.0,SW@7.8,11.0,0.0,521,53.4,"Whitcomb (Whitcomb Island), Benton County",100125,Whitcomb,2020-06-01 01:03:55.314209
2017-11-03,11:30,51.9,34.2,50.7,0.0,SW@8.3,12.1,0.0,460,53.4,"Whitcomb (Whitcomb Island), Benton County",100125,Whitcomb,2020-06-01 01:03:55.314209
2017-11-03,11:45,51.9,34.2,50.7,0.0,SW@7.7,12.4,0.0,409,53.5,"Whitcomb (Whitcomb Island), Benton County",100125,Whitcomb,2020-06-01 01:03:55.314209
2017-11-03,12:00,52.6,34.1,49.2,0.0,SW@7.2,11.0,0.0,477,53.6,"Whitcomb (Whitcomb Island), Benton County",100125,Whitcomb,2020-06-01 01:03:55.314209
2017-11-03,12:15,52.7,33.2,47.3,0.0,SW@8.9,12.4,0.0,479,53.7,"Whitcomb (Whitcomb Island), Benton County",100125,Whitcomb,2020-06-01 01:03:55.314209
2017-11-03,12:30,52.8,34.1,48.9,0.0,SW@8.9,13.9,0.0,489,53.8,"Whitcomb (Whitcomb Island), Benton County",100125,Whitcomb,2020-06-01 01:03:55.314209
2017-11-03,12:45,53.7,34.0,47.0,0.0,SW@8.3,11.4,0.0,517,54.0,"Whitcomb (Whitcomb Island), Benton County",100125,Whitcomb,2020-06-01 01:03:55.314209
2017-11-03,13:00,53.8,31.5,42.4,0.0,SW@10.0,15.0,0.0,478,54.2,"Whitcomb (Whitcomb Island), Benton County",100125,Whitcomb,2020-06-01 01:03:55.314209
2017-11-03,13:15,54.3,30.2,39.5,0.0,SW@10.8,15.3,0.0,514,54.3,"Whitcomb (Whitcomb Island), Benton County",100125,Whitcomb,2020-06-01 01:03:55.314209
2017-11-03,13:30,54.4,31.6,41.5,0.0,SW@10.7,15.7,0.0,496,54.5,"Whitcomb (Whitcomb Island), Benton County",100125,Whitcomb,2020-06-01 01:03:55.314209
2017-11-03,13:45,54.7,31.9,41.6,0.0,SW@10.2,14.6,0.0,500,54.7,"Whitcomb (Whitcomb Island), Benton County",100125,Whitcomb,2020-06-01 01:03:55.314209
2017-11-03,14:00,54.7,31.2,40.6,0.0,SW@10.9,15.7,0.0,478,54.9,"Whitcomb (Whitcomb Island), Benton County",100125,Whitcomb,2020-06-01 01:03:55.314209
2017-11-03,14:15,54.1,31.2,41.4,0.0,SW@11.3,16.0,0.0,350,55.1,"Whitcomb (Whitcomb Island), Benton County",100125,Whitcomb,2020-06-01 01:03:55.314209
2017-11-03,14:30,53.3,31.9,43.9,0.0,W@9.8,14.6,0.0,244,55.3,"Whitcomb (Whitcomb Island), Benton County",100125,Whitcomb,2020-06-01 01:03:55.314209
2017-11-03,14:45,51.8,32.6,47.6,0.0,W@10.0,14.6,0.0,88,55.5,"Whitcomb (Whitcomb Island), Benton County",100125,Whitcomb,2020-06-01 01:03:55.314209
2017-11-03,15:00,51.2,32.5,48.5,0.0,SW@9.9,15.0,0.0,96,55.7,"Whitcomb (Whitcomb Island), Benton County",100125,Whitcomb,2020-06-01 01:03:55.314209
2017-11-03,15:15,53.8,30.9,41.4,0.0,W@9.5,13.9,0.0,391,55.8,"Whitcomb (Whitcomb Island), Benton County",100125,Whitcomb,2020-06-01 01:03:55.314209
2017-11-03,15:30,54.0,30.6,40.6,0.0,W@9.5,14.2,0.0,318,56.0,"Whitcomb (Whitcomb Island), Benton County",100125,Whitcomb,2020-06-01 01:03:55.314209
2017-11-03,15:45,53.2,29.6,40.2,0.0,W@9.0,14.6,0.0,172,56.1,"Whitcomb (Whitcomb Island), Benton County",100125,Whitcomb,2020-06-01 01:03:55.314209
2017-11-03,16:00,53.1,29.8,40.6,0.0,W@7.8,11.7,0.0,184,56.2,"Whitcomb (Whitcomb Island), Benton County",100125,Whitcomb,2020-06-01 01:03:55.314209
2017-11-03,16:15,52.5,29.6,41.2,0.0,W@7.8,11.7,0.0,103,56.2,"Whitcomb (Whitcomb Island), Benton County",100125,Whitcomb,2020-06-01 01:03:55.314209
2017-11-03,16:30,51.6,30.1,43.4,0.0,W@5.9,8.9,0.0,67,56.3,"Whitcomb (Whitcomb Island), Benton County",100125,Whitcomb,2020-06-01 01:03:55.314209
2017-11-03,16:45,51.5,30.9,45.0,0.0,W@5.9,9.2,0.0,60,56.4,"Whitcomb (Whitcomb Island), Benton County",100125,Whitcomb,2020-06-01 01:03:55.314209
2017-11-03,17:00,51.3,30.4,44.4,0.0,W@5.0,7.8,0.0,34,56.4,"Whitcomb (Whitcomb Island), Benton County",100125,Whitcomb,2020-06-01 01:03:55.314209
2017-11-03,17:15,50.9,31.1,46.3,0.0,W@4.6,7.4,0.0,21,56.5,"Whitcomb (Whitcomb Island), Benton County",100125,Whitcomb,2020-06-01 01:03:55.314209
2017-11-03,17:30,50.6,29.9,44.6,0.0,W@4.9,8.5,0.0,11,56.5,"Whitcomb (Whitcomb Island), Benton County",100125,Whitcomb,2020-06-01 01:03:55.314209
2017-11-03,17:45,50.1,29.2,44.3,0.0,W@4.9,8.2,0.0,4,56.5,"Whitcomb (Whitcomb Island), Benton County",100125,Whitcomb,2020-06-01 01:03:55.314209
2017-11-03,18:00,49.7,29.3,45.1,0.0,W@4.8,8.2,0.0,2,56.5,"Whitcomb (Whitcomb Island), Benton County",100125,Whitcomb,2020-06-01 01:03:55.314209
2017-11-03,18:15,47.7,32.6,55.5,0.0,NW@4.9,8.2,0.0,0,56.4,"Whitcomb (Whitcomb Island), Benton County",100125,Whitcomb,2020-06-01 01:03:55.314209
2017-11-03,18:30,45.4,35.2,67.4,0.0,N@5.0,7.4,0.0,0,56.4,"Whitcomb (Whitcomb Island), Benton County",100125,Whitcomb,2020-06-01 01:03:55.314209
2017-11-03,18:45,45.1,34.8,66.9,0.0,N @3.7,6.7,0.0,0,56.3,"Whitcomb (Whitcomb Island), Benton County",100125,Whitcomb,2020-06-01 01:03:55.314209
2017-11-03,19:00,45.1,34.2,65.2,0.0,NE@5.1,7.1,0.02,0,56.3,"Whitcomb (Whitcomb Island), Benton County",100125,Whitcomb,2020-06-01 01:03:55.314209
2017-11-03,19:15,44.6,34.1,66.3,0.0,NE@3.6,5.7,0.08,0,56.2,"Whitcomb (Whitcomb Island), Benton County",100125,Whitcomb,2020-06-01 01:03:55.314209
2017-11-03,19:30,44.2,34.6,68.6,0.0,NE@3.4,6.0,0.03,0,56.2,"Whitcomb (Whitcomb Island), Benton County",100125,Whitcomb,2020-06-01 01:03:55.314209
2017-11-03,19:45,43.8,34.9,70.6,0.0,NE@3.7,5.7,0.27,0,56.1,"Whitcomb (Whitcomb Island), Benton County",100125,Whitcomb,2020-06-01 01:03:55.314209
2017-11-03,20:00,42.4,34.4,72.8,0.0,N@2.4,3.5,0.03,0,56.0,"Whitcomb (Whitcomb Island), Benton County",100125,Whitcomb,2020-06-01 01:03:55.314209
2017-11-03,20:15,42.5,33.8,71.1,0.0,NE@3.7,5.3,0.0,0,55.9,"Whitcomb (Whitcomb Island), Benton County",100125,Whitcomb,2020-06-01 01:03:55.314209
2017-11-03,20:30,41.5,34.1,74.7,0.0,NE@3.0,5.3,0.01,0,55.8,"Whitcomb (Whitcomb Island), Benton County",100125,Whitcomb,2020-06-01 01:03:55.314209
2017-11-03,20:45,40.7,34.3,77.7,0.0,NE@2.7,4.2,0.05,0,55.7,"Whitcomb (Whitcomb Island), Benton County",100125,Whitcomb,2020-06-01 01:03:55.314209
2017-11-03,21:00,39.9,34.1,79.7,0.0,NW@1.4,2.8,0.05,0,55.6,"Whitcomb (Whitcomb Island), Benton County",100125,Whitcomb,2020-06-01 01:03:55.314209
2017-11-03,21:15,39.5,33.9,79.9,0.0,N @3.2,3.9,0.06,0,55.5,"Whitcomb (Whitcomb Island), Benton County",100125,Whitcomb,2020-06-01 01:03:55.314209
2017-11-03,21:30,40.2,34.3,79.2,0.0,NE@3.3,4.6,0.02,0,55.4,"Whitcomb (Whitcomb Island), Benton County",100125,Whitcomb,2020-06-01 01:03:55.314209
2017-11-03,21:45,41.1,34.4,76.7,0.0,N @2.4,3.5,0.02,0,55.3,"Whitcomb (Whitcomb Island), Benton County",100125,Whitcomb,2020-06-01 01:03:55.314209
2017-11-03,22:00,40.5,34.3,78.4,0.0,NE@3.4,4.6,0.01,0,55.2,"Whitcomb (Whitcomb Island), Benton County",100125,Whitcomb,2020-06-01 01:03:55.314209
2017-11-03,22:15,40.6,34.8,79.6,0.0,NE@4.1,5.7,0.3,0,55.0,"Whitcomb (Whitcomb Island), Benton County",100125,Whitcomb,2020-06-01 01:03:55.314209
2017-11-03,22:30,40.7,34.9,79.5,0.0,NE@3.7,5.3,0.0,0,54.9,"Whitcomb (Whitcomb Island), Benton County",100125,Whitcomb,2020-06-01 01:03:55.314209
2017-11-03,22:45,40.8,34.7,78.8,0.0,NE@3.7,4.9,0.32,0,54.8,"Whitcomb (Whitcomb Island), Benton County",100125,Whitcomb,2020-06-01 01:03:55.314209
2017-11-03,23:00,39.7,33.1,77.0,0.0,N @3.3,5.7,0.05,0,54.6,"Whitcomb (Whitcomb Island), Benton County",100125,Whitcomb,2020-06-01 01:03:55.314209
2017-11-03,23:15,39.4,31.7,73.6,0.0,N @2.6,5.3,0.0,0,54.5,"Whitcomb (Whitcomb Island), Benton County",100125,Whitcomb,2020-06-01 01:03:55.314209
2017-11-03,23:30,40.3,30.7,68.3,0.0,NW@1.9,4.6,0.0,0,54.4,"Whitcomb (Whitcomb Island), Benton County",100125,Whitcomb,2020-06-01 01:03:55.314209
2017-11-03,23:45,40.2,29.9,66.5,0.0,N@3.8,7.4,0.0,0,54.3,"Whitcomb (Whitcomb Island), Benton County",100125,Whitcomb,2020-06-01 01:03:55.314209
2017-11-03,24:00,39.5,29.6,67.3,0.0,NE@2.6,4.2,0.0,0,54.2,"Whitcomb (Whitcomb Island), Benton County",100125,Whitcomb,2020-06-01 01:03:55.314209
2017-11-04,00:15,38.0,29.6,71.3,0.0,E@1.3,4.6,0.0,0,54.0,"Whitcomb (Whitcomb Island), Benton County",100125,Whitcomb,2020-06-01 01:03:55.314209
2017-11-04,00:30,37.9,29.0,69.9,0.0,N@2.3,4.6,0.01,0,53.9,"Whitcomb (Whitcomb Island), Benton County",100125,Whitcomb,2020-06-01 01:03:55.314209
2017-11-04,00:45,38.4,29.0,68.9,0.0,N @2.9,3.9,0.0,0,53.8,"Whitcomb (Whitcomb Island), Benton County",100125,Whitcomb,2020-06-01 01:03:55.314209
2017-11-04,01:00,38.5,29.4,69.7,0.0,N @3.4,4.9,0.0,0,53.7,"Whitcomb (Whitcomb Island), Benton County",100125,Whitcomb,2020-06-01 01:03:55.314209
2017-11-04,01:15,38.6,29.7,70.2,0.0,N @2.9,3.9,0.0,0,53.6,"Whitcomb (Whitcomb Island), Benton County",100125,Whitcomb,2020-06-01 01:03:55.314209
2017-11-04,01:30,39.0,29.0,67.2,0.0,NW@2.8,3.9,0.0,0,53.5,"Whitcomb (Whitcomb Island), Benton County",100125,Whitcomb,2020-06-01 01:03:55.314209
2017-11-04,01:45,39.0,28.3,65.1,0.0,N@3.6,4.9,0.59,0,53.3,"Whitcomb (Whitcomb Island), Benton County",100125,Whitcomb,2020-06-01 01:03:55.314209
2017-11-04,02:00,38.8,28.0,64.8,0.0,NW@3.9,6.0,0.13,0,53.2,"Whitcomb (Whitcomb Island), Benton County",100125,Whitcomb,2020-06-01 01:03:55.314209
2017-11-04,02:15,38.3,27.4,64.4,0.0,N@5.8,8.5,0.0,0,53.1,"Whitcomb (Whitcomb Island), Benton County",100125,Whitcomb,2020-06-01 01:03:55.314209
2017-11-04,02:30,38.0,27.1,64.4,0.0,N@5.6,8.5,0.08,0,53.0,"Whitcomb (Whitcomb Island), Benton County",100125,Whitcomb,2020-06-01 01:03:55.314209
2017-11-04,02:45,37.6,27.0,65.1,0.0,N@3.9,6.4,0.0,0,53.0,"Whitcomb (Whitcomb Island), Benton County",100125,Whitcomb,2020-06-01 01:03:55.314209
2017-11-04,03:00,37.8,27.6,66.4,0.0,N @2.3,3.1,0.02,0,52.9,"Whitcomb (Whitcomb Island), Benton County",100125,Whitcomb,2020-06-01 01:03:55.314209
2017-11-04,03:15,38.0,29.0,69.7,0.0,NE@1.0,2.8,0.0,0,52.8,"Whitcomb (Whitcomb Island), Benton County",100125,Whitcomb,2020-06-01 01:03:55.314209
2017-11-04,03:30,37.3,29.7,73.7,0.0,S@0.3,2.8,0.0,0,52.7,"Whitcomb (Whitcomb Island), Benton County",100125,Whitcomb,2020-06-01 01:03:55.314209
2017-11-04,03:45,38.3,29.2,69.3,0.0,S@2.4,4.9,0.0,0,52.6,"Whitcomb (Whitcomb Island), Benton County",100125,Whitcomb,2020-06-01 01:03:55.314209
2017-11-04,04:00,36.8,29.8,75.4,0.0,NE@1.6,3.1,0.01,0,52.5,"Whitcomb (Whitcomb Island), Benton County",100125,Whitcomb,2020-06-01 01:03:55.314209
2017-11-04,04:15,35.7,29.6,78.1,0.0,W@1.7,2.4,0.05,0,52.4,"Whitcomb (Whitcomb Island), Benton County",100125,Whitcomb,2020-06-01 01:03:55.314209
2017-11-04,04:30,35.4,29.9,80.1,0.0,N@0.9,2.1,0.11,0,52.4,"Whitcomb (Whitcomb Island), Benton County",100125,Whitcomb,2020-06-01 01:03:55.314209
2017-11-04,04:45,34.2,30.1,84.7,0.0,SW@0.9,2.4,0.31,0,52.3,"Whitcomb (Whitcomb Island), Benton County",100125,Whitcomb,2020-06-01 01:03:55.314209
2017-11-04,05:00,33.2,28.2,81.7,0.0,W@2.5,3.9,0.3,0,52.2,"Whitcomb (Whitcomb Island), Benton County",100125,Whitcomb,2020-06-01 01:03:55.314209
2017-11-04,05:15,33.3,28.8,83.6,0.0,W@3.0,3.5,0.18,0,52.1,"Whitcomb (Whitcomb Island), Benton County",100125,Whitcomb,2020-06-01 01:03:55.314209
2017-11-04,05:30,32.9,28.4,83.3,0.0,W@3.6,4.6,0.06,0,51.9,"Whitcomb (Whitcomb Island), Benton County",100125,Whitcomb,2020-06-01 01:03:55.314209
2017-11-04,05:45,31.4,28.0,88.0,0.0,W@3.4,4.6,0.08,0,51.8,"Whitcomb (Whitcomb Island), Benton County",100125,Whitcomb,2020-06-01 01:03:55.314209
2017-11-04,06:00,32.1,28.9,87.9,0.0,W@3.0,3.9,0.03,0,51.7,"Whitcomb (Whitcomb Island), Benton County",100125,Whitcomb,2020-06-01 01:03:55.314209
2017-11-04,06:15,34.4,28.1,77.5,0.0,W@2.5,3.1,0.0,0,51.6,"Whitcomb (Whitcomb Island), Benton County",100125,Whitcomb,2020-06-01 01:03:55.314209
2017-11-04,06:30,35.2,27.6,73.5,0.0,W@2.0,2.4,0.0,0,51.4,"Whitcomb (Whitcomb Island), Benton County",100125,Whitcomb,2020-06-01 01:03:55.314209
2017-11-04,06:45,34.9,28.3,76.6,0.0,NE@0.2,1.4,0.23,0,51.3,"Whitcomb (Whitcomb Island), Benton County",100125,Whitcomb,2020-06-01 01:03:55.314209
2017-11-04,07:00,35.6,27.8,72.9,0.0,N @0.0,0.0,0.08,0,51.2,"Whitcomb (Whitcomb Island), Benton County",100125,Whitcomb,2020-06-01 01:03:55.314209
2017-11-04,07:15,35.8,27.9,72.5,0.0,NW@0.2,2.1,0.0,0,51.1,"Whitcomb (Whitcomb Island), Benton County",100125,Whitcomb,2020-06-01 01:03:55.314209
2017-11-04,07:30,35.3,28.4,75.5,0.0,NW@1.9,3.5,0.0,0,51.0,"Whitcomb (Whitcomb Island), Benton County",100125,Whitcomb,2020-06-01 01:03:55.314209
2017-11-04,07:45,35.6,28.3,74.4,0.0,NW@1.0,2.8,0.0,2,50.9,"Whitcomb (Whitcomb Island), Benton County",100125,Whitcomb,2020-06-01 01:03:55.314209
2017-11-04,08:00,36.1,27.6,71.0,0.0,N @0.0,0.0,0.0,7,50.8,"Whitcomb (Whitcomb Island), Benton County",100125,Whitcomb,2020-06-01 01:03:55.314209
2017-11-04,08:15,36.5,27.4,69.2,0.0,N @0.0,0.0,0.0,13,50.8,"Whitcomb (Whitcomb Island), Benton County",100125,Whitcomb,2020-06-01 01:03:55.314209
2017-11-04,08:30,36.5,28.3,71.9,0.0,N @0.0,0.0,0.0,18,50.7,"Whitcomb (Whitcomb Island), Benton County",100125,Whitcomb,2020-06-01 01:03:55.314209
2017-11-04,08:45,36.5,29.2,74.6,0.0,NW@1.5,2.8,0.0,16,50.7,"Whitcomb (Whitcomb Island), Benton County",100125,Whitcomb,2020-06-01 01:03:55.314209
2017-11-04,09:00,37.0,30.1,75.8,0.0,NW@1.2,3.5,0.0,31,50.6,"Whitcomb (Whitcomb Island), Benton County",100125,Whitcomb,2020-06-01 01:03:55.314209
2017-11-04,09:15,37.9,30.9,75.6,0.0,SW@1.1,2.4,0.0,52,50.6,"Whitcomb (Whitcomb Island), Benton County",100125,Whitcomb,2020-06-01 01:03:55.314209
2017-11-04,09:30,38.6,31.1,74.1,0.0,NW@1.1,3.1,0.0,71,50.5,"Whitcomb (Whitcomb Island), Benton County",100125,Whitcomb,2020-06-01 01:03:55.314209
2017-11-04,09:45,39.2,31.4,73.5,0.0,NW@1.2,2.8,0.0,72,50.5,"Whitcomb (Whitcomb Island), Benton County",100125,Whitcomb,2020-06-01 01:03:55.314209
2017-11-04,10:00,39.3,31.9,74.6,0.0,NE@2.0,2.8,0.0,52,50.5,"Whitcomb (Whitcomb Island), Benton County",100125,Whitcomb,2020-06-01 01:03:55.314209
2017-11-04,10:15,39.6,32.5,75.3,0.0,NE@2.6,3.9,0.0,104,50.4,"Whitcomb (Whitcomb Island), Benton County",100125,Whitcomb,2020-06-01 01:03:55.314209
2017-11-04,10:30,40.3,32.7,74.0,0.0,E@2.0,3.5,0.0,119,50.4,"Whitcomb (Whitcomb Island), Benton County",100125,Whitcomb,2020-06-01 01:03:55.314209
2017-11-04,10:45,40.8,33.2,74.4,0.0,NE@2.2,3.5,0.0,88,50.4,"Whitcomb (Whitcomb Island), Benton County",100125,Whitcomb,2020-06-01 01:03:55.314209
2017-11-04,11:00,41.0,33.8,75.3,0.0,N @2.9,4.2,0.0,81,50.5,"Whitcomb (Whitcomb Island), Benton County",100125,Whitcomb,2020-06-01 01:03:55.314209
2017-11-04,11:15,41.3,34.0,75.3,0.0,N@1.7,3.1,0.0,59,50.5,"Whitcomb (Whitcomb Island), Benton County",100125,Whitcomb,2020-06-01 01:03:55.314209
2017-11-04,11:30,41.6,34.2,74.7,0.0,NW@2.1,3.5,0.03,75,50.5,"Whitcomb (Whitcomb Island), Benton County",100125,Whitcomb,2020-06-01 01:03:55.314209
2017-11-04,11:45,42.7,35.0,73.8,0.0,NW@0.9,2.4,0.0,111,50.5,"Whitcomb (Whitcomb Island), Benton County",100125,Whitcomb,2020-06-01 01:03:55.314209
2017-11-04,12:00,43.4,36.0,75.0,0.0,SW@1.4,4.9,0.0,87,50.6,"Whitcomb (Whitcomb Island), Benton County",100125,Whitcomb,2020-06-01 01:03:55.314209
2017-11-04,12:15,43.7,36.4,75.3,0.0,W@2.5,4.2,0.0,99,50.6,"Whitcomb (Whitcomb Island), Benton County",100125,Whitcomb,2020-06-01 01:03:55.314209
2017-11-04,12:30,44.3,36.6,74.0,0.0,W@1.8,4.9,0.0,117,50.6,"Whitcomb (Whitcomb Island), Benton County",100125,Whitcomb,2020-06-01 01:03:55.314209
2017-11-04,12:45,45.7,36.1,68.9,0.0,SW@5.7,9.2,0.0,90,50.7,"Whitcomb (Whitcomb Island), Benton County",100125,Whitcomb,2020-06-01 01:03:55.314209
2017-11-04,13:00,46.9,35.2,63.6,0.0,SW@6.7,11.4,0.0,146,50.8,"Whitcomb (Whitcomb Island), Benton County",100125,Whitcomb,2020-06-01 01:03:55.314209
2017-11-04,13:15,47.7,34.9,60.9,0.0,SW@9.8,14.2,0.0,240,50.8,"Whitcomb (Whitcomb Island), Benton County",100125,Whitcomb,2020-06-01 01:03:55.314209
2017-11-04,13:30,49.0,35.4,59.2,0.0,SW@9.5,13.9,0.0,308,50.9,"Whitcomb (Whitcomb Island), Benton County",100125,Whitcomb,2020-06-01 01:03:55.314209
2017-11-04,13:45,49.9,34.7,55.6,0.0,SW@12.0,17.5,0.0,321,51.0,"Whitcomb (Whitcomb Island), Benton County",100125,Whitcomb,2020-06-01 01:03:55.314209
2017-11-04,14:00,48.6,34.0,56.9,0.0,SW@12.5,17.8,0.0,184,51.1,"Whitcomb (Whitcomb Island), Benton County",100125,Whitcomb,2020-06-01 01:03:55.314209
2017-11-04,14:15,48.8,33.4,55.2,0.0,SW@11.3,16.0,0.0,198,51.1,"Whitcomb (Whitcomb Island), Benton County",100125,Whitcomb,2020-06-01 01:03:55.314209
2017-11-04,14:30,49.3,33.6,54.5,0.0,SW@10.6,15.0,0.0,201,51.2,"Whitcomb (Whitcomb Island), Benton County",100125,Whitcomb,2020-06-01 01:03:55.314209
2017-11-04,14:45,49.6,33.3,53.4,0.0,SW@12.2,18.5,0.0,255,51.3,"Whitcomb (Whitcomb Island), Benton County",100125,Whitcomb,2020-06-01 01:03:55.314209
2017-11-04,15:00,49.2,32.5,52.2,0.0,SW@13.0,21.0,0.0,139,51.4,"Whitcomb (Whitcomb Island), Benton County",100125,Whitcomb,2020-06-01 01:03:55.314209
2017-11-04,15:15,49.4,30.4,47.6,0.0,SW@12.3,17.5,0.0,123,51.5,"Whitcomb (Whitcomb Island), Benton County",100125,Whitcomb,2020-06-01 01:03:55.314209
2017-11-04,15:30,50.0,30.8,47.5,0.0,SW@12.2,19.6,0.0,141,51.6,"Whitcomb (Whitcomb Island), Benton County",100125,Whitcomb,2020-06-01 01:03:55.314209
2017-11-04,15:45,49.7,30.4,47.1,0.0,SW@14.4,20.7,0.0,78,51.7,"Whitcomb (Whitcomb Island), Benton County",100125,Whitcomb,2020-06-01 01:03:55.314209
2017-11-04,16:00,49.2,31.1,49.4,0.0,SW@15.0,21.4,0.0,73,51.8,"Whitcomb (Whitcomb Island), Benton County",100125,Whitcomb,2020-06-01 01:03:55.314209
2017-11-04,16:15,49.1,31.8,51.2,0.0,W@15.6,22.8,0.0,64,51.9,"Whitcomb (Whitcomb Island), Benton County",100125,Whitcomb,2020-06-01 01:03:55.314209
2017-11-04,16:30,48.7,31.2,50.5,0.0,W@13.2,20.0,0.0,40,51.9,"Whitcomb (Whitcomb Island), Benton County",100125,Whitcomb,2020-06-01 01:03:55.314209
2017-11-04,16:45,48.5,31.5,51.6,0.0,SW@11.1,16.0,0.0,18,52.0,"Whitcomb (Whitcomb Island), Benton County",100125,Whitcomb,2020-06-01 01:03:55.314209
2017-11-04,17:00,48.2,31.1,51.4,0.0,SW@12.1,17.8,0.0,6,52.0,"Whitcomb (Whitcomb Island), Benton County",100125,Whitcomb,2020-06-01 01:03:55.314209
2017-11-04,17:15,48.0,31.6,52.9,0.0,SW@9.6,13.9,0.0,9,52.1,"Whitcomb (Whitcomb Island), Benton County",100125,Whitcomb,2020-06-01 01:03:55.314209
2017-11-04,17:30,47.7,31.4,53.0,0.0,SW@9.0,12.4,0.0,5,52.1,"Whitcomb (Whitcomb Island), Benton County",100125,Whitcomb,2020-06-01 01:03:55.314209
2017-11-04,17:45,47.6,31.5,53.4,0.0,SW@8.4,13.2,0.0,2,52.1,"Whitcomb (Whitcomb Island), Benton County",100125,Whitcomb,2020-06-01 01:03:55.314209
2017-11-04,18:00,47.6,31.7,53.8,0.0,SW@7.8,11.4,0.0,1,52.1,"Whitcomb (Whitcomb Island), Benton County",100125,Whitcomb,2020-06-01 01:03:55.314209
2017-11-04,18:15,47.4,31.7,54.4,0.0,W@6.2,9.2,0.0,0,52.2,"Whitcomb (Whitcomb Island), Benton County",100125,Whitcomb,2020-06-01 01:03:55.314209
2017-11-04,18:30,47.1,31.6,54.7,0.0,W@5.5,9.2,0.0,0,52.2,"Whitcomb (Whitcomb Island), Benton County",100125,Whitcomb,2020-06-01 01:03:55.314209
2017-11-04,18:45,46.8,31.6,55.3,0.0,W@4.2,8.5,0.0,0,52.2,"Whitcomb (Whitcomb Island), Benton County",100125,Whitcomb,2020-06-01 01:03:55.314209
2017-11-04,19:00,46.6,32.1,56.8,0.0,W@3.4,7.1,0.0,0,52.2,"Whitcomb (Whitcomb Island), Benton County",100125,Whitcomb,2020-06-01 01:03:55.314209
2017-11-04,19:15,46.4,32.2,57.3,0.0,SW@1.9,4.9,0.0,0,52.1,"Whitcomb (Whitcomb Island), Benton County",100125,Whitcomb,2020-06-01 01:03:55.314209
2017-11-04,19:30,46.2,32.9,59.3,0.0,E@2.9,6.7,0.0,0,52.1,"Whitcomb (Whitcomb Island), Benton County",100125,Whitcomb,2020-06-01 01:03:55.314209
2017-11-04,19:45,45.4,33.0,61.6,0.0,W@0.5,2.4,0.0,0,52.1,"Whitcomb (Whitcomb Island), Benton County",100125,Whitcomb,2020-06-01 01:03:55.314209
2017-11-04,20:00,44.2,32.6,63.5,0.0,NE@1.0,3.1,0.0,0,52.1,"Whitcomb (Whitcomb Island), Benton County",100125,Whitcomb,2020-06-01 01:03:55.314209
2017-11-04,20:15,44.0,34.2,68.2,0.0,E@2.3,3.9,0.0,0,52.1,"Whitcomb (Whitcomb Island), Benton County",100125,Whitcomb,2020-06-01 01:03:55.314209
2017-11-04,20:30,43.9,33.9,67.6,0.0,N@0.5,2.8,0.0,0,52.1,"Whitcomb (Whitcomb Island), Benton County",100125,Whitcomb,2020-06-01 01:03:55.314209
2017-11-04,20:45,43.0,34.3,71.3,0.0,N @1.3,2.4,0.0,0,52.0,"Whitcomb (Whitcomb Island), Benton County",100125,Whitcomb,2020-06-01 01:03:55.314209
2017-11-04,21:00,43.5,34.1,69.4,0.0,N @1.5,3.9,0.0,0,52.0,"Whitcomb (Whitcomb Island), Benton County",100125,Whitcomb,2020-06-01 01:03:55.314209
2017-11-04,21:15,42.7,35.0,74.1,0.0,SE@2.4,4.6,0.0,0,52.0,"Whitcomb (Whitcomb Island), Benton County",100125,Whitcomb,2020-06-01 01:03:55.314209
2017-11-04,21:30,42.2,34.8,75.0,0.0,N @1.4,2.8,0.0,0,52.0,"Whitcomb (Whitcomb Island), Benton County",100125,Whitcomb,2020-06-01 01:03:55.314209
2017-11-04,21:45,42.2,35.4,76.7,0.0,NE@2.7,3.9,0.0,0,51.9,"Whitcomb (Whitcomb Island), Benton County",100125,Whitcomb,2020-06-01 01:03:55.314209
2017-11-04,22:00,41.8,37.1,83.5,0.0,E@2.5,3.9,0.02,0,51.9,"Whitcomb (Whitcomb Island), Benton County",100125,Whitcomb,2020-06-01 01:03:55.314209
2017-11-04,22:15,41.3,36.4,82.6,0.0,NE@2.2,3.5,0.03,0,51.8,"Whitcomb (Whitcomb Island), Benton County",100125,Whitcomb,2020-06-01 01:03:55.314209
2017-11-04,22:30,41.0,35.5,80.6,0.0,NE@2.9,3.5,0.01,0,51.8,"Whitcomb (Whitcomb Island), Benton County",100125,Whitcomb,2020-06-01 01:03:55.314209
2017-11-04,22:45,40.6,36.5,85.2,0.0,NE@1.9,3.5,0.02,0,51.8,"Whitcomb (Whitcomb Island), Benton County",100125,Whitcomb,2020-06-01 01:03:55.314209
2017-11-04,23:00,41.9,37.7,84.9,0.0,NE@2.2,3.1,0.02,0,51.7,"Whitcomb (Whitcomb Island), Benton County",100125,Whitcomb,2020-06-01 01:03:55.314209
2017-11-04,23:15,42.0,38.5,87.4,0.0,NE@3.2,4.6,0.02,0,51.7,"Whitcomb (Whitcomb Island), Benton County",100125,Whitcomb,2020-06-01 01:03:55.314209
2017-11-04,23:30,41.2,38.7,90.7,0.0,NE@2.5,4.2,0.04,0,51.6,"Whitcomb (Whitcomb Island), Benton County",100125,Whitcomb,2020-06-01 01:03:55.314209
2017-11-04,23:45,40.9,38.8,91.9,0.0,NE@1.9,3.9,0.05,0,51.6,"Whitcomb (Whitcomb Island), Benton County",100125,Whitcomb,2020-06-01 01:03:55.314209
2017-11-04,24:00,41.7,38.7,89.0,0.0,NE@2.7,5.3,0.03,0,51.5,"Whitcomb (Whitcomb Island), Benton County",100125,Whitcomb,2020-06-01 01:03:55.314209
2017-11-05,00:15,42.1,38.7,87.6,0.0,NE@2.5,3.9,0.02,0,51.5,"Whitcomb (Whitcomb Island), Benton County",100125,Whitcomb,2020-06-01 01:03:55.314209
2017-11-05,00:30,41.9,39.0,89.3,0.0,E@1.1,3.1,0.05,0,51.4,"Whitcomb (Whitcomb Island), Benton County",100125,Whitcomb,2020-06-01 01:03:55.314209
2017-11-05,00:45,41.5,38.9,90.2,0.0,W@2.6,5.7,0.72,0,51.4,"Whitcomb (Whitcomb Island), Benton County",100125,Whitcomb,2020-06-01 01:03:55.314209
2017-11-05,01:00,42.0,40.0,92.4,0.0,W@2.6,5.3,1.0,0,51.4,"Whitcomb (Whitcomb Island), Benton County",100125,Whitcomb,2020-06-01 01:03:55.314209
2017-11-05,01:15,42.0,40.1,92.9,0.02,SE@1.8,4.2,1.0,0,51.3,"Whitcomb (Whitcomb Island), Benton County",100125,Whitcomb,2020-06-01 01:03:55.314209
2017-11-05,01:30,41.5,40.4,95.8,0.0,E@2.6,3.5,1.0,0,51.3,"Whitcomb (Whitcomb Island), Benton County",100125,Whitcomb,2020-06-01 01:03:55.314209
2017-11-05,01:45,41.8,40.3,94.4,0.0,NE@2.5,3.1,1.0,0,51.3,"Whitcomb (Whitcomb Island), Benton County",100125,Whitcomb,2020-06-01 01:03:55.314209
2017-11-05,01:00,41.4,41.0,98.6,0.01,NE@1.8,3.9,1.0,0,51.2,"Whitcomb (Whitcomb Island), Benton County",100125,Whitcomb,2020-06-01 01:03:55.314209
2017-11-05,01:15,41.6,41.4,99.2,0.0,N@1.3,3.9,1.0,0,51.2,"Whitcomb (Whitcomb Island), Benton County",100125,Whitcomb,2020-06-01 01:03:55.314209
2017-11-05,01:30,41.6,40.8,96.7,0.0,NE@0.4,2.4,1.0,0,51.2,"Whitcomb (Whitcomb Island), Benton County",100125,Whitcomb,2020-06-01 01:03:55.314209
2017-11-05,01:45,41.6,39.7,93.1,0.0,E@2.9,3.9,1.0,0,51.2,"Whitcomb (Whitcomb Island), Benton County",100125,Whitcomb,2020-06-01 01:03:55.314209
2017-11-05,02:00,41.4,39.7,93.6,0.0,NE@1.7,2.8,1.0,0,51.1,"Whitcomb (Whitcomb Island), Benton County",100125,Whitcomb,2020-06-01 01:03:55.314209
2017-11-05,02:15,40.6,40.1,98.1,0.0,NW@0.4,2.4,1.0,0,51.1,"Whitcomb (Whitcomb Island), Benton County",100125,Whitcomb,2020-06-01 01:03:55.314209
2017-11-05,02:30,41.2,40.8,98.7,0.0,NE@1.9,3.1,1.0,0,51.1,"Whitcomb (Whitcomb Island), Benton County",100125,Whitcomb,2020-06-01 01:03:55.314209
2017-11-05,02:45,41.6,40.7,96.5,0.0,NE@3.1,3.9,1.0,0,51.1,"Whitcomb (Whitcomb Island), Benton County",100125,Whitcomb,2020-06-01 01:03:55.314209
2017-11-05,03:00,41.7,40.5,95.6,0.0,E@3.3,4.6,1.0,0,51.0,"Whitcomb (Whitcomb Island), Benton County",100125,Whitcomb,2020-06-01 01:03:55.314209
2017-11-05,03:15,41.4,40.7,97.1,0.0,E@2.5,3.9,1.0,0,51.0,"Whitcomb (Whitcomb Island), Benton County",100125,Whitcomb,2020-06-01 01:03:55.314209
2017-11-05,03:30,41.5,40.3,95.7,0.0,NE@3.1,4.9,1.0,0,51.0,"Whitcomb (Whitcomb Island), Benton County",100125,Whitcomb,2020-06-01 01:03:55.314209
2017-11-05,03:45,41.9,39.8,92.3,0.0,NE@2.8,5.3,1.0,0,51.0,"Whitcomb (Whitcomb Island), Benton County",100125,Whitcomb,2020-06-01 01:03:55.314209
2017-11-05,04:00,41.4,40.6,97.0,0.0,NE@2.9,4.9,1.0,0,50.9,"Whitcomb (Whitcomb Island), Benton County",100125,Whitcomb,2020-06-01 01:03:55.314209
2017-11-05,04:15,40.4,40.1,98.7,0.0,N @3.1,4.2,1.0,0,50.9,"Whitcomb (Whitcomb Island), Benton County",100125,Whitcomb,2020-06-01 01:03:55.314209
2017-11-05,04:30,40.3,40.1,99.2,0.0,NE@2.0,4.2,1.0,0,50.9,"Whitcomb (Whitcomb Island), Benton County",100125,Whitcomb,2020-06-01 01:03:55.314209
2017-11-05,04:45,40.2,40.0,99.2,0.0,NE@2.7,3.5,1.0,0,50.8,"Whitcomb (Whitcomb Island), Benton County",100125,Whitcomb,2020-06-01 01:03:55.314209
2017-11-05,05:00,40.5,40.3,99.2,0.0,E@2.4,3.5,1.0,0,50.8,"Whitcomb (Whitcomb Island), Benton County",100125,Whitcomb,2020-06-01 01:03:55.314209
2017-11-05,05:15,40.2,39.9,99.0,0.0,NE@3.4,4.9,1.0,0,50.8,"Whitcomb (Whitcomb Island), Benton County",100125,Whitcomb,2020-06-01 01:03:55.314209
2017-11-05,05:30,39.6,39.4,99.2,0.0,NE@2.4,3.1,1.0,0,50.7,"Whitcomb (Whitcomb Island), Benton County",100125,Whitcomb,2020-06-01 01:03:55.314209
2017-11-05,05:45,40.0,39.8,99.2,0.0,NE@2.3,3.9,1.0,0,50.7,"Whitcomb (Whitcomb Island), Benton County",100125,Whitcomb,2020-06-01 01:03:55.314209
2017-11-05,06:00,40.8,40.6,99.2,0.0,NE@1.3,3.5,1.0,0,50.7,"Whitcomb (Whitcomb Island), Benton County",100125,Whitcomb,2020-06-01 01:03:55.314209
2017-11-05,06:15,40.9,40.7,99.2,0.0,NE@2.2,4.6,1.0,0,50.6,"Whitcomb (Whitcomb Island), Benton County",100125,Whitcomb,2020-06-01 01:03:55.314209
2017-11-05,06:30,41.0,40.8,99.2,0.02,NE@3.7,4.9,1.0,0,50.6,"Whitcomb (Whitcomb Island), Benton County",100125,Whitcomb,2020-06-01 01:03:55.314209
2017-11-05,06:45,41.4,41.2,99.2,0.0,NE@3.6,5.7,1.0,2,50.6,"Whitcomb (Whitcomb Island), Benton County",100125,Whitcomb,2020-06-01 01:03:55.314209
2017-11-05,07:00,41.4,41.2,99.2,0.0,NE@3.6,5.7,1.0,10,50.5,"Whitcomb (Whitcomb Island), Benton County",100125,Whitcomb,2020-06-01 01:03:55.314209
2017-11-05,07:15,41.8,41.5,99.1,0.0,NE@4.4,6.7,1.0,13,50.5,"Whitcomb (Whitcomb Island), Benton County",100125,Whitcomb,2020-06-01 01:03:55.314209
2017-11-05,07:30,41.2,40.6,97.5,0.0,NE@4.4,6.7,1.0,20,50.5,"Whitcomb (Whitcomb Island), Benton County",100125,Whitcomb,2020-06-01 01:03:55.314209
2017-11-05,07:45,39.8,39.1,97.3,0.0,N @4.0,6.7,1.0,31,50.4,"Whitcomb (Whitcomb Island), Benton County",100125,Whitcomb,2020-06-01 01:03:55.314209
2017-11-05,08:00,39.6,38.6,96.2,0.0,N @6.1,8.9,1.0,59,50.4,"Whitcomb (Whitcomb Island), Benton County",100125,Whitcomb,2020-06-01 01:03:55.314209
2017-11-05,08:15,39.6,38.4,95.4,0.0,N @5.4,7.4,1.0,101,50.4,"Whitcomb (Whitcomb Island), Benton County",100125,Whitcomb,2020-06-01 01:03:55.314209
2017-11-05,08:30,39.7,38.2,94.4,0.0,N@4.8,8.9,1.0,110,50.4,"Whitcomb (Whitcomb Island), Benton County",100125,Whitcomb,2020-06-01 01:03:55.314209
2017-11-05,08:45,40.7,38.7,92.4,0.0,N @4.7,6.7,1.0,241,50.4,"Whitcomb (Whitcomb Island), Benton County",100125,Whitcomb,2020-06-01 01:03:55.314209
2017-11-05,09:00,41.7,38.7,88.9,0.0,N @4.4,7.8,0.97,213,50.3,"Whitcomb (Whitcomb Island), Benton County",100125,Whitcomb,2020-06-01 01:03:55.314209
2017-11-05,09:15,41.6,38.7,89.3,0.0,NE@3.9,6.0,0.24,144,50.3,"Whitcomb (Whitcomb Island), Benton County",100125,Whitcomb,2020-06-01 01:03:55.314209
2017-11-05,09:30,41.5,38.5,89.0,0.0,N @4.4,6.4,0.02,157,50.3,"Whitcomb (Whitcomb Island), Benton County",100125,Whitcomb,2020-06-01 01:03:55.314209
2017-11-05,09:45,41.8,38.8,89.1,0.0,N @4.1,6.0,0.01,192,50.4,"Whitcomb (Whitcomb Island), Benton County",100125,Whitcomb,2020-06-01 01:03:55.314209
2017-11-05,10:00,42.2,38.6,87.0,0.0,NE@3.9,6.0,0.01,213,50.4,"Whitcomb (Whitcomb Island), Benton County",100125,Whitcomb,2020-06-01 01:03:55.314209
2017-11-05,10:15,43.5,39.5,85.5,0.0,NE@5.6,8.2,0.0,359,50.4,"Whitcomb (Whitcomb Island), Benton County",100125,Whitcomb,2020-06-01 01:03:55.314209
2017-11-05,10:30,44.8,39.7,82.0,0.0,NE@6.0,9.6,0.0,422,50.5,"Whitcomb (Whitcomb Island), Benton County",100125,Whitcomb,2020-06-01 01:03:55.314209
2017-11-05,10:45,44.5,39.5,82.5,0.0,NE@5.2,7.8,0.0,276,50.5,"Whitcomb (Whitcomb Island), Benton County",100125,Whitcomb,2020-06-01 01:03:55.314209
2017-11-05,11:00,44.3,39.8,84.0,0.0,NE@5.2,7.8,0.24,172,50.6,"Whitcomb (Whitcomb Island), Benton County",100125,Whitcomb,2020-06-01 01:03:55.314209
2017-11-05,11:15,43.6,39.8,86.4,0.0,NE@5.3,7.4,1.0,88,50.7,"Whitcomb (Whitcomb Island), Benton County",100125,Whitcomb,2020-06-01 01:03:55.314209
2017-11-05,11:30,42.8,40.1,90.0,0.0,N @6.0,8.5,1.0,123,50.8,"Whitcomb (Whitcomb Island), Benton County",100125,Whitcomb,2020-06-01 01:03:55.314209
2017-11-05,11:45,43.6,40.7,89.5,0.0,N @6.6,8.9,1.0,233,50.8,"Whitcomb (Whitcomb Island), Benton County",100125,Whitcomb,2020-06-01 01:03:55.314209
2017-11-05,12:00,44.9,41.2,86.5,0.0,N @7.5,12.4,1.0,364,50.9,"Whitcomb (Whitcomb Island), Benton County",100125,Whitcomb,2020-06-01 01:03:55.314209
2017-11-05,12:15,44.0,39.7,84.7,0.0,N @8.5,11.7,1.0,288,51.0,"Whitcomb (Whitcomb Island), Benton County",100125,Whitcomb,2020-06-01 01:03:55.314209
2017-11-05,12:30,44.1,39.5,83.9,0.0,N @7.0,10.3,1.0,342,51.1,"Whitcomb (Whitcomb Island), Benton County",100125,Whitcomb,2020-06-01 01:03:55.314209
2017-11-05,12:45,45.5,39.1,78.2,0.0,N @7.2,9.6,0.71,450,51.2,"Whitcomb (Whitcomb Island), Benton County",100125,Whitcomb,2020-06-01 01:03:55.314209
2017-11-05,13:00,45.8,38.8,76.1,0.0,N @7.7,10.7,0.0,438,51.2,"Whitcomb (Whitcomb Island), Benton County",100125,Whitcomb,2020-06-01 01:03:55.314209
2017-11-05,13:15,45.9,38.7,75.8,0.0,N @7.3,11.4,0.0,379,51.3,"Whitcomb (Whitcomb Island), Benton County",100125,Whitcomb,2020-06-01 01:03:55.314209
2017-11-05,13:30,46.3,38.6,74.6,0.0,NE@6.1,9.6,0.0,390,51.4,"Whitcomb (Whitcomb Island), Benton County",100125,Whitcomb,2020-06-01 01:03:55.314209
2017-11-05,13:45,46.3,38.1,72.9,0.0,N @5.3,8.9,0.0,300,51.5,"Whitcomb (Whitcomb Island), Benton County",100125,Whitcomb,2020-06-01 01:03:55.314209
2017-11-05,14:00,45.3,37.8,74.6,0.0,N @4.6,8.2,0.0,157,51.6,"Whitcomb (Whitcomb Island), Benton County",100125,Whitcomb,2020-06-01 01:03:55.314209
2017-11-05,14:15,45.2,38.2,76.2,0.0,E@4.2,6.7,0.0,152,51.7,"Whitcomb (Whitcomb Island), Benton County",100125,Whitcomb,2020-06-01 01:03:55.314209
2017-11-05,14:30,44.6,38.4,78.8,0.0,E@4.2,7.4,0.01,53,51.8,"Whitcomb (Whitcomb Island), Benton County",100125,Whitcomb,2020-06-01 01:03:55.314209
2017-11-05,14:45,45.1,38.1,76.3,0.0,NE@4.2,6.7,0.01,152,51.9,"Whitcomb (Whitcomb Island), Benton County",100125,Whitcomb,2020-06-01 01:03:55.314209
2017-11-05,15:00,46.1,37.9,73.1,0.0,NE@6.3,10.7,0.03,242,51.9,"Whitcomb (Whitcomb Island), Benton County",100125,Whitcomb,2020-06-01 01:03:55.314209
2017-11-05,15:15,43.0,36.8,78.3,0.0,N @8.5,12.1,0.0,104,52.0,"Whitcomb (Whitcomb Island), Benton County",100125,Whitcomb,2020-06-01 01:03:55.314209
2017-11-05,15:30,41.6,36.0,80.3,0.0,NE@7.2,10.3,0.0,56,52.1,"Whitcomb (Whitcomb Island), Benton County",100125,Whitcomb,2020-06-01 01:03:55.314209
2017-11-05,15:45,41.7,36.2,80.4,0.0,NE@5.7,8.9,0.11,38,52.1,"Whitcomb (Whitcomb Island), Benton County",100125,Whitcomb,2020-06-01 01:03:55.314209
2017-11-05,16:00,41.3,36.1,81.4,0.0,NE@5.3,8.5,0.12,13,52.2,"Whitcomb (Whitcomb Island), Benton County",100125,Whitcomb,2020-06-01 01:03:55.314209
2017-11-05,16:15,40.8,36.3,83.8,0.0,NE@5.1,7.4,0.79,21,52.2,"Whitcomb (Whitcomb Island), Benton County",100125,Whitcomb,2020-06-01 01:03:55.314209
2017-11-05,16:30,40.9,37.2,86.6,0.0,E@6.5,9.2,0.34,6,52.2,"Whitcomb (Whitcomb Island), Benton County",100125,Whitcomb,2020-06-01 01:03:55.314209
2017-11-05,16:45,40.6,37.3,87.9,0.0,E@5.6,8.2,0.0,3,52.2,"Whitcomb (Whitcomb Island), Benton County",100125,Whitcomb,2020-06-01 01:03:55.314209
2017-11-05,17:00,40.0,36.5,87.2,0.0,N @4.2,6.7,0.0,0,52.2,"Whitcomb (Whitcomb Island), Benton County",100125,Whitcomb,2020-06-01 01:03:55.314209
2017-11-05,17:15,39.4,36.0,87.8,0.0,E@4.0,5.7,0.0,0,52.1,"Whitcomb (Whitcomb Island), Benton County",100125,Whitcomb,2020-06-01 01:03:55.314209
2017-11-05,17:30,38.8,36.1,89.7,0.0,E@3.1,6.7,0.0,0,52.1,"Whitcomb (Whitcomb Island), Benton County",100125,Whitcomb,2020-06-01 01:03:55.314209
2017-11-05,17:45,39.1,36.1,88.9,0.0,E@5.0,9.2,0.0,0,52.0,"Whitcomb (Whitcomb Island), Benton County",100125,Whitcomb,2020-06-01 01:03:55.314209
2017-11-05,18:00,38.7,36.4,91.4,0.0,E@5.6,7.8,0.01,0,52.0,"Whitcomb (Whitcomb Island), Benton County",100125,Whitcomb,2020-06-01 01:03:55.314209
2017-11-05,18:15,38.8,36.5,91.4,0.0,E@3.8,6.4,0.01,0,52.0,"Whitcomb (Whitcomb Island), Benton County",100125,Whitcomb,2020-06-01 01:03:55.314209
2017-11-05,18:30,38.5,36.3,91.6,0.0,E@3.8,5.3,0.01,0,51.9,"Whitcomb (Whitcomb Island), Benton County",100125,Whitcomb,2020-06-01 01:03:55.314209
2017-11-05,18:45,38.7,36.3,91.1,0.0,NE@3.0,5.3,0.01,0,51.8,"Whitcomb (Whitcomb Island), Benton County",100125,Whitcomb,2020-06-01 01:03:55.314209
2017-11-05,19:00,37.8,35.2,89.9,0.0,N @4.1,6.4,0.01,0,51.8,"Whitcomb (Whitcomb Island), Benton County",100125,Whitcomb,2020-06-01 01:03:55.314209
2017-11-05,19:15,36.5,34.5,92.1,0.0,N @3.7,4.9,0.04,0,51.7,"Whitcomb (Whitcomb Island), Benton County",100125,Whitcomb,2020-06-01 01:03:55.314209
2017-11-05,19:30,35.9,34.2,93.6,0.0,N @2.8,4.2,0.06,0,51.6,"Whitcomb (Whitcomb Island), Benton County",100125,Whitcomb,2020-06-01 01:03:55.314209
2017-11-05,19:45,35.4,34.1,94.8,0.0,N @3.4,5.3,0.12,0,51.6,"Whitcomb (Whitcomb Island), Benton County",100125,Whitcomb,2020-06-01 01:03:55.314209
2017-11-05,20:00,36.2,34.9,94.6,0.0,N@3.1,5.3,0.08,0,51.5,"Whitcomb (Whitcomb Island), Benton County",100125,Whitcomb,2020-06-01 01:03:55.314209
2017-11-05,20:15,37.5,34.9,90.0,0.0,N@4.3,6.4,0.01,0,51.4,"Whitcomb (Whitcomb Island), Benton County",100125,Whitcomb,2020-06-01 01:03:55.314209
2017-11-05,20:30,37.7,34.4,87.7,0.0,N@4.4,6.4,0.0,0,51.3,"Whitcomb (Whitcomb Island), Benton County",100125,Whitcomb,2020-06-01 01:03:55.314209
2017-11-05,20:45,37.7,34.1,86.5,0.0,N@5.6,8.9,0.0,0,51.2,"Whitcomb (Whitcomb Island), Benton County",100125,Whitcomb,2020-06-01 01:03:55.314209
2017-11-05,21:00,37.6,33.7,85.6,0.0,N@6.2,8.5,0.0,0,51.2,"Whitcomb (Whitcomb Island), Benton County",100125,Whitcomb,2020-06-01 01:03:55.314209
2017-11-05,21:15,37.5,33.4,85.0,0.0,N@6.4,9.6,0.0,0,51.1,"Whitcomb (Whitcomb Island), Benton County",100125,Whitcomb,2020-06-01 01:03:55.314209
2017-11-05,21:30,37.4,33.2,84.9,0.0,N@6.7,10.3,0.0,0,51.0,"Whitcomb (Whitcomb Island), Benton County",100125,Whitcomb,2020-06-01 01:03:55.314209
2017-11-05,21:45,37.1,33.4,86.1,0.0,N @5.6,8.5,0.0,0,50.9,"Whitcomb (Whitcomb Island), Benton County",100125,Whitcomb,2020-06-01 01:03:55.314209
2017-11-05,22:00,36.9,33.5,87.1,0.0,N @6.7,9.6,0.0,0,50.9,"Whitcomb (Whitcomb Island), Benton County",100125,Whitcomb,2020-06-01 01:03:55.314209
2017-11-05,22:15,37.1,33.4,86.3,0.0,N @6.2,9.6,0.0,0,50.8,"Whitcomb (Whitcomb Island), Benton County",100125,Whitcomb,2020-06-01 01:03:55.314209
2017-11-05,22:30,37.2,33.2,85.2,0.0,N @5.8,8.9,0.0,0,50.7,"Whitcomb (Whitcomb Island), Benton County",100125,Whitcomb,2020-06-01 01:03:55.314209
2017-11-05,22:45,37.2,33.2,85.3,0.0,N @5.2,7.4,0.0,0,50.7,"Whitcomb (Whitcomb Island), Benton County",100125,Whitcomb,2020-06-01 01:03:55.314209
2017-11-05,23:00,37.3,33.2,84.9,0.0,N @5.6,8.5,0.0,0,50.6,"Whitcomb (Whitcomb Island), Benton County",100125,Whitcomb,2020-06-01 01:03:55.314209
2017-11-05,23:15,37.4,33.2,84.5,0.0,N @4.9,7.4,0.0,0,50.5,"Whitcomb (Whitcomb Island), Benton County",100125,Whitcomb,2020-06-01 01:03:55.314209
2017-11-05,23:30,37.3,33.6,86.4,0.0,E@5.1,8.2,0.0,0,50.5,"Whitcomb (Whitcomb Island), Benton County",100125,Whitcomb,2020-06-01 01:03:55.314209
2017-11-05,23:45,37.3,33.7,86.6,0.0,NE@4.0,6.0,0.0,0,50.4,"Whitcomb (Whitcomb Island), Benton County",100125,Whitcomb,2020-06-01 01:03:55.314209
2017-11-05,24:00,37.3,33.9,87.2,0.0,NE@3.4,4.9,0.0,0,50.3,"Whitcomb (Whitcomb Island), Benton County",100125,Whitcomb,2020-06-01 01:03:55.314209
2017-11-06,00:15,37.3,33.9,87.4,0.0,NE@3.9,5.7,0.0,0,50.3,"Whitcomb (Whitcomb Island), Benton County",100125,Whitcomb,2020-06-01 01:03:55.314209
2017-11-06,00:30,37.3,33.9,87.4,0.0,NE@3.5,5.3,0.0,0,50.2,"Whitcomb (Whitcomb Island), Benton County",100125,Whitcomb,2020-06-01 01:03:55.314209
2017-11-06,00:45,37.5,33.6,85.6,0.0,NE@3.2,4.9,0.0,0,50.2,"Whitcomb (Whitcomb Island), Benton County",100125,Whitcomb,2020-06-01 01:03:55.314209
2017-11-06,01:00,37.4,33.5,85.4,0.0,NE@3.6,4.9,0.0,0,50.1,"Whitcomb (Whitcomb Island), Benton County",100125,Whitcomb,2020-06-01 01:03:55.314209
2017-11-06,01:15,37.4,33.7,86.3,0.0,NE@3.2,4.6,0.0,0,50.1,"Whitcomb (Whitcomb Island), Benton County",100125,Whitcomb,2020-06-01 01:03:55.314209
2017-11-06,01:30,37.4,33.9,87.2,0.0,E@2.6,4.2,0.0,0,50.0,"Whitcomb (Whitcomb Island), Benton County",100125,Whitcomb,2020-06-01 01:03:55.314209
2017-11-06,01:45,37.7,33.3,84.1,0.0,NE@2.2,3.1,0.0,0,50.0,"Whitcomb (Whitcomb Island), Benton County",100125,Whitcomb,2020-06-01 01:03:55.314209
2017-11-06,02:00,37.8,34.0,86.1,0.0,E@2.5,3.9,0.0,0,49.9,"Whitcomb (Whitcomb Island), Benton County",100125,Whitcomb,2020-06-01 01:03:55.314209
2017-11-06,02:15,38.0,33.9,84.9,0.0,NE@2.4,3.1,0.0,0,49.9,"Whitcomb (Whitcomb Island), Benton County",100125,Whitcomb,2020-06-01 01:03:55.314209
2017-11-06,02:30,38.1,34.5,86.7,0.0,NE@0.7,3.1,0.0,0,49.9,"Whitcomb (Whitcomb Island), Benton County",100125,Whitcomb,2020-06-01 01:03:55.314209
2017-11-06,02:45,38.0,33.7,84.3,0.0,NE@0.9,2.8,0.0,0,49.8,"Whitcomb (Whitcomb Island), Benton County",100125,Whitcomb,2020-06-01 01:03:55.314209
2017-11-06,03:00,37.9,33.2,82.8,0.0,E@2.4,3.1,0.0,0,49.8,"Whitcomb (Whitcomb Island), Benton County",100125,Whitcomb,2020-06-01 01:03:55.314209
2017-11-06,03:15,38.1,33.7,83.9,0.0,E@1.6,3.5,0.0,0,49.7,"Whitcomb (Whitcomb Island), Benton County",100125,Whitcomb,2020-06-01 01:03:55.314209
2017-11-06,03:30,38.2,34.8,87.2,0.0,E@1.4,3.5,0.0,0,49.7,"Whitcomb (Whitcomb Island), Benton County",100125,Whitcomb,2020-06-01 01:03:55.314209
2017-11-06,03:45,38.1,35.5,90.1,0.0,E@0.6,2.8,0.0,0,49.7,"Whitcomb (Whitcomb Island), Benton County",100125,Whitcomb,2020-06-01 01:03:55.314209
2017-11-06,04:00,38.0,36.1,92.9,0.0,E@2.2,3.9,0.01,0,49.6,"Whitcomb (Whitcomb Island), Benton County",100125,Whitcomb,2020-06-01 01:03:55.314209
2017-11-06,04:15,37.9,36.2,93.2,0.0,E@2.7,4.2,0.01,0,49.6,"Whitcomb (Whitcomb Island), Benton County",100125,Whitcomb,2020-06-01 01:03:55.314209
2017-11-06,04:30,38.0,36.2,93.3,0.0,SE@3.5,4.9,0.01,0,49.6,"Whitcomb (Whitcomb Island), Benton County",100125,Whitcomb,2020-06-01 01:03:55.314209
2017-11-06,04:45,38.2,36.1,92.2,0.0,E@2.9,4.6,0.01,0,49.6,"Whitcomb (Whitcomb Island), Benton County",100125,Whitcomb,2020-06-01 01:03:55.314209
2017-11-06,05:00,38.3,36.4,92.8,0.0,NE@2.6,5.3,0.01,0,49.5,"Whitcomb (Whitcomb Island), Benton County",100125,Whitcomb,2020-06-01 01:03:55.314209
2017-11-06,05:15,38.4,35.5,89.1,0.0,NE@1.6,4.6,0.0,0,49.5,"Whitcomb (Whitcomb Island), Benton County",100125,Whitcomb,2020-06-01 01:03:55.314209
2017-11-06,05:30,38.2,35.8,91.0,0.0,E@3.1,5.3,0.0,0,49.5,"Whitcomb (Whitcomb Island), Benton County",100125,Whitcomb,2020-06-01 01:03:55.314209
2017-11-06,05:45,37.9,35.7,91.5,0.0,E@3.6,6.4,0.0,0,49.5,"Whitcomb (Whitcomb Island), Benton County",100125,Whitcomb,2020-06-01 01:03:55.314209
2017-11-06,06:00,37.9,34.5,87.5,0.0,E@2.2,4.9,0.0,0,49.4,"Whitcomb (Whitcomb Island), Benton County",100125,Whitcomb,2020-06-01 01:03:55.314209
2017-11-06,06:15,37.9,34.1,86.0,0.0,E@2.3,4.2,0.0,0,49.4,"Whitcomb (Whitcomb Island), Benton County",100125,Whitcomb,2020-06-01 01:03:55.314209
2017-11-06,06:30,37.9,33.1,82.6,0.0,N@0.6,3.5,0.0,0,49.4,"Whitcomb (Whitcomb Island), Benton County",100125,Whitcomb,2020-06-01 01:03:55.314209
2017-11-06,06:45,37.7,31.8,79.0,0.0,N @0.0,0.0,0.0,2,49.4,"Whitcomb (Whitcomb Island), Benton County",100125,Whitcomb,2020-06-01 01:03:55.314209
2017-11-06,07:00,37.3,32.3,82.0,0.0,N @1.2,3.1,0.0,4,49.3,"Whitcomb (Whitcomb Island), Benton County",100125,Whitcomb,2020-06-01 01:03:55.314209
2017-11-06,07:15,36.7,32.2,83.8,0.0,N @2.8,3.9,0.0,9,49.3,"Whitcomb (Whitcomb Island), Benton County",100125,Whitcomb,2020-06-01 01:03:55.314209
2017-11-06,07:30,36.3,32.1,84.5,0.0,N@3.7,5.7,0.0,15,49.3,"Whitcomb (Whitcomb Island), Benton County",100125,Whitcomb,2020-06-01 01:03:55.314209
2017-11-06,07:45,36.3,32.2,85.1,0.0,N@3.3,7.8,0.0,46,49.3,"Whitcomb (Whitcomb Island), Benton County",100125,Whitcomb,2020-06-01 01:03:55.314209
2017-11-06,08:00,36.5,30.3,77.9,0.0,N@4.8,6.7,0.0,79,49.2,"Whitcomb (Whitcomb Island), Benton County",100125,Whitcomb,2020-06-01 01:03:55.314209
2017-11-06,08:15,37.3,30.4,75.8,0.0,N@4.2,6.0,0.0,91,49.2,"Whitcomb (Whitcomb Island), Benton County",100125,Whitcomb,2020-06-01 01:03:55.314209
2017-11-06,08:30,38.6,29.8,70.2,0.0,N @4.1,6.0,0.0,159,49.2,"Whitcomb (Whitcomb Island), Benton County",100125,Whitcomb,2020-06-01 01:03:55.314209
2017-11-06,08:45,39.2,29.0,66.4,0.0,N @5.0,7.1,0.0,150,49.2,"Whitcomb (Whitcomb Island), Benton County",100125,Whitcomb,2020-06-01 01:03:55.314209
2017-11-06,09:00,39.8,29.3,65.9,0.0,NE@5.1,7.4,0.0,249,49.2,"Whitcomb (Whitcomb Island), Benton County",100125,Whitcomb,2020-06-01 01:03:55.314209
2017-11-06,09:15,40.1,29.5,65.6,0.0,NE@5.0,7.1,0.0,234,49.1,"Whitcomb (Whitcomb Island), Benton County",100125,Whitcomb,2020-06-01 01:03:55.314209
2017-11-06,09:30,40.7,29.4,63.8,0.0,NE@3.6,5.3,0.0,226,49.1,"Whitcomb (Whitcomb Island), Benton County",100125,Whitcomb,2020-06-01 01:03:55.314209
2017-11-06,09:45,40.8,29.1,62.9,0.0,E@3.9,6.4,0.0,203,49.2,"Whitcomb (Whitcomb Island), Benton County",100125,Whitcomb,2020-06-01 01:03:55.314209
2017-11-06,10:00,41.3,29.4,62.2,0.0,E@4.6,7.4,0.0,273,49.2,"Whitcomb (Whitcomb Island), Benton County",100125,Whitcomb,2020-06-01 01:03:55.314209
2017-11-06,10:15,42.4,29.5,60.1,0.0,E@4.2,7.4,0.0,381,49.2,"Whitcomb (Whitcomb Island), Benton County",100125,Whitcomb,2020-06-01 01:03:55.314209
2017-11-06,10:30,43.2,30.2,59.7,0.0,SE@4.8,8.5,0.0,420,49.3,"Whitcomb (Whitcomb Island), Benton County",100125,Whitcomb,2020-06-01 01:03:55.314209
2017-11-06,10:45,43.3,30.1,59.4,0.0,E@5.2,8.9,0.0,437,49.3,"Whitcomb (Whitcomb Island), Benton County",100125,Whitcomb,2020-06-01 01:03:55.314209
2017-11-06,11:00,43.2,29.8,59.0,0.0,E@5.9,8.9,0.0,448,49.4,"Whitcomb (Whitcomb Island), Benton County",100125,Whitcomb,2020-06-01 01:03:55.314209
2017-11-06,11:15,44.0,30.0,57.6,0.0,E@5.6,9.2,0.0,464,49.5,"Whitcomb (Whitcomb Island), Benton County",100125,Whitcomb,2020-06-01 01:03:55.314209
2017-11-06,11:30,43.6,29.6,57.4,0.0,E@6.4,9.9,0.0,366,49.6,"Whitcomb (Whitcomb Island), Benton County",100125,Whitcomb,2020-06-01 01:03:55.314209
2017-11-06,11:45,42.7,29.9,60.2,0.0,E@6.1,9.6,0.0,258,49.7,"Whitcomb (Whitcomb Island), Benton County",100125,Whitcomb,2020-06-01 01:03:55.314209
2017-11-06,12:00,43.8,29.6,57.0,0.0,E@6.0,9.2,0.0,356,49.8,"Whitcomb (Whitcomb Island), Benton County",100125,Whitcomb,2020-06-01 01:03:55.314209
2017-11-06,12:15,44.0,29.7,56.9,0.0,E@5.7,8.2,0.0,330,49.9,"Whitcomb (Whitcomb Island), Benton County",100125,Whitcomb,2020-06-01 01:03:55.314209
2017-11-06,12:30,44.3,28.8,54.3,0.0,E@5.7,8.2,0.0,372,50.0,"Whitcomb (Whitcomb Island), Benton County",100125,Whitcomb,2020-06-01 01:03:55.314209
2017-11-06,12:45,44.8,28.4,52.4,0.0,E@5.3,7.8,0.0,398,50.1,"Whitcomb (Whitcomb Island), Benton County",100125,Whitcomb,2020-06-01 01:03:55.314209
2017-11-06,13:00,45.4,26.8,47.8,0.0,E@5.8,9.2,0.0,425,50.3,"Whitcomb (Whitcomb Island), Benton County",100125,Whitcomb,2020-06-01 01:03:55.314209
2017-11-06,13:15,45.9,27.2,47.6,0.0,E@6.2,10.3,0.0,450,50.4,"Whitcomb (Whitcomb Island), Benton County",100125,Whitcomb,2020-06-01 01:03:55.314209
2017-11-06,13:30,45.9,26.5,46.3,0.0,E@6.1,11.0,0.0,395,50.5,"Whitcomb (Whitcomb Island), Benton County",100125,Whitcomb,2020-06-01 01:03:55.314209
2017-11-06,13:45,45.9,26.3,46.0,0.0,E@6.8,9.9,0.0,347,50.7,"Whitcomb (Whitcomb Island), Benton County",100125,Whitcomb,2020-06-01 01:03:55.314209
2017-11-06,14:00,46.1,26.2,45.5,0.0,NE@6.2,8.9,0.0,355,50.8,"Whitcomb (Whitcomb Island), Benton County",100125,Whitcomb,2020-06-01 01:03:55.314209
2017-11-06,14:15,46.4,26.3,45.1,0.0,NE@5.9,9.6,0.0,325,50.9,"Whitcomb (Whitcomb Island), Benton County",100125,Whitcomb,2020-06-01 01:03:55.314209
2017-11-06,14:30,46.3,26.3,45.4,0.0,NE@5.9,9.9,0.0,272,51.0,"Whitcomb (Whitcomb Island), Benton County",100125,Whitcomb,2020-06-01 01:03:55.314209
2017-11-06,14:45,44.0,26.7,50.2,0.0,NE@5.2,8.9,0.0,127,51.2,"Whitcomb (Whitcomb Island), Benton County",100125,Whitcomb,2020-06-01 01:03:55.314209
2017-11-06,15:00,45.5,26.9,47.7,0.0,NE@5.5,8.5,0.0,241,51.2,"Whitcomb (Whitcomb Island), Benton County",100125,Whitcomb,2020-06-01 01:03:55.314209
2017-11-06,15:15,45.1,26.5,47.8,0.0,NE@6.5,9.2,0.0,194,51.3,"Whitcomb (Whitcomb Island), Benton County",100125,Whitcomb,2020-06-01 01:03:55.314209
2017-11-06,15:30,44.5,26.5,48.9,0.0,NE@6.4,9.9,0.0,158,51.4,"Whitcomb (Whitcomb Island), Benton County",100125,Whitcomb,2020-06-01 01:03:55.314209
2017-11-06,15:45,43.8,26.7,50.7,0.0,NE@6.0,9.2,0.0,123,51.5,"Whitcomb (Whitcomb Island), Benton County",100125,Whitcomb,2020-06-01 01:03:55.314209
2017-11-06,16:00,42.6,27.2,54.1,0.0,NE@7.0,10.3,0.0,87,51.5,"Whitcomb (Whitcomb Island), Benton County",100125,Whitcomb,2020-06-01 01:03:55.314209
2017-11-06,16:15,41.4,27.4,57.3,0.0,NE@6.7,9.6,0.0,46,51.5,"Whitcomb (Whitcomb Island), Benton County",100125,Whitcomb,2020-06-01 01:03:55.314209
2017-11-06,16:30,40.0,27.5,60.7,0.0,NE@6.4,8.5,0.0,25,51.6,"Whitcomb (Whitcomb Island), Benton County",100125,Whitcomb,2020-06-01 01:03:55.314209
2017-11-06,16:45,38.5,27.5,64.4,0.0,NE@5.7,7.8,0.0,6,51.6,"Whitcomb (Whitcomb Island), Benton County",100125,Whitcomb,2020-06-01 01:03:55.314209
2017-11-06,17:00,38.0,27.2,64.7,0.0,NE@6.7,10.3,0.0,1,51.5,"Whitcomb (Whitcomb Island), Benton County",100125,Whitcomb,2020-06-01 01:03:55.314209
2017-11-06,17:15,37.6,26.6,64.2,0.0,NE@6.3,8.9,0.0,0,51.5,"Whitcomb (Whitcomb Island), Benton County",100125,Whitcomb,2020-06-01 01:03:55.314209
2017-11-06,17:30,36.9,26.5,65.8,0.0,NE@6.0,8.5,0.0,0,51.5,"Whitcomb (Whitcomb Island), Benton County",100125,Whitcomb,2020-06-01 01:03:55.314209
2017-11-06,17:45,36.3,26.2,66.5,0.0,NE@4.9,7.1,0.0,0,51.4,"Whitcomb (Whitcomb Island), Benton County",100125,Whitcomb,2020-06-01 01:03:55.314209
2017-11-06,18:00,36.2,26.1,66.7,0.0,NE@5.7,8.5,0.0,0,51.3,"Whitcomb (Whitcomb Island), Benton County",100125,Whitcomb,2020-06-01 01:03:55.314209
2017-11-06,18:15,36.0,26.0,66.7,0.0,NE@5.5,9.2,0.0,0,51.3,"Whitcomb (Whitcomb Island), Benton County",100125,Whitcomb,2020-06-01 01:03:55.314209
2017-11-06,18:30,36.2,26.1,66.5,0.0,NE@5.7,9.6,0.0,0,51.2,"Whitcomb (Whitcomb Island), Benton County",100125,Whitcomb,2020-06-01 01:03:55.314209
2017-11-06,18:45,36.0,26.4,67.8,0.0,NE@5.5,8.9,0.0,0,51.1,"Whitcomb (Whitcomb Island), Benton County",100125,Whitcomb,2020-06-01 01:03:55.314209
2017-11-06,19:00,33.9,26.5,74.1,0.0,E@5.2,9.6,0.0,0,50.9,"Whitcomb (Whitcomb Island), Benton County",100125,Whitcomb,2020-06-01 01:03:55.314209
2017-11-06,19:15,34.9,26.7,71.8,0.0,NE@5.2,8.2,0.0,0,50.8,"Whitcomb (Whitcomb Island), Benton County",100125,Whitcomb,2020-06-01 01:03:55.314209
2017-11-06,19:30,34.2,26.9,74.1,0.0,NE@4.6,7.8,0.0,0,50.7,"Whitcomb (Whitcomb Island), Benton County",100125,Whitcomb,2020-06-01 01:03:55.314209
2017-11-06,19:45,34.5,27.4,75.2,0.0,NE@5.9,8.9,0.0,0,50.6,"Whitcomb (Whitcomb Island), Benton County",100125,Whitcomb,2020-06-01 01:03:55.314209
2017-11-06,20:00,34.1,27.6,77.1,0.0,NE@5.1,8.2,0.0,0,50.5,"Whitcomb (Whitcomb Island), Benton County",100125,Whitcomb,2020-06-01 01:03:55.314209
2017-11-06,20:15,33.8,27.8,78.4,0.0,NE@4.3,6.0,0.0,0,50.4,"Whitcomb (Whitcomb Island), Benton County",100125,Whitcomb,2020-06-01 01:03:55.314209
2017-11-06,20:30,32.7,27.8,81.7,0.0,NE@3.0,5.7,0.01,0,50.2,"Whitcomb (Whitcomb Island), Benton County",100125,Whitcomb,2020-06-01 01:03:55.314209
2017-11-06,20:45,33.1,28.1,81.6,0.0,NW@1.7,2.8,0.04,0,50.1,"Whitcomb (Whitcomb Island), Benton County",100125,Whitcomb,2020-06-01 01:03:55.314209
2017-11-06,21:00,32.4,27.8,83.0,0.0,S@2.0,3.9,0.06,0,50.0,"Whitcomb (Whitcomb Island), Benton County",100125,Whitcomb,2020-06-01 01:03:55.314209
2017-11-06,21:15,32.2,27.4,82.2,0.0,NE@1.5,2.8,0.09,0,49.9,"Whitcomb (Whitcomb Island), Benton County",100125,Whitcomb,2020-06-01 01:03:55.314209
2017-11-06,21:30,31.2,27.5,86.9,0.0,N@3.5,4.9,0.12,0,49.7,"Whitcomb (Whitcomb Island), Benton County",100125,Whitcomb,2020-06-01 01:03:55.314209
2017-11-06,21:45,30.6,27.2,88.3,0.0,NE@3.6,4.9,0.1,0,49.6,"Whitcomb (Whitcomb Island), Benton County",100125,Whitcomb,2020-06-01 01:03:55.314209
2017-11-06,22:00,31.2,28.0,88.4,0.0,NE@3.6,4.9,0.08,0,49.5,"Whitcomb (Whitcomb Island), Benton County",100125,Whitcomb,2020-06-01 01:03:55.314209
2017-11-06,22:15,32.2,28.7,86.9,0.0,NE@3.5,4.9,0.06,0,49.3,"Whitcomb (Whitcomb Island), Benton County",100125,Whitcomb,2020-06-01 01:03:55.314209
2017-11-06,22:30,31.9,28.3,86.9,0.0,NE@3.7,4.9,0.05,0,49.2,"Whitcomb (Whitcomb Island), Benton County",100125,Whitcomb,2020-06-01 01:03:55.314209
2017-11-06,22:45,31.5,28.0,87.3,0.0,NE@3.7,4.6,0.05,0,49.0,"Whitcomb (Whitcomb Island), Benton County",100125,Whitcomb,2020-06-01 01:03:55.314209
2017-11-06,23:00,31.0,28.0,89.1,0.0,NE@2.8,3.9,0.1,0,48.9,"Whitcomb (Whitcomb Island), Benton County",100125,Whitcomb,2020-06-01 01:03:55.314209
2017-11-06,23:15,31.7,28.1,87.0,0.0,E@3.2,4.2,0.09,0,48.8,"Whitcomb (Whitcomb Island), Benton County",100125,Whitcomb,2020-06-01 01:03:55.314209
2017-11-06,23:30,31.3,27.7,87.3,0.0,NE@3.2,4.6,0.06,0,48.7,"Whitcomb (Whitcomb Island), Benton County",100125,Whitcomb,2020-06-01 01:03:55.314209
2017-11-06,23:45,30.5,27.0,87.7,0.0,NE@3.0,4.6,0.07,0,48.5,"Whitcomb (Whitcomb Island), Benton County",100125,Whitcomb,2020-06-01 01:03:55.314209
2017-11-06,24:00,30.0,26.8,89.1,0.0,NE@3.3,4.2,0.09,0,48.4,"Whitcomb (Whitcomb Island), Benton County",100125,Whitcomb,2020-06-01 01:03:55.314209
2017-11-07,00:15,30.2,26.8,88.5,0.0,NE@3.6,4.9,0.08,0,48.3,"Whitcomb (Whitcomb Island), Benton County",100125,Whitcomb,2020-06-01 01:03:55.314209
2017-11-07,00:30,29.5,26.0,88.4,0.0,NE@4.2,5.3,0.06,0,48.2,"Whitcomb (Whitcomb Island), Benton County",100125,Whitcomb,2020-06-01 01:03:55.314209
2017-11-07,00:45,29.1,26.3,91.1,0.0,N @3.9,4.6,0.09,0,48.0,"Whitcomb (Whitcomb Island), Benton County",100125,Whitcomb,2020-06-01 01:03:55.314209
2017-11-07,01:00,29.8,27.0,90.8,0.0,NE@3.4,4.6,0.13,0,47.9,"Whitcomb (Whitcomb Island), Benton County",100125,Whitcomb,2020-06-01 01:03:55.314209
2017-11-07,01:15,29.7,26.2,88.2,0.0,E@3.4,4.2,0.1,0,47.8,"Whitcomb (Whitcomb Island), Benton County",100125,Whitcomb,2020-06-01 01:03:55.314209
2017-11-07,01:30,30.0,26.9,89.3,0.0,E@3.9,4.6,0.1,0,47.7,"Whitcomb (Whitcomb Island), Benton County",100125,Whitcomb,2020-06-01 01:03:55.314209
2017-11-07,01:45,30.6,27.2,88.0,0.0,E@3.8,4.6,0.07,0,47.6,"Whitcomb (Whitcomb Island), Benton County",100125,Whitcomb,2020-06-01 01:03:55.314209
2017-11-07,02:00,30.7,29.1,94.6,0.0,E@3.5,5.7,0.19,0,47.5,"Whitcomb (Whitcomb Island), Benton County",100125,Whitcomb,2020-06-01 01:03:55.314209
2017-11-07,02:15,30.1,28.3,94.4,0.0,W@1.2,2.8,0.45,0,47.3,"Whitcomb (Whitcomb Island), Benton County",100125,Whitcomb,2020-06-01 01:03:55.314209
2017-11-07,02:30,30.4,29.6,98.4,0.0,NW@0.5,2.4,0.58,0,47.2,"Whitcomb (Whitcomb Island), Benton County",100125,Whitcomb,2020-06-01 01:03:55.314209
2017-11-07,02:45,29.5,27.5,94.1,0.0,NE@2.3,3.1,0.15,0,47.1,"Whitcomb (Whitcomb Island), Benton County",100125,Whitcomb,2020-06-01 01:03:55.314209
2017-11-07,03:00,28.8,26.1,91.4,0.0,N @4.1,7.1,0.16,0,47.0,"Whitcomb (Whitcomb Island), Benton County",100125,Whitcomb,2020-06-01 01:03:55.314209
2017-11-07,03:15,29.8,26.9,90.6,0.0,N @4.6,6.4,0.19,0,46.9,"Whitcomb (Whitcomb Island), Benton County",100125,Whitcomb,2020-06-01 01:03:55.314209
2017-11-07,03:30,30.2,27.0,89.3,0.0,N @4.6,6.4,0.2,0,46.8,"Whitcomb (Whitcomb Island), Benton County",100125,Whitcomb,2020-06-01 01:03:55.314209
2017-11-07,03:45,30.8,27.3,87.4,0.0,N @6.2,11.0,0.24,0,46.6,"Whitcomb (Whitcomb Island), Benton County",100125,Whitcomb,2020-06-01 01:03:55.314209
2017-11-07,04:00,31.4,27.5,86.2,0.0,N @6.7,10.7,0.23,0,46.5,"Whitcomb (Whitcomb Island), Benton County",100125,Whitcomb,2020-06-01 01:03:55.314209
2017-11-07,04:15,31.1,27.6,87.4,0.0,N @6.1,8.2,0.11,0,46.4,"Whitcomb (Whitcomb Island), Benton County",100125,Whitcomb,2020-06-01 01:03:55.314209
2017-11-07,04:30,31.0,27.6,87.7,0.0,N @6.0,9.2,0.05,0,46.3,"Whitcomb (Whitcomb Island), Benton County",100125,Whitcomb,2020-06-01 01:03:55.314209
2017-11-07,04:45,30.3,27.2,89.6,0.0,N @3.8,7.1,0.07,0,46.2,"Whitcomb (Whitcomb Island), Benton County",100125,Whitcomb,2020-06-01 01:03:55.314209
2017-11-07,05:00,28.9,26.1,91.4,0.0,NE@2.7,3.9,0.1,0,46.1,"Whitcomb (Whitcomb Island), Benton County",100125,Whitcomb,2020-06-01 01:03:55.314209
2017-11-07,05:15,29.3,26.8,92.0,0.0,NE@3.6,4.9,0.11,0,46.0,"Whitcomb (Whitcomb Island), Benton County",100125,Whitcomb,2020-06-01 01:03:55.314209
2017-11-07,05:30,30.4,27.2,89.2,0.0,NE@4.0,6.4,0.13,0,46.0,"Whitcomb (Whitcomb Island), Benton County",100125,Whitcomb,2020-06-01 01:03:55.314209
2017-11-07,05:45,29.5,26.0,88.2,0.0,E@4.8,7.1,0.08,0,45.9,"Whitcomb (Whitcomb Island), Benton County",100125,Whitcomb,2020-06-01 01:03:55.314209
2017-11-07,06:00,25.7,23.2,93.9,0.0,E@3.4,5.3,0.07,0,45.8,"Whitcomb (Whitcomb Island), Benton County",100125,Whitcomb,2020-06-01 01:03:55.314209
2017-11-07,06:15,25.1,23.1,96.2,0.0,E@3.4,4.9,0.06,0,45.7,"Whitcomb (Whitcomb Island), Benton County",100125,Whitcomb,2020-06-01 01:03:55.314209
2017-11-07,06:30,26.4,24.4,95.7,0.0,E@4.0,5.3,0.08,1,45.6,"Whitcomb (Whitcomb Island), Benton County",100125,Whitcomb,2020-06-01 01:03:55.314209
2017-11-07,06:45,27.7,25.4,93.4,0.0,E@4.2,5.3,0.1,9,45.6,"Whitcomb (Whitcomb Island), Benton County",100125,Whitcomb,2020-06-01 01:03:55.314209
2017-11-07,07:00,27.5,25.3,94.2,0.0,E@3.0,5.3,0.09,14,45.5,"Whitcomb (Whitcomb Island), Benton County",100125,Whitcomb,2020-06-01 01:03:55.314209
2017-11-07,07:15,28.4,26.3,94.2,0.0,E@3.1,4.2,0.11,27,45.4,"Whitcomb (Whitcomb Island), Benton County",100125,Whitcomb,2020-06-01 01:03:55.314209
2017-11-07,07:30,30.0,27.2,90.7,0.0,E@4.5,7.1,0.12,34,45.3,"Whitcomb (Whitcomb Island), Benton County",100125,Whitcomb,2020-06-01 01:03:55.314209
2017-11-07,07:45,29.7,27.2,91.8,0.0,E@3.8,5.7,0.07,52,45.2,"Whitcomb (Whitcomb Island), Benton County",100125,Whitcomb,2020-06-01 01:03:55.314209
2017-11-07,08:00,30.1,27.9,92.9,0.0,E@4.4,6.7,0.06,76,45.2,"Whitcomb (Whitcomb Island), Benton County",100125,Whitcomb,2020-06-01 01:03:55.314209
2017-11-07,08:15,31.6,29.3,91.6,0.0,E@4.7,10.7,0.03,105,45.1,"Whitcomb (Whitcomb Island), Benton County",100125,Whitcomb,2020-06-01 01:03:55.314209
2017-11-07,08:30,33.7,29.6,84.7,0.0,NE@7.8,11.4,0.0,144,45.1,"Whitcomb (Whitcomb Island), Benton County",100125,Whitcomb,2020-06-01 01:03:55.314209
2017-11-07,08:45,34.0,29.6,83.7,0.0,NE@8.4,12.4,0.0,143,45.0,"Whitcomb (Whitcomb Island), Benton County",100125,Whitcomb,2020-06-01 01:03:55.314209
2017-11-07,09:00,34.3,29.9,83.5,0.0,NE@7.1,11.4,0.0,164,45.0,"Whitcomb (Whitcomb Island), Benton County",100125,Whitcomb,2020-06-01 01:03:55.314209
2017-11-07,09:15,34.8,30.2,83.3,0.0,NE@5.7,8.2,0.0,188,45.0,"Whitcomb (Whitcomb Island), Benton County",100125,Whitcomb,2020-06-01 01:03:55.314209
2017-11-07,09:30,35.2,31.2,85.1,0.0,NE@5.1,9.6,0.0,203,45.0,"Whitcomb (Whitcomb Island), Benton County",100125,Whitcomb,2020-06-01 01:03:55.314209
2017-11-07,09:45,36.4,31.6,82.6,0.0,NE@4.2,7.1,0.0,289,45.0,"Whitcomb (Whitcomb Island), Benton County",100125,Whitcomb,2020-06-01 01:03:55.314209
2017-11-07,10:00,36.4,32.8,86.6,0.0,SE@3.9,6.7,0.0,268,45.0,"Whitcomb (Whitcomb Island), Benton County",100125,Whitcomb,2020-06-01 01:03:55.314209
2017-11-07,10:15,36.3,32.9,87.3,0.0,E@4.6,7.4,0.0,262,45.1,"Whitcomb (Whitcomb Island), Benton County",100125,Whitcomb,2020-06-01 01:03:55.314209
2017-11-07,10:30,36.6,32.8,86.2,0.0,E@4.4,6.4,0.0,234,45.1,"Whitcomb (Whitcomb Island), Benton County",100125,Whitcomb,2020-06-01 01:03:55.314209
2017-11-07,10:45,37.2,32.7,83.6,0.0,E@4.3,6.7,0.0,215,45.2,"Whitcomb (Whitcomb Island), Benton County",100125,Whitcomb,2020-06-01 01:03:55.314209
2017-11-07,11:00,38.4,31.0,74.4,0.0,NE@7.5,12.1,0.0,235,45.3,"Whitcomb (Whitcomb Island), Benton County",100125,Whitcomb,2020-06-01 01:03:55.314209
2017-11-07,11:15,38.8,30.9,72.9,0.0,NE@7.3,14.2,0.0,163,45.4,"Whitcomb (Whitcomb Island), Benton County",100125,Whitcomb,2020-06-01 01:03:55.314209
2017-11-07,11:30,39.0,30.1,70.1,0.0,NE@8.0,14.2,0.0,249,45.5,"Whitcomb (Whitcomb Island), Benton County",100125,Whitcomb,2020-06-01 01:03:55.314209
2017-11-07,11:45,39.3,29.2,66.9,0.0,NE@8.5,12.8,0.0,230,45.6,"Whitcomb (Whitcomb Island), Benton County",100125,Whitcomb,2020-06-01 01:03:55.314209
2017-11-07,12:00,39.7,29.5,66.3,0.0,NE@7.6,12.4,0.0,195,45.7,"Whitcomb (Whitcomb Island), Benton County",100125,Whitcomb,2020-06-01 01:03:55.314209
2017-11-07,12:15,39.7,29.4,66.1,0.0,NE@7.9,13.5,0.0,190,45.8,"Whitcomb (Whitcomb Island), Benton County",100125,Whitcomb,2020-06-01 01:03:55.314209
2017-11-07,12:30,39.9,29.5,65.9,0.0,NE@7.1,11.4,0.0,154,45.9,"Whitcomb (Whitcomb Island), Benton County",100125,Whitcomb,2020-06-01 01:03:55.314209
2017-11-07,12:45,39.7,29.7,67.0,0.0,NE@7.9,11.7,0.0,148,46.0,"Whitcomb (Whitcomb Island), Benton County",100125,Whitcomb,2020-06-01 01:03:55.314209
2017-11-07,13:00,39.9,29.7,66.5,0.0,N @8.7,12.4,0.0,157,46.1,"Whitcomb (Whitcomb Island), Benton County",100125,Whitcomb,2020-06-01 01:03:55.314209
2017-11-07,13:15,40.4,29.9,65.7,0.0,NE@9.4,13.5,0.0,217,46.3,"Whitcomb (Whitcomb Island), Benton County",100125,Whitcomb,2020-06-01 01:03:55.314209
2017-11-07,13:30,40.9,29.8,64.4,0.0,NE@10.3,14.6,0.0,236,46.4,"Whitcomb (Whitcomb Island), Benton County",100125,Whitcomb,2020-06-01 01:03:55.314209
2017-11-07,13:45,40.4,29.7,65.2,0.0,NE@9.5,13.2,0.0,151,46.5,"Whitcomb (Whitcomb Island), Benton County",100125,Whitcomb,2020-06-01 01:03:55.314209
2017-11-07,14:00,40.3,29.9,66.3,0.0,N @8.8,13.2,0.0,106,46.6,"Whitcomb (Whitcomb Island), Benton County",100125,Whitcomb,2020-06-01 01:03:55.314209
2017-11-07,14:15,39.9,29.7,66.6,0.0,N @8.5,12.8,0.0,83,46.6,"Whitcomb (Whitcomb Island), Benton County",100125,Whitcomb,2020-06-01 01:03:55.314209
2017-11-07,14:30,39.8,29.6,66.5,0.0,NE@9.2,13.5,0.0,75,46.7,"Whitcomb (Whitcomb Island), Benton County",100125,Whitcomb,2020-06-01 01:03:55.314209
2017-11-07,14:45,39.8,29.6,66.7,0.0,NE@9.0,13.5,0.0,71,46.8,"Whitcomb (Whitcomb Island), Benton County",100125,Whitcomb,2020-06-01 01:03:55.314209
2017-11-07,15:00,40.1,29.6,65.9,0.0,NE@8.6,12.4,0.0,111,46.9,"Whitcomb (Whitcomb Island), Benton County",100125,Whitcomb,2020-06-01 01:03:55.314209
2017-11-07,15:15,40.2,29.4,65.0,0.0,NE@8.7,12.4,0.0,135,46.9,"Whitcomb (Whitcomb Island), Benton County",100125,Whitcomb,2020-06-01 01:03:55.314209
2017-11-07,15:30,40.0,29.5,66.0,0.0,NE@8.9,14.6,0.0,91,47.0,"Whitcomb (Whitcomb Island), Benton County",100125,Whitcomb,2020-06-01 01:03:55.314209
2017-11-07,15:45,39.4,29.2,66.4,0.0,NE@9.5,13.2,0.0,40,47.1,"Whitcomb (Whitcomb Island), Benton County",100125,Whitcomb,2020-06-01 01:03:55.314209
2017-11-07,16:00,39.0,29.3,68.0,0.0,NE@8.5,13.2,0.0,21,47.1,"Whitcomb (Whitcomb Island), Benton County",100125,Whitcomb,2020-06-01 01:03:55.314209
2017-11-07,16:15,38.5,29.5,69.8,0.0,NE@8.8,12.8,0.0,13,47.1,"Whitcomb (Whitcomb Island), Benton County",100125,Whitcomb,2020-06-01 01:03:55.314209
2017-11-07,16:30,38.1,29.6,71.0,0.0,N @7.8,12.1,0.0,6,47.2,"Whitcomb (Whitcomb Island), Benton County",100125,Whitcomb,2020-06-01 01:03:55.314209
2017-11-07,16:45,37.8,29.3,71.1,0.0,N @8.8,13.5,0.0,2,47.2,"Whitcomb (Whitcomb Island), Benton County",100125,Whitcomb,2020-06-01 01:03:55.314209
2017-11-07,17:00,37.5,28.9,70.8,0.0,N @8.7,13.9,0.0,1,47.2,"Whitcomb (Whitcomb Island), Benton County",100125,Whitcomb,2020-06-01 01:03:55.314209
2017-11-07,17:15,37.5,28.8,70.5,0.0,NE@10.0,13.5,0.0,0,47.2,"Whitcomb (Whitcomb Island), Benton County",100125,Whitcomb,2020-06-01 01:03:55.314209
2017-11-07,17:30,37.6,28.4,69.2,0.0,NE@10.8,15.3,0.0,0,47.2,"Whitcomb (Whitcomb Island), Benton County",100125,Whitcomb,2020-06-01 01:03:55.314209
2017-11-07,17:45,37.4,28.4,69.5,0.0,N @9.9,17.5,0.0,0,47.2,"Whitcomb (Whitcomb Island), Benton County",100125,Whitcomb,2020-06-01 01:03:55.314209
2017-11-07,18:00,37.4,28.5,69.9,0.0,NE@9.4,14.2,0.0,0,47.2,"Whitcomb (Whitcomb Island), Benton County",100125,Whitcomb,2020-06-01 01:03:55.314209
2017-11-07,18:15,37.5,28.3,69.2,0.0,NE@9.4,14.2,0.0,0,47.2,"Whitcomb (Whitcomb Island), Benton County",100125,Whitcomb,2020-06-01 01:03:55.314209
2017-11-07,18:30,37.0,28.7,71.6,0.0,NE@6.3,10.7,0.0,0,47.2,"Whitcomb (Whitcomb Island), Benton County",100125,Whitcomb,2020-06-01 01:03:55.314209
2017-11-07,18:45,36.4,28.8,73.7,0.0,E@4.4,6.4,0.0,0,47.2,"Whitcomb (Whitcomb Island), Benton County",100125,Whitcomb,2020-06-01 01:03:55.314209
2017-11-07,19:00,36.5,29.1,74.3,0.0,NE@4.3,6.4,0.0,0,47.1,"Whitcomb (Whitcomb Island), Benton County",100125,Whitcomb,2020-06-01 01:03:55.314209
2017-11-07,19:15,36.2,29.5,76.5,0.0,NE@3.4,4.9,0.0,0,47.1,"Whitcomb (Whitcomb Island), Benton County",100125,Whitcomb,2020-06-01 01:03:55.314209
2017-11-07,19:30,35.8,29.8,78.7,0.0,NE@2.7,4.2,0.0,0,47.1,"Whitcomb (Whitcomb Island), Benton County",100125,Whitcomb,2020-06-01 01:03:55.314209
2017-11-07,19:45,35.6,30.2,80.5,0.0,E@2.1,3.5,0.0,0,47.1,"Whitcomb (Whitcomb Island), Benton County",100125,Whitcomb,2020-06-01 01:03:55.314209
2017-11-07,20:00,35.8,30.0,79.1,0.0,E@3.3,4.9,0.0,0,47.0,"Whitcomb (Whitcomb Island), Benton County",100125,Whitcomb,2020-06-01 01:03:55.314209
2017-11-07,20:15,36.0,29.9,78.2,0.0,E@3.4,6.0,0.0,0,47.0,"Whitcomb (Whitcomb Island), Benton County",100125,Whitcomb,2020-06-01 01:03:55.314209
2017-11-07,20:30,36.1,29.9,78.0,0.0,E@4.0,5.7,0.0,0,47.0,"Whitcomb (Whitcomb Island), Benton County",100125,Whitcomb,2020-06-01 01:03:55.314209
2017-11-07,20:45,36.4,30.0,77.1,0.0,E@4.9,7.1,0.0,0,46.9,"Whitcomb (Whitcomb Island), Benton County",100125,Whitcomb,2020-06-01 01:03:55.314209
2017-11-07,21:00,36.2,30.1,78.3,0.0,E@4.4,6.7,0.0,0,46.9,"Whitcomb (Whitcomb Island), Benton County",100125,Whitcomb,2020-06-01 01:03:55.314209
2017-11-07,21:15,35.8,30.3,80.1,0.0,E@4.0,5.3,0.0,0,46.9,"Whitcomb (Whitcomb Island), Benton County",100125,Whitcomb,2020-06-01 01:03:55.314209
2017-11-07,21:30,35.4,30.3,81.5,0.0,E@2.9,3.5,0.0,0,46.9,"Whitcomb (Whitcomb Island), Benton County",100125,Whitcomb,2020-06-01 01:03:55.314209
2017-11-07,21:45,35.3,30.3,81.7,0.0,NE@2.4,3.1,0.0,0,46.8,"Whitcomb (Whitcomb Island), Benton County",100125,Whitcomb,2020-06-01 01:03:55.314209
2017-11-07,22:00,35.6,30.4,81.0,0.0,NE@2.1,2.8,0.0,0,46.8,"Whitcomb (Whitcomb Island), Benton County",100125,Whitcomb,2020-06-01 01:03:55.314209
2017-11-07,22:15,35.8,30.8,82.0,0.0,E@2.7,3.9,0.0,0,46.8,"Whitcomb (Whitcomb Island), Benton County",100125,Whitcomb,2020-06-01 01:03:55.314209
2017-11-07,22:30,36.2,30.4,79.2,0.0,E@3.8,5.7,0.0,0,46.8,"Whitcomb (Whitcomb Island), Benton County",100125,Whitcomb,2020-06-01 01:03:55.314209
2017-11-07,22:45,36.5,30.0,76.9,0.0,E@4.6,6.7,0.0,0,46.7,"Whitcomb (Whitcomb Island), Benton County",100125,Whitcomb,2020-06-01 01:03:55.314209
2017-11-07,23:00,36.4,30.4,78.6,0.0,E@4.3,6.4,0.0,0,46.7,"Whitcomb (Whitcomb Island), Benton County",100125,Whitcomb,2020-06-01 01:03:55.314209
2017-11-07,23:15,36.8,29.9,75.6,0.0,NE@3.5,7.1,0.0,0,46.7,"Whitcomb (Whitcomb Island), Benton County",100125,Whitcomb,2020-06-01 01:03:55.314209
2017-11-07,23:30,36.4,30.2,77.9,0.0,N @1.7,2.4,0.0,0,46.7,"Whitcomb (Whitcomb Island), Benton County",100125,Whitcomb,2020-06-01 01:03:55.314209
2017-11-07,23:45,35.6,30.0,79.7,0.0,NW@1.7,3.5,0.0,0,46.6,"Whitcomb (Whitcomb Island), Benton County",100125,Whitcomb,2020-06-01 01:03:55.314209
2017-11-07,24:00,35.5,30.6,82.4,0.0,SE@2.2,3.5,0.0,0,46.6,"Whitcomb (Whitcomb Island), Benton County",100125,Whitcomb,2020-06-01 01:03:55.314209
2017-11-08,00:15,36.0,31.3,82.9,0.0,E@2.3,3.9,0.0,0,46.6,"Whitcomb (Whitcomb Island), Benton County",100125,Whitcomb,2020-06-01 01:03:55.314209
2017-11-08,00:30,35.8,33.1,89.6,0.0,E@3.1,4.9,0.01,0,46.6,"Whitcomb (Whitcomb Island), Benton County",100125,Whitcomb,2020-06-01 01:03:55.314209
2017-11-08,00:45,36.2,33.0,88.2,0.0,NE@3.3,4.2,0.01,0,46.6,"Whitcomb (Whitcomb Island), Benton County",100125,Whitcomb,2020-06-01 01:03:55.314209
2017-11-08,01:00,36.4,33.3,88.2,0.0,E@3.5,6.7,0.01,0,46.5,"Whitcomb (Whitcomb Island), Benton County",100125,Whitcomb,2020-06-01 01:03:55.314209
2017-11-08,01:15,35.9,32.8,88.4,0.0,NE@2.9,4.2,0.01,0,46.5,"Whitcomb (Whitcomb Island), Benton County",100125,Whitcomb,2020-06-01 01:03:55.314209
2017-11-08,01:30,35.3,32.1,87.7,0.0,E@2.8,4.2,0.01,0,46.5,"Whitcomb (Whitcomb Island), Benton County",100125,Whitcomb,2020-06-01 01:03:55.314209
2017-11-08,01:45,35.8,30.7,81.6,0.0,NE@2.8,4.9,0.0,0,46.5,"Whitcomb (Whitcomb Island), Benton County",100125,Whitcomb,2020-06-01 01:03:55.314209
2017-11-08,02:00,36.1,30.8,80.8,0.0,NE@3.4,5.7,0.0,0,46.5,"Whitcomb (Whitcomb Island), Benton County",100125,Whitcomb,2020-06-01 01:03:55.314209
2017-11-08,02:15,35.4,31.1,84.2,0.0,E@2.6,3.9,0.0,0,46.4,"Whitcomb (Whitcomb Island), Benton County",100125,Whitcomb,2020-06-01 01:03:55.314209
2017-11-08,02:30,35.1,31.2,85.4,0.0,SE@2.6,4.2,0.01,0,46.4,"Whitcomb (Whitcomb Island), Benton County",100125,Whitcomb,2020-06-01 01:03:55.314209
2017-11-08,02:45,34.8,31.1,86.3,0.0,E@3.9,5.7,0.0,0,46.4,"Whitcomb (Whitcomb Island), Benton County",100125,Whitcomb,2020-06-01 01:03:55.314209
2017-11-08,03:00,34.7,31.1,86.6,0.0,E@3.1,4.9,0.0,0,46.4,"Whitcomb (Whitcomb Island), Benton County",100125,Whitcomb,2020-06-01 01:03:55.314209
2017-11-08,03:15,34.6,30.3,84.0,0.0,E@2.8,4.6,0.01,0,46.3,"Whitcomb (Whitcomb Island), Benton County",100125,Whitcomb,2020-06-01 01:03:55.314209
2017-11-08,03:30,33.8,30.2,86.5,0.0,E@2.9,5.7,0.01,0,46.3,"Whitcomb (Whitcomb Island), Benton County",100125,Whitcomb,2020-06-01 01:03:55.314209
2017-11-08,03:45,34.3,30.5,85.9,0.0,E@3.4,5.3,0.0,0,46.3,"Whitcomb (Whitcomb Island), Benton County",100125,Whitcomb,2020-06-01 01:03:55.314209
2017-11-08,04:00,34.6,30.3,83.9,0.0,E@3.1,5.3,0.0,0,46.3,"Whitcomb (Whitcomb Island), Benton County",100125,Whitcomb,2020-06-01 01:03:55.314209
2017-11-08,04:15,34.3,30.2,84.8,0.0,E@3.2,6.4,0.0,0,46.2,"Whitcomb (Whitcomb Island), Benton County",100125,Whitcomb,2020-06-01 01:03:55.314209
2017-11-08,04:30,35.1,30.3,82.7,0.0,E@5.5,8.9,0.0,0,46.2,"Whitcomb (Whitcomb Island), Benton County",100125,Whitcomb,2020-06-01 01:03:55.314209
2017-11-08,04:45,35.2,29.9,81.0,0.0,E@3.4,5.3,0.0,0,46.2,"Whitcomb (Whitcomb Island), Benton County",100125,Whitcomb,2020-06-01 01:03:55.314209
2017-11-08,05:00,34.6,30.0,82.8,0.0,E@3.8,5.7,0.0,0,46.1,"Whitcomb (Whitcomb Island), Benton County",100125,Whitcomb,2020-06-01 01:03:55.314209
2017-11-08,05:15,34.4,30.3,84.9,0.0,NE@3.9,6.4,0.0,0,46.1,"Whitcomb (Whitcomb Island), Benton County",100125,Whitcomb,2020-06-01 01:03:55.314209
2017-11-08,05:30,34.2,30.2,85.1,0.0,E@4.7,7.4,0.0,0,46.1,"Whitcomb (Whitcomb Island), Benton County",100125,Whitcomb,2020-06-01 01:03:55.314209
2017-11-08,05:45,34.3,30.3,84.9,0.0,NE@2.6,5.3,0.0,0,46.1,"Whitcomb (Whitcomb Island), Benton County",100125,Whitcomb,2020-06-01 01:03:55.314209
2017-11-08,06:00,35.4,30.4,81.8,0.0,NE@4.7,8.2,0.0,0,46.0,"Whitcomb (Whitcomb Island), Benton County",100125,Whitcomb,2020-06-01 01:03:55.314209
2017-11-08,06:15,36.3,30.6,79.6,0.0,NE@5.4,8.2,0.0,0,46.0,"Whitcomb (Whitcomb Island), Benton County",100125,Whitcomb,2020-06-01 01:03:55.314209
2017-11-08,06:30,36.1,30.4,79.5,0.0,N @2.9,5.3,0.0,0,46.0,"Whitcomb (Whitcomb Island), Benton County",100125,Whitcomb,2020-06-01 01:03:55.314209
2017-11-08,06:45,35.4,30.6,82.5,0.0,NE@4.0,6.0,0.0,1,45.9,"Whitcomb (Whitcomb Island), Benton County",100125,Whitcomb,2020-06-01 01:03:55.314209
2017-11-08,07:00,35.4,30.5,82.2,0.0,NE@3.7,5.3,0.0,2,45.9,"Whitcomb (Whitcomb Island), Benton County",100125,Whitcomb,2020-06-01 01:03:55.314209
2017-11-08,07:15,35.9,30.8,81.6,0.0,NE@2.6,5.3,0.0,7,45.9,"Whitcomb (Whitcomb Island), Benton County",100125,Whitcomb,2020-06-01 01:03:55.314209
2017-11-08,07:30,36.3,30.8,80.0,0.0,NE@3.3,5.7,0.0,12,45.8,"Whitcomb (Whitcomb Island), Benton County",100125,Whitcomb,2020-06-01 01:03:55.314209
2017-11-08,07:45,36.5,31.0,80.2,0.0,NE@4.4,6.4,0.0,42,45.8,"Whitcomb (Whitcomb Island), Benton County",100125,Whitcomb,2020-06-01 01:03:55.314209
2017-11-08,08:00,37.4,31.3,78.1,0.0,NE@5.3,7.1,0.0,46,45.8,"Whitcomb (Whitcomb Island), Benton County",100125,Whitcomb,2020-06-01 01:03:55.314209
2017-11-08,08:15,38.1,32.5,80.1,0.0,E@3.7,6.7,0.0,63,45.8,"Whitcomb (Whitcomb Island), Benton County",100125,Whitcomb,2020-06-01 01:03:55.314209
2017-11-08,08:30,39.0,33.7,81.1,0.0,E@4.0,6.0,0.0,86,45.8,"Whitcomb (Whitcomb Island), Benton County",100125,Whitcomb,2020-06-01 01:03:55.314209
2017-11-08,08:45,39.5,33.6,79.3,0.0,E@4.4,6.7,0.0,127,45.8,"Whitcomb (Whitcomb Island), Benton County",100125,Whitcomb,2020-06-01 01:03:55.314209
2017-11-08,09:00,39.5,33.2,77.8,0.0,E@4.7,6.7,0.0,118,45.8,"Whitcomb (Whitcomb Island), Benton County",100125,Whitcomb,2020-06-01 01:03:55.314209
2017-11-08,09:15,39.1,32.7,77.6,0.0,SE@4.2,6.7,0.0,93,45.8,"Whitcomb (Whitcomb Island), Benton County",100125,Whitcomb,2020-06-01 01:03:55.314209
2017-11-08,09:30,39.6,32.5,75.3,0.0,E@4.8,6.7,0.0,122,45.8,"Whitcomb (Whitcomb Island), Benton County",100125,Whitcomb,2020-06-01 01:03:55.314209
2017-11-08,09:45,40.1,32.4,73.7,0.0,E@4.5,6.4,0.0,146,45.8,"Whitcomb (Whitcomb Island), Benton County",100125,Whitcomb,2020-06-01 01:03:55.314209
2017-11-08,10:00,40.5,32.5,72.9,0.0,E@4.3,6.4,0.0,137,45.9,"Whitcomb (Whitcomb Island), Benton County",100125,Whitcomb,2020-06-01 01:03:55.314209
2017-11-08,10:15,41.2,32.7,71.5,0.0,E@3.0,4.6,0.0,142,45.9,"Whitcomb (Whitcomb Island), Benton County",100125,Whitcomb,2020-06-01 01:03:55.314209
2017-11-08,10:30,42.1,32.2,67.8,0.0,NE@3.2,6.0,0.0,181,46.0,"Whitcomb (Whitcomb Island), Benton County",100125,Whitcomb,2020-06-01 01:03:55.314209
2017-11-08,10:45,43.7,30.6,59.5,0.0,N @7.3,11.4,0.0,192,46.1,"Whitcomb (Whitcomb Island), Benton County",100125,Whitcomb,2020-06-01 01:03:55.314209
2017-11-08,11:00,44.3,30.5,58.2,0.0,NE@7.6,11.0,0.0,207,46.2,"Whitcomb (Whitcomb Island), Benton County",100125,Whitcomb,2020-06-01 01:03:55.314209
2017-11-08,11:15,44.9,30.0,55.6,0.0,NE@6.5,9.9,0.0,195,46.3,"Whitcomb (Whitcomb Island), Benton County",100125,Whitcomb,2020-06-01 01:03:55.314209
2017-11-08,11:30,45.3,29.1,52.9,0.0,N @7.9,12.8,0.0,193,46.4,"Whitcomb (Whitcomb Island), Benton County",100125,Whitcomb,2020-06-01 01:03:55.314209
2017-11-08,11:45,45.6,29.5,53.2,0.0,NE@7.7,11.7,0.0,228,46.5,"Whitcomb (Whitcomb Island), Benton County",100125,Whitcomb,2020-06-01 01:03:55.314209
2017-11-08,12:00,45.6,30.0,54.0,0.0,NE@8.6,13.2,0.0,225,46.6,"Whitcomb (Whitcomb Island), Benton County",100125,Whitcomb,2020-06-01 01:03:55.314209
2017-11-08,12:15,45.3,30.0,54.8,0.0,NE@8.4,13.9,0.0,190,46.7,"Whitcomb (Whitcomb Island), Benton County",100125,Whitcomb,2020-06-01 01:03:55.314209
2017-11-08,12:30,45.6,30.2,54.6,0.0,NE@8.6,15.0,0.0,195,46.8,"Whitcomb (Whitcomb Island), Benton County",100125,Whitcomb,2020-06-01 01:03:55.314209
2017-11-08,12:45,46.1,30.6,54.5,0.0,NE@9.7,13.5,0.0,242,47.0,"Whitcomb (Whitcomb Island), Benton County",100125,Whitcomb,2020-06-01 01:03:55.314209
2017-11-08,13:00,45.9,30.4,54.3,0.0,NE@10.5,15.7,0.0,194,47.1,"Whitcomb (Whitcomb Island), Benton County",100125,Whitcomb,2020-06-01 01:03:55.314209
2017-11-08,13:15,45.7,30.0,54.0,0.0,NE@11.9,17.1,0.0,147,47.2,"Whitcomb (Whitcomb Island), Benton County",100125,Whitcomb,2020-06-01 01:03:55.314209
2017-11-08,13:30,45.8,30.0,53.7,0.0,NE@12.4,17.5,0.0,135,47.3,"Whitcomb (Whitcomb Island), Benton County",100125,Whitcomb,2020-06-01 01:03:55.314209
2017-11-08,13:45,46.0,30.2,53.6,0.0,NE@11.3,18.5,0.0,145,47.5,"Whitcomb (Whitcomb Island), Benton County",100125,Whitcomb,2020-06-01 01:03:55.314209
2017-11-08,14:00,46.1,30.3,53.9,0.0,NE@11.5,15.7,0.0,132,47.6,"Whitcomb (Whitcomb Island), Benton County",100125,Whitcomb,2020-06-01 01:03:55.314209
2017-11-08,14:15,46.1,30.1,53.4,0.0,NE@12.7,18.2,0.0,144,47.7,"Whitcomb (Whitcomb Island), Benton County",100125,Whitcomb,2020-06-01 01:03:55.314209
2017-11-08,14:30,46.0,30.2,53.7,0.0,NE@12.1,18.2,0.0,115,47.8,"Whitcomb (Whitcomb Island), Benton County",100125,Whitcomb,2020-06-01 01:03:55.314209
2017-11-08,14:45,45.7,30.0,54.1,0.0,NE@11.6,17.1,0.0,73,47.9,"Whitcomb (Whitcomb Island), Benton County",100125,Whitcomb,2020-06-01 01:03:55.314209
2017-11-08,15:00,45.4,30.1,54.8,0.0,NE@10.4,16.0,0.0,46,48.0,"Whitcomb (Whitcomb Island), Benton County",100125,Whitcomb,2020-06-01 01:03:55.314209
2017-11-08,15:15,45.1,30.0,55.1,0.0,NE@10.4,15.0,0.0,26,48.0,"Whitcomb (Whitcomb Island), Benton County",100125,Whitcomb,2020-06-01 01:03:55.314209
2017-11-08,15:30,45.0,29.9,55.2,0.0,NE@9.5,14.2,0.0,20,48.1,"Whitcomb (Whitcomb Island), Benton County",100125,Whitcomb,2020-06-01 01:03:55.314209
2017-11-08,15:45,45.0,30.3,56.0,0.0,N @6.6,11.4,0.0,10,48.2,"Whitcomb (Whitcomb Island), Benton County",100125,Whitcomb,2020-06-01 01:03:55.314209
2017-11-08,16:00,45.1,30.3,56.0,0.0,N @7.0,9.9,0.0,4,48.2,"Whitcomb (Whitcomb Island), Benton County",100125,Whitcomb,2020-06-01 01:03:55.314209
2017-11-08,16:15,45.2,30.5,56.2,0.0,N @4.6,6.7,0.14,2,48.3,"Whitcomb (Whitcomb Island), Benton County",100125,Whitcomb,2020-06-01 01:03:55.314209
2017-11-08,16:30,44.4,32.8,63.5,0.0,N@4.9,9.2,0.89,2,48.3,"Whitcomb (Whitcomb Island), Benton County",100125,Whitcomb,2020-06-01 01:03:55.314209
2017-11-08,16:45,43.5,34.4,70.0,0.01,N @4.8,8.5,1.0,0,48.4,"Whitcomb (Whitcomb Island), Benton County",100125,Whitcomb,2020-06-01 01:03:55.314209
2017-11-08,17:00,43.0,34.8,72.7,0.02,NW@5.3,8.5,1.0,0,48.4,"Whitcomb (Whitcomb Island), Benton County",100125,Whitcomb,2020-06-01 01:03:55.314209
2017-11-08,17:15,41.7,36.1,80.5,0.03,N@6.7,11.0,0.99,0,48.4,"Whitcomb (Whitcomb Island), Benton County",100125,Whitcomb,2020-06-01 01:03:55.314209
2017-11-08,17:30,41.5,36.3,81.4,0.0,N@7.4,12.4,1.0,0,48.4,"Whitcomb (Whitcomb Island), Benton County",100125,Whitcomb,2020-06-01 01:03:55.314209
2017-11-08,17:45,41.1,36.6,84.0,0.01,N@8.3,13.5,1.0,0,48.4,"Whitcomb (Whitcomb Island), Benton County",100125,Whitcomb,2020-06-01 01:03:55.314209
2017-11-08,18:00,40.7,37.5,88.2,0.0,N@6.2,10.7,1.0,0,48.4,"Whitcomb (Whitcomb Island), Benton County",100125,Whitcomb,2020-06-01 01:03:55.314209
2017-11-08,18:15,40.6,37.7,89.3,0.0,N@6.9,10.3,1.0,0,48.4,"Whitcomb (Whitcomb Island), Benton County",100125,Whitcomb,2020-06-01 01:03:55.314209
2017-11-08,18:30,40.5,37.6,89.1,0.0,N @7.1,10.7,1.0,0,48.4,"Whitcomb (Whitcomb Island), Benton County",100125,Whitcomb,2020-06-01 01:03:55.314209
2017-11-08,18:45,40.4,37.8,90.3,0.0,NE@5.0,9.9,1.0,0,48.4,"Whitcomb (Whitcomb Island), Benton County",100125,Whitcomb,2020-06-01 01:03:55.314209
2017-11-08,19:00,40.2,38.2,92.5,0.0,NE@5.1,7.8,1.0,0,48.4,"Whitcomb (Whitcomb Island), Benton County",100125,Whitcomb,2020-06-01 01:03:55.314209
2017-11-08,19:15,40.3,37.9,91.0,0.0,N @6.5,9.6,1.0,0,48.4,"Whitcomb (Whitcomb Island), Benton County",100125,Whitcomb,2020-06-01 01:03:55.314209
2017-11-08,19:30,40.2,38.4,93.2,0.0,NE@5.3,8.5,1.0,0,48.4,"Whitcomb (Whitcomb Island), Benton County",100125,Whitcomb,2020-06-01 01:03:55.314209
2017-11-08,19:45,40.8,38.6,91.8,0.0,N @7.0,10.3,1.0,0,48.3,"Whitcomb (Whitcomb Island), Benton County",100125,Whitcomb,2020-06-01 01:03:55.314209
2017-11-08,20:00,40.4,39.3,95.6,0.02,N @6.8,9.2,0.97,0,48.3,"Whitcomb (Whitcomb Island), Benton County",100125,Whitcomb,2020-06-01 01:03:55.314209
2017-11-08,20:15,40.5,39.4,96.0,0.01,NE@6.7,9.9,0.99,0,48.3,"Whitcomb (Whitcomb Island), Benton County",100125,Whitcomb,2020-06-01 01:03:55.314209
2017-11-08,20:30,40.6,39.3,95.0,0.0,NE@6.1,9.6,1.0,0,48.2,"Whitcomb (Whitcomb Island), Benton County",100125,Whitcomb,2020-06-01 01:03:55.314209
2017-11-08,20:45,40.6,39.2,95.0,0.02,NE@6.3,9.6,1.0,0,48.2,"Whitcomb (Whitcomb Island), Benton County",100125,Whitcomb,2020-06-01 01:03:55.314209
2017-11-08,21:00,40.6,39.4,95.5,0.0,NE@5.6,8.5,1.0,0,48.2,"Whitcomb (Whitcomb Island), Benton County",100125,Whitcomb,2020-06-01 01:03:55.314209
2017-11-08,21:15,40.3,39.4,96.7,0.0,NE@4.7,7.1,1.0,0,48.2,"Whitcomb (Whitcomb Island), Benton County",100125,Whitcomb,2020-06-01 01:03:55.314209
2017-11-08,21:30,40.1,39.6,98.2,0.0,N @4.6,7.8,1.0,0,48.1,"Whitcomb (Whitcomb Island), Benton County",100125,Whitcomb,2020-06-01 01:03:55.314209
2017-11-08,21:45,40.1,39.5,97.8,0.01,NE@3.4,6.7,1.0,0,48.1,"Whitcomb (Whitcomb Island), Benton County",100125,Whitcomb,2020-06-01 01:03:55.314209
2017-11-08,22:00,39.9,38.7,95.2,0.0,N@6.6,14.2,1.0,0,48.1,"Whitcomb (Whitcomb Island), Benton County",100125,Whitcomb,2020-06-01 01:03:55.314209
2017-11-08,22:15,39.7,38.2,94.3,0.0,N@10.9,17.1,1.0,0,48.0,"Whitcomb (Whitcomb Island), Benton County",100125,Whitcomb,2020-06-01 01:03:55.314209
2017-11-08,22:30,39.6,38.0,94.1,0.0,N@10.4,16.0,1.0,0,48.0,"Whitcomb (Whitcomb Island), Benton County",100125,Whitcomb,2020-06-01 01:03:55.314209
2017-11-08,22:45,39.6,38.1,94.4,0.0,N@11.1,16.4,1.0,0,48.0,"Whitcomb (Whitcomb Island), Benton County",100125,Whitcomb,2020-06-01 01:03:55.314209
2017-11-08,23:00,39.9,38.0,93.1,0.0,N@10.1,14.6,1.0,0,47.9,"Whitcomb (Whitcomb Island), Benton County",100125,Whitcomb,2020-06-01 01:03:55.314209
